Programa;Episódio;Título;Convidado;YouTube;Canva (edição);Página Canva;Drive (ver);Drive (download);Download direto (PNG);Arquivo
Anima Podcast;#1;Crise de ansiedade: como controlar?;João Marcos Ferreira;https://youtu.be/Ztv9iBN5TLM;https://www.canva.com/design/DAHT5YKM5yA/edit?page=4;4;https://drive.google.com/file/d/1kDHOTd2ks_LN93IEckG2iFB87GkACrVW/view;https://drive.google.com/uc?export=download&id=1kDHOTd2ks_LN93IEckG2iFB87GkACrVW;https://audiovisual-anima.github.io/thumbs-anima/anima-podcast/png/%231%20-%20Jo%C3%A3o%20Marcos%20Ferreira.png;#1 - João Marcos Ferreira.png
Anima Podcast;#2;Vida corrida x saúde mental;Ana Beatriz Barbosa;https://youtu.be/MO3rG5BBGH8;https://www.canva.com/design/DAHT5YKM5yA/edit?page=3;3;https://drive.google.com/file/d/1sJUehaIcI7f4RxTuBuffWQDqEMGNqtSS/view;https://drive.google.com/uc?export=download&id=1sJUehaIcI7f4RxTuBuffWQDqEMGNqtSS;https://audiovisual-anima.github.io/thumbs-anima/anima-podcast/png/%232%20-%20Ana%20Beatriz%20Barbosa.png;#2 - Ana Beatriz Barbosa.png
Anima Podcast;#3;Não desista da maternidade;Talita Melo;https://youtu.be/c_ea3-0Uwxo;https://www.canva.com/design/DAHT5YKM5yA/edit?page=2;2;https://drive.google.com/file/d/1OQ_vH8qnQLRmYbtv2tGU7VvmYNe5IlM6/view;https://drive.google.com/uc?export=download&id=1OQ_vH8qnQLRmYbtv2tGU7VvmYNe5IlM6;https://audiovisual-anima.github.io/thumbs-anima/anima-podcast/png/%233%20-%20Talita%20Melo.png;#3 - Talita Melo.png
Anima Podcast;#4;Como funciona o cérebro com TDAH;Alex Rocha;https://youtu.be/3i3jjUkiMSU;https://www.canva.com/design/DAHT5YKM5yA/edit?page=1;1;https://drive.google.com/file/d/13XWgJBS3GR-UJ6D4E8vzqS0E7WeF65Pi/view;https://drive.google.com/uc?export=download&id=13XWgJBS3GR-UJ6D4E8vzqS0E7WeF65Pi;https://audiovisual-anima.github.io/thumbs-anima/anima-podcast/png/%234%20-%20Alex%20Rocha.png;#4 - Alex Rocha.png
Anima Podcast;#5;O perigo da alfabetização precoce;João Lucas;https://youtu.be/dgmgi4nrOAQ;https://www.canva.com/design/DAHT5NXToGQ/edit?page=25;25;https://drive.google.com/file/d/1yccG5F2vQYDnlo6PkupJa0zwoUuFk9i8/view;https://drive.google.com/uc?export=download&id=1yccG5F2vQYDnlo6PkupJa0zwoUuFk9i8;https://audiovisual-anima.github.io/thumbs-anima/anima-podcast/png/%235%20-%20Jo%C3%A3o%20Lucas.png;#5 - João Lucas.png
Anima Podcast;#6;É doença ou falta de ferro?;Tuane Villela;https://youtu.be/BIOxZ_ZkYHU;https://www.canva.com/design/DAHT5NXToGQ/edit?page=24;24;https://drive.google.com/file/d/1lc0xNy5R0qGJuqKafJDiPXc2cgiUZP3k/view;https://drive.google.com/uc?export=download&id=1lc0xNy5R0qGJuqKafJDiPXc2cgiUZP3k;https://audiovisual-anima.github.io/thumbs-anima/anima-podcast/png/%236%20-%20Tuane%20Villela.png;#6 - Tuane Villela.png
Anima Podcast;#7;Autismo, TDAH ou mutismo seletivo?;Natasha Ganem;https://youtu.be/nwgBRODgZ4c;https://www.canva.com/design/DAHT5IrBs84/edit?page=25;25;https://drive.google.com/file/d/1BcG_WeNZC_JNqI9NgoT6FElbCXzwcHXo/view;https://drive.google.com/uc?export=download&id=1BcG_WeNZC_JNqI9NgoT6FElbCXzwcHXo;https://audiovisual-anima.github.io/thumbs-anima/anima-podcast/png/%237%20-%20Natasha%20Ganem.png;#7 - Natasha Ganem.png
Anima Podcast;#8;Maternidade atípica;Andressa Du Costa;https://youtu.be/I7dy9F2Beds;https://www.canva.com/design/DAHT5IrBs84/edit?page=24;24;https://drive.google.com/file/d/1KTFZ_IRAK2mb96KvxWzKjkm6Ea8Dbj8F/view;https://drive.google.com/uc?export=download&id=1KTFZ_IRAK2mb96KvxWzKjkm6Ea8Dbj8F;https://audiovisual-anima.github.io/thumbs-anima/anima-podcast/png/%238%20-%20Andressa%20Du%20Costa.png;#8 - Andressa Du Costa.png
Anima Podcast;#9;Posicionamento digital na saúde;Camila Nardi;https://youtu.be/lXhQIMzq6yw;https://www.canva.com/design/DAHT5IrBs84/edit?page=23;23;https://drive.google.com/file/d/1iTxWT3SkrdPlxeO99jPR24JDXmE0oNM5/view;https://drive.google.com/uc?export=download&id=1iTxWT3SkrdPlxeO99jPR24JDXmE0oNM5;https://audiovisual-anima.github.io/thumbs-anima/anima-podcast/png/%239%20-%20Camila%20Nardi.png;#9 - Camila Nardi.png
Anima Podcast;#10;Autismo feminino: o lado invisível;Elizangila Leite;https://youtu.be/bOHFBihZ9TQ;https://www.canva.com/design/DAHT5IrBs84/edit?page=22;22;https://drive.google.com/file/d/1kEX_PIvD5_5rb6ioJ08uMwzgXJ8Z1rrf/view;https://drive.google.com/uc?export=download&id=1kEX_PIvD5_5rb6ioJ08uMwzgXJ8Z1rrf;https://audiovisual-anima.github.io/thumbs-anima/anima-podcast/png/%2310%20-%20Elizangila%20Leite.png;#10 - Elizangila Leite.png
Anima Podcast;#11;Superdotação: a verdade escondida;Olzeni Ribeiro;https://youtu.be/5wryP9sMybM;https://www.canva.com/design/DAHT5NXToGQ/edit?page=23;23;https://drive.google.com/file/d/1C9ZTnBRG29rntEajMqVUvbx4T0zaTcge/view;https://drive.google.com/uc?export=download&id=1C9ZTnBRG29rntEajMqVUvbx4T0zaTcge;https://audiovisual-anima.github.io/thumbs-anima/anima-podcast/png/%2311%20-%20Olzeni%20Ribeiro.png;#11 - Olzeni Ribeiro.png
Anima Podcast;#12;Como educar crianças autistas;Mariana Vilas Boas;https://youtu.be/K5YHndQPkNs;https://www.canva.com/design/DAHT5NXToGQ/edit?page=22;22;https://drive.google.com/file/d/1HHK-x0EEurakA5Yk-7FyxcaLYKjD9wdU/view;https://drive.google.com/uc?export=download&id=1HHK-x0EEurakA5Yk-7FyxcaLYKjD9wdU;https://audiovisual-anima.github.io/thumbs-anima/anima-podcast/png/%2312%20-%20Mariana%20Vilas%20Boas.png;#12 - Mariana Vilas Boas.png
Anima Podcast;#13;A verdade sobre o emagrecimento;Tamiris Rachid;https://youtu.be/tSR6v05_DEs;https://www.canva.com/design/DAHT5NXToGQ/edit?page=21;21;https://drive.google.com/file/d/1khfe_OluWFgfU94bnI1cZhHu-xIUkR0G/view;https://drive.google.com/uc?export=download&id=1khfe_OluWFgfU94bnI1cZhHu-xIUkR0G;https://audiovisual-anima.github.io/thumbs-anima/anima-podcast/png/%2313%20-%20Tamiris%20Rachid.png;#13 - Tamiris Rachid.png
Anima Podcast;#14;Fé e ciência: o método Billings;Pâmela Schitine;https://youtu.be/4CNFTmkOqeE;https://www.canva.com/design/DAHT5IrBs84/edit?page=21;21;https://drive.google.com/file/d/1yO4vjiKLu7LrrQcJe56B9rqkJ_UJjx_U/view;https://drive.google.com/uc?export=download&id=1yO4vjiKLu7LrrQcJe56B9rqkJ_UJjx_U;https://audiovisual-anima.github.io/thumbs-anima/anima-podcast/png/%2314%20-%20P%C3%A2mela%20Schitine.png;#14 - Pâmela Schitine.png
Anima Podcast;#15;A batalha da dor crônica;Flávia Nascimento;https://youtu.be/OHGcc5-DRpU;https://www.canva.com/design/DAHT5NXToGQ/edit?page=20;20;https://drive.google.com/file/d/1RMKG6Jqx8CoLBzaUKuN0RbGddZJCKEsM/view;https://drive.google.com/uc?export=download&id=1RMKG6Jqx8CoLBzaUKuN0RbGddZJCKEsM;https://audiovisual-anima.github.io/thumbs-anima/anima-podcast/png/%2315%20-%20Fl%C3%A1via%20Nascimento.png;#15 - Flávia Nascimento.png
Anima Podcast;#16;Medicina e espiritualidade;Bruno Farnetano;https://youtu.be/wZPNFANzgsI;https://www.canva.com/design/DAHT5NXToGQ/edit?page=19;19;https://drive.google.com/file/d/1s3hDGFvLPjRdtFtY4ookpu1Y8PlvAi_b/view;https://drive.google.com/uc?export=download&id=1s3hDGFvLPjRdtFtY4ookpu1Y8PlvAi_b;https://audiovisual-anima.github.io/thumbs-anima/anima-podcast/png/%2316%20-%20Bruno%20Farnetano.png;#16 - Bruno Farnetano.png
Anima Podcast;#17;Como os hormônios afetam você;Diogo Viana;https://youtu.be/03i7XWQSx74;https://www.canva.com/design/DAHT5NXToGQ/edit?page=18;18;https://drive.google.com/file/d/1z9_8I-IasU64KTv5zzdPYJVixHRvFthM/view;https://drive.google.com/uc?export=download&id=1z9_8I-IasU64KTv5zzdPYJVixHRvFthM;https://audiovisual-anima.github.io/thumbs-anima/anima-podcast/png/%2317%20-%20Diogo%20Viana.png;#17 - Diogo Viana.png
Anima Podcast;#18;Emagrecer só com cirurgia?;Cris Alberti;https://youtu.be/bzvtsxcB2N4;https://www.canva.com/design/DAHT5IrBs84/edit?page=20;20;https://drive.google.com/file/d/1vT0qWzpZZ7kvFetqhwie_O7ragYbSmOu/view;https://drive.google.com/uc?export=download&id=1vT0qWzpZZ7kvFetqhwie_O7ragYbSmOu;https://audiovisual-anima.github.io/thumbs-anima/anima-podcast/png/%2318%20-%20Cris%20Alberti.png;#18 - Cris Alberti.png
Anima Podcast;#19;Aumente a fertilidade de forma natural;Eduardo Honorato;https://youtu.be/NemdB5yDfO4;https://www.canva.com/design/DAHT5NXToGQ/edit?page=17;17;https://drive.google.com/file/d/1pM5GJbzvnprVOzXHJ-G9yYYi7mBzyOuk/view;https://drive.google.com/uc?export=download&id=1pM5GJbzvnprVOzXHJ-G9yYYi7mBzyOuk;https://audiovisual-anima.github.io/thumbs-anima/anima-podcast/png/%2319%20-%20Eduardo%20Honorato.png;#19 - Eduardo Honorato.png
Anima Podcast;#20;A verdade sobre a maternidade;Bianca Quevedo;https://youtu.be/NTvwq18J82M;https://www.canva.com/design/DAHT5NXToGQ/edit?page=16;16;https://drive.google.com/file/d/1S2X-or4I0eXxGZ4t-9XpwwaOQeSKRfEW/view;https://drive.google.com/uc?export=download&id=1S2X-or4I0eXxGZ4t-9XpwwaOQeSKRfEW;https://audiovisual-anima.github.io/thumbs-anima/anima-podcast/png/%2320%20-%20Bianca%20Quevedo.png;#20 - Bianca Quevedo.png
Anima Podcast;#21;Saúde pélvica: cuidados e terapias;Michelle Paixão;https://youtu.be/9OhtwcpKhqY;https://www.canva.com/design/DAHT5NXToGQ/edit?page=15;15;https://drive.google.com/file/d/1xC-THkbkfbbGkhGjsCddnVMy_0vJFUTv/view;https://drive.google.com/uc?export=download&id=1xC-THkbkfbbGkhGjsCddnVMy_0vJFUTv;https://audiovisual-anima.github.io/thumbs-anima/anima-podcast/png/%2321%20-%20Michelle%20Paix%C3%A3o.png;#21 - Michelle Paixão.png
Anima Podcast;#22;A saúde segundo Santa Hildegarda;Priscila Antunes;https://youtu.be/gOBVOrjqcW8;https://www.canva.com/design/DAHT5NXToGQ/edit?page=14;14;https://drive.google.com/file/d/1Yp0AGPkk1G_rGjS4nXgOxea8OXez-nRk/view;https://drive.google.com/uc?export=download&id=1Yp0AGPkk1G_rGjS4nXgOxea8OXez-nRk;https://audiovisual-anima.github.io/thumbs-anima/anima-podcast/png/%2322%20-%20Priscila%20Antunes.png;#22 - Priscila Antunes.png
Anima Podcast;#23;Desfralde tardio e doenças;Aureanne Villacorta;https://youtu.be/4viMm6EdCSE;https://www.canva.com/design/DAHT5IrBs84/edit?page=19;19;https://drive.google.com/file/d/17A1mVFHoAw97GU-I3s8pUDfbWYgygBtl/view;https://drive.google.com/uc?export=download&id=17A1mVFHoAw97GU-I3s8pUDfbWYgygBtl;https://audiovisual-anima.github.io/thumbs-anima/anima-podcast/png/%2323%20-%20Aureanne%20Villacorta.png;#23 - Aureanne Villacorta.png
Anima Podcast;#24;Fertilidade feminina sem mistérios;Filipe Duarte;https://youtu.be/N4ypltLGvm4;https://www.canva.com/design/DAHT5IrBs84/edit?page=18;18;https://drive.google.com/file/d/1AW-POFTjDF8DFuXlePQfGN_6tfQlf2Yn/view;https://drive.google.com/uc?export=download&id=1AW-POFTjDF8DFuXlePQfGN_6tfQlf2Yn;https://audiovisual-anima.github.io/thumbs-anima/anima-podcast/png/%2324%20-%20Filipe%20Duarte.png;#24 - Filipe Duarte.png
Anima Podcast;#25;Não é só gordurinha no fígado;Anderson Brito;https://youtu.be/-cOwNX9wwYI;https://www.canva.com/design/DAHT5IrBs84/edit?page=17;17;https://drive.google.com/file/d/1HcSJGB_e2-62miNx5LFcvLxhKl30CMTd/view;https://drive.google.com/uc?export=download&id=1HcSJGB_e2-62miNx5LFcvLxhKl30CMTd;https://audiovisual-anima.github.io/thumbs-anima/anima-podcast/png/%2325%20-%20Anderson%20Brito.png;#25 - Anderson Brito.png
Anima Podcast;#26;Sua saúde começa no intestino;Roberta Rigueira;https://youtu.be/oVaMeIEwZcw;https://www.canva.com/design/DAHT5IrBs84/edit?page=16;16;https://drive.google.com/file/d/1niACEYGeJO3AxGlY2xzEVwyMBOC-NsNL/view;https://drive.google.com/uc?export=download&id=1niACEYGeJO3AxGlY2xzEVwyMBOC-NsNL;https://audiovisual-anima.github.io/thumbs-anima/anima-podcast/png/%2326%20-%20Roberta%20Rigueira.png;#26 - Roberta Rigueira.png
Anima Podcast;#27;Consultório médico de sucesso;Clara Morena;https://youtu.be/S9MO3CZQLtc;https://www.canva.com/design/DAHT5IrBs84/edit?page=15;15;https://drive.google.com/file/d/1DP-ZOnsaW6c89WPgh1CeTVpJMAdzocZh/view;https://drive.google.com/uc?export=download&id=1DP-ZOnsaW6c89WPgh1CeTVpJMAdzocZh;https://audiovisual-anima.github.io/thumbs-anima/anima-podcast/png/%2327%20-%20Clara%20Morena.png;#27 - Clara Morena.png
Anima Podcast;#28;Hormônios e a saúde feminina;Leonardo Jacobsen;https://youtu.be/bKIaVqstvRs;https://www.canva.com/design/DAHT5NXToGQ/edit?page=13;13;https://drive.google.com/file/d/11-MWEAhOp1hcG2pUlfmEko8ZIm0dTnu6/view;https://drive.google.com/uc?export=download&id=11-MWEAhOp1hcG2pUlfmEko8ZIm0dTnu6;https://audiovisual-anima.github.io/thumbs-anima/anima-podcast/png/%2328%20-%20Leonardo%20Jacobsen.png;#28 - Leonardo Jacobsen.png
Anima Podcast;#29;O valor da vida humana;Carolina Delage;https://youtu.be/UlOHMw676s0;https://www.canva.com/design/DAHT5NXToGQ/edit?page=12;12;https://drive.google.com/file/d/1oHGcmeKbHZspwq8KCW5uxJLryodHmOzE/view;https://drive.google.com/uc?export=download&id=1oHGcmeKbHZspwq8KCW5uxJLryodHmOzE;https://audiovisual-anima.github.io/thumbs-anima/anima-podcast/png/%2329%20-%20Carolina%20Delage.png;#29 - Carolina Delage.png
Anima Podcast;#30;Infertilidade: quando buscar a terapia?;Felipe Magalhães;https://youtu.be/jvuTq8hytR8;https://www.canva.com/design/DAHT5IrBs84/edit?page=14;14;https://drive.google.com/file/d/18Kud4w9rSMO3pn8S0MYWsJFPd8hHHU6u/view;https://drive.google.com/uc?export=download&id=18Kud4w9rSMO3pn8S0MYWsJFPd8hHHU6u;https://audiovisual-anima.github.io/thumbs-anima/anima-podcast/png/%2330%20-%20Felipe%20Magalh%C3%A3es.png;#30 - Felipe Magalhães.png
Anima Podcast;#31;Câncer de pele: diagnóstico precoce;Caroline Brandão;https://youtu.be/GPRtg_kwVZk;https://www.canva.com/design/DAHT5IrBs84/edit?page=13;13;https://drive.google.com/file/d/1-s67KIwkUCqSedo6t8GgSbJbuwsvMYLC/view;https://drive.google.com/uc?export=download&id=1-s67KIwkUCqSedo6t8GgSbJbuwsvMYLC;https://audiovisual-anima.github.io/thumbs-anima/anima-podcast/png/%2331%20-%20Caroline%20Brand%C3%A3o.png;#31 - Caroline Brandão.png
Anima Podcast;#32;Dormir bem transforma tudo;Isabel Braga;https://youtu.be/tvj54udXdzc;https://www.canva.com/design/DAHT5NXToGQ/edit?page=11;11;https://drive.google.com/file/d/1_GWlnDrcX2WFhz61kCCsCg3xbuLjg1SW/view;https://drive.google.com/uc?export=download&id=1_GWlnDrcX2WFhz61kCCsCg3xbuLjg1SW;https://audiovisual-anima.github.io/thumbs-anima/anima-podcast/png/%2332%20-%20Isabel%20Braga.png;#32 - Isabel Braga.png
Anima Podcast;#33;Cuide bem do seu coração;Rodrigo Reis;https://youtu.be/3UieliKQi90;https://www.canva.com/design/DAHT5NXToGQ/edit?page=10;10;https://drive.google.com/file/d/1CXNalPbKewDVi-ln76R1dfS5MIq27jFo/view;https://drive.google.com/uc?export=download&id=1CXNalPbKewDVi-ln76R1dfS5MIq27jFo;https://audiovisual-anima.github.io/thumbs-anima/anima-podcast/png/%2333%20-%20Rodrigo%20Reis.png;#33 - Rodrigo Reis.png
Anima Podcast;#34;A saúde mental do seu filho;Marcelo Masruha;https://youtu.be/V4-mUPCkQZQ;https://www.canva.com/design/DAHT5NXToGQ/edit?page=9;9;https://drive.google.com/file/d/1JLIT7bsWgqR7AKctO5WI6f54Ytknv6jW/view;https://drive.google.com/uc?export=download&id=1JLIT7bsWgqR7AKctO5WI6f54Ytknv6jW;https://audiovisual-anima.github.io/thumbs-anima/anima-podcast/png/%2334%20-%20Marcelo%20Masruha.png;#34 - Marcelo Masruha.png
Anima Podcast;#35;Cuide bem dos seus olhos;Leonardo Fontana;https://youtu.be/OtKur3NXcuA;https://www.canva.com/design/DAHT5NXToGQ/edit?page=8;8;https://drive.google.com/file/d/182xb0r-Na-3DkTiYv1VtkjrLmADqdEZn/view;https://drive.google.com/uc?export=download&id=182xb0r-Na-3DkTiYv1VtkjrLmADqdEZn;https://audiovisual-anima.github.io/thumbs-anima/anima-podcast/png/%2335%20-%20Leonardo%20Fontana.png;#35 - Leonardo Fontana.png
Anima Podcast;#36;Tudo sobre a saúde respiratória;Renato Azambuja;https://youtu.be/4AD-aQZhzW4;https://www.canva.com/design/DAHT5NXToGQ/edit?page=7;7;https://drive.google.com/file/d/1p60dmTqEZtRBS6zS3KtNiuXyY-tdxrvr/view;https://drive.google.com/uc?export=download&id=1p60dmTqEZtRBS6zS3KtNiuXyY-tdxrvr;https://audiovisual-anima.github.io/thumbs-anima/anima-podcast/png/%2336%20-%20Renato%20Azambuja.png;#36 - Renato Azambuja.png
Anima Podcast;#37;Tudo sobre o Alzheimer;Henrique Cal;https://youtu.be/NSuZ5pkcNoY;https://www.canva.com/design/DAHT5NXToGQ/edit?page=6;6;https://drive.google.com/file/d/1O9JMVU94qFBajyGIfwxmn2JNgC71ZKkw/view;https://drive.google.com/uc?export=download&id=1O9JMVU94qFBajyGIfwxmn2JNgC71ZKkw;https://audiovisual-anima.github.io/thumbs-anima/anima-podcast/png/%2337%20-%20Henrique%20Cal.png;#37 - Henrique Cal.png
Anima Podcast;#38;Tudo sobre a saúde infantil;Ana Carolina Goulart;https://youtu.be/IsbQ-eWGqzg;https://www.canva.com/design/DAHT5NXToGQ/edit?page=5;5;https://drive.google.com/file/d/1V5Q3vKqTxc6IHkkEWX4OQJ58AZCXBDl7/view;https://drive.google.com/uc?export=download&id=1V5Q3vKqTxc6IHkkEWX4OQJ58AZCXBDl7;https://audiovisual-anima.github.io/thumbs-anima/anima-podcast/png/%2338%20-%20Ana%20Carolina%20Goulart.png;#38 - Ana Carolina Goulart.png
Anima Podcast;#39;Depressão: a doença do século XXI;Dario Leitão;https://youtu.be/DNJoE3Hkghk;https://www.canva.com/design/DAHT5ESs_-o/edit?page=25;25;https://drive.google.com/file/d/1ibkXc3GZHa0KHmElM94J7MjtpuMRUlLk/view;https://drive.google.com/uc?export=download&id=1ibkXc3GZHa0KHmElM94J7MjtpuMRUlLk;https://audiovisual-anima.github.io/thumbs-anima/anima-podcast/png/%2339%20-%20Dario%20Leit%C3%A3o.png;#39 - Dario Leitão.png
Anima Podcast;#40;Nutrição para cada temperamento;Carol Barros;https://youtu.be/fEO-0upusZo;https://www.canva.com/design/DAHT5ESs_-o/edit?page=24;24;https://drive.google.com/file/d/1rNkm7m0Rb6rzWTYoCVri1_JGv1qWHSIJ/view;https://drive.google.com/uc?export=download&id=1rNkm7m0Rb6rzWTYoCVri1_JGv1qWHSIJ;https://audiovisual-anima.github.io/thumbs-anima/anima-podcast/png/%2340%20-%20Carol%20Barros.png;#40 - Carol Barros.png
Anima Podcast;#41;Endometriose: quando operar?;Lucas Vinhas;https://youtu.be/oypPw2mzMQM;https://www.canva.com/design/DAHT5ESs_-o/edit?page=23;23;https://drive.google.com/file/d/1NPWb432dp5RUt8rbohXDhtGZHoFfSZjf/view;https://drive.google.com/uc?export=download&id=1NPWb432dp5RUt8rbohXDhtGZHoFfSZjf;https://audiovisual-anima.github.io/thumbs-anima/anima-podcast/png/%2341%20-%20Lucas%20Vinhas.png;#41 - Lucas Vinhas.png
Anima Podcast;#42;Burnout;Paula Campozan;https://youtu.be/0NKwFQhp52s;https://www.canva.com/design/DAHT5ESs_-o/edit?page=22;22;https://drive.google.com/file/d/1VkWmCpVdlfhrul5_jAzQIkFVkx8_xj1p/view;https://drive.google.com/uc?export=download&id=1VkWmCpVdlfhrul5_jAzQIkFVkx8_xj1p;https://audiovisual-anima.github.io/thumbs-anima/anima-podcast/png/%2342%20-%20Paula%20Campozan.png;#42 - Paula Campozan.png
Anima Podcast;#43;Varizes: causas e soluções;Carina Brandão;https://youtu.be/NKNN4XZsHE8;https://www.canva.com/design/DAHT5ESs_-o/edit?page=21;21;https://drive.google.com/file/d/1xoNI81H9XsDF0SoYFb5p-B3beywrk12E/view;https://drive.google.com/uc?export=download&id=1xoNI81H9XsDF0SoYFb5p-B3beywrk12E;https://audiovisual-anima.github.io/thumbs-anima/anima-podcast/png/%2343%20-%20Carina%20Brand%C3%A3o.png;#43 - Carina Brandão.png
Anima Podcast;#44;Ultrassom na gravidez;Heron Werner;https://youtu.be/dz8NPQAx2kY;https://www.canva.com/design/DAHT5ESs_-o/edit?page=20;20;https://drive.google.com/file/d/1jpRPWGPfHP0UTcXgWnuEXs5jYQ6RG8wE/view;https://drive.google.com/uc?export=download&id=1jpRPWGPfHP0UTcXgWnuEXs5jYQ6RG8wE;https://audiovisual-anima.github.io/thumbs-anima/anima-podcast/png/%2344%20-%20Heron%20Werner.png;#44 - Heron Werner.png
Anima Podcast;#45;Bebês viram lixo hospitalar;Henrique Lima;https://youtu.be/P4wBM7Jslpk;https://www.canva.com/design/DAHT5IC7CDA/edit?page=15;15;https://drive.google.com/file/d/1q_0wQi1Y8koGcdWPW5W7cqYAk3wZ_Fmg/view;https://drive.google.com/uc?export=download&id=1q_0wQi1Y8koGcdWPW5W7cqYAk3wZ_Fmg;https://audiovisual-anima.github.io/thumbs-anima/anima-podcast/png/%2345%20-%20Henrique%20Lima.png;#45 - Henrique Lima.png
Anima Podcast;#46;Cristianismo é de matriz africana?;Patricia Silva;https://youtu.be/0SUj7WOExgw;https://www.canva.com/design/DAHT5NXToGQ/edit?page=4;4;https://drive.google.com/file/d/1Z53yzpEgIOwZcWCQG03cZEFNa5phiX7A/view;https://drive.google.com/uc?export=download&id=1Z53yzpEgIOwZcWCQG03cZEFNa5phiX7A;https://audiovisual-anima.github.io/thumbs-anima/anima-podcast/png/%2346%20-%20Patricia%20Silva.png;#46 - Patricia Silva.png
Anima Podcast;#47;Antifeminista, eu? Claro!;Pietra Bertolazzi;https://youtu.be/ahq0x-dkY48;https://www.canva.com/design/DAHT5IC7CDA/edit?page=14;14;https://drive.google.com/file/d/1vS09HnB6G1VVzGqbRQiEV8ofuoZ_DzKo/view;https://drive.google.com/uc?export=download&id=1vS09HnB6G1VVzGqbRQiEV8ofuoZ_DzKo;https://audiovisual-anima.github.io/thumbs-anima/anima-podcast/png/%2347%20-%20Pietra%20Bertolazzi.png;#47 - Pietra Bertolazzi.png
Anima Podcast;#48;De ex-pastor a católico;Prof. Eduardo Faria;https://youtu.be/_urbYhkOqwc;https://www.canva.com/design/DAHT5IC7CDA/edit?page=13;13;https://drive.google.com/file/d/1041O_Uu_Jd-iFH7y_I3pYzSRuChcWNA4/view;https://drive.google.com/uc?export=download&id=1041O_Uu_Jd-iFH7y_I3pYzSRuChcWNA4;https://audiovisual-anima.github.io/thumbs-anima/anima-podcast/png/%2348%20-%20Prof.%20Eduardo%20Faria.png;#48 - Prof. Eduardo Faria.png
Anima Podcast;#49;Meu anjo da guarda me salvou;Joaquim Carvalho Pedra;https://youtu.be/WEcwpXRiudA;https://www.canva.com/design/DAHT5IC7CDA/edit?page=12;12;https://drive.google.com/file/d/1jCh7_C8YUfra1OP0R6lz33s7r1fTjzHk/view;https://drive.google.com/uc?export=download&id=1jCh7_C8YUfra1OP0R6lz33s7r1fTjzHk;https://audiovisual-anima.github.io/thumbs-anima/anima-podcast/png/%2349%20-%20Joaquim%20Carvalho%20Pedra.png;#49 - Joaquim Carvalho Pedra.png
Anima Podcast;#50;O feminismo é um movimento comunista;Mariana Brito;https://youtu.be/KasFbisjZzY;https://www.canva.com/design/DAHT5IC7CDA/edit?page=11;11;https://drive.google.com/file/d/1r2zRbt3tNlgfV_JOhT8r-9u5UHMus1P0/view;https://drive.google.com/uc?export=download&id=1r2zRbt3tNlgfV_JOhT8r-9u5UHMus1P0;https://audiovisual-anima.github.io/thumbs-anima/anima-podcast/png/%2350%20-%20Mariana%20Brito.png;#50 - Mariana Brito.png
Anima Podcast;#52;Política e catolicismo se misturam?;Márcio Gualberto;https://youtu.be/zqPElXiMasw;https://www.canva.com/design/DAHT5IC7CDA/edit?page=10;10;https://drive.google.com/file/d/1f-enb3b680amPKiXU-wlNcpADjLoXXRx/view;https://drive.google.com/uc?export=download&id=1f-enb3b680amPKiXU-wlNcpADjLoXXRx;https://audiovisual-anima.github.io/thumbs-anima/anima-podcast/png/%2352%20-%20M%C3%A1rcio%20Gualberto.png;#52 - Márcio Gualberto.png
Anima Podcast;#53;Como ter sucesso no digital;Arno Alcântara;https://youtu.be/chMAWFHLpCY;https://www.canva.com/design/DAHT5IC7CDA/edit?page=9;9;https://drive.google.com/file/d/1eEJkxmQ0Z-rdAvew0GILKFBbFpdBbp25/view;https://drive.google.com/uc?export=download&id=1eEJkxmQ0Z-rdAvew0GILKFBbFpdBbp25;https://audiovisual-anima.github.io/thumbs-anima/anima-podcast/png/%2353%20-%20Arno%20Alc%C3%A2ntara.png;#53 - Arno Alcântara.png
Anima Podcast;#54;Sou um milagre;Eliana Ribeiro;https://youtu.be/ehu71Z13r40;https://www.canva.com/design/DAHT5IC7CDA/edit?page=8;8;https://drive.google.com/file/d/1xlst4wsAnY7dzO2amS0o5mE3mPmkWWjD/view;https://drive.google.com/uc?export=download&id=1xlst4wsAnY7dzO2amS0o5mE3mPmkWWjD;https://audiovisual-anima.github.io/thumbs-anima/anima-podcast/png/%2354%20-%20Eliana%20Ribeiro.png;#54 - Eliana Ribeiro.png
Anima Podcast;#55;Adoção espiritual: salve bebês do aborto;Dom Tiago Stanislaw;https://youtu.be/LeymeZyrRz8;https://www.canva.com/design/DAHT5IC7CDA/edit?page=7;7;https://drive.google.com/file/d/1hYaD0flwKhhrdKM0NYpjwS9VoatmNfIQ/view;https://drive.google.com/uc?export=download&id=1hYaD0flwKhhrdKM0NYpjwS9VoatmNfIQ;https://audiovisual-anima.github.io/thumbs-anima/anima-podcast/png/%2355%20-%20Dom%20Tiago%20Stanislaw.png;#55 - Dom Tiago Stanislaw.png
Anima Podcast;#56;Prefiro perder a eleição do que minha alma;Chris Tonietto;https://youtu.be/--k3kqTMbiI;https://www.canva.com/design/DAHT5IC7CDA/edit?page=6;6;https://drive.google.com/file/d/1XGKkX3mKSsmpEEJEKQcw1u5dsd24Uss-/view;https://drive.google.com/uc?export=download&id=1XGKkX3mKSsmpEEJEKQcw1u5dsd24Uss-;https://audiovisual-anima.github.io/thumbs-anima/anima-podcast/png/%2356%20-%20Chris%20Tonietto.png;#56 - Chris Tonietto.png
Anima Podcast;#57;A vontade de Deus é a nossa paz;Pe. Antônio José;https://youtu.be/PwMqTbp73tE;https://www.canva.com/design/DAHT5IC7CDA/edit?page=5;5;https://drive.google.com/file/d/1AKcWaXkYxG3CkcuaFpphpMgCMT1aG4DH/view;https://drive.google.com/uc?export=download&id=1AKcWaXkYxG3CkcuaFpphpMgCMT1aG4DH;https://audiovisual-anima.github.io/thumbs-anima/anima-podcast/png/%2357%20-%20Pe.%20Ant%C3%B4nio%20Jos%C3%A9.png;#57 - Pe. Antônio José.png
Anima Podcast;#58;O chamado de Deus para a conversão;Pe. Heitor de Menezes;https://youtu.be/jv0wGRgqMmQ;https://www.canva.com/design/DAHT5IC7CDA/edit?page=4;4;https://drive.google.com/file/d/1lsMuilOZXMByzXJqpgy9Gg5T0mVScrCK/view;https://drive.google.com/uc?export=download&id=1lsMuilOZXMByzXJqpgy9Gg5T0mVScrCK;https://audiovisual-anima.github.io/thumbs-anima/anima-podcast/png/%2358%20-%20Pe.%20Heitor%20de%20Menezes.png;#58 - Pe. Heitor de Menezes.png
Anima Podcast;#59;É possível paz entre Israel e Palestina?;Prof. Paulo Velasco;https://youtu.be/U9gKdm5lYgE;https://www.canva.com/design/DAHT5IC7CDA/edit?page=3;3;https://drive.google.com/file/d/1NcHF6lo7jcKYanHcsykhQnDa0V5uE0H1/view;https://drive.google.com/uc?export=download&id=1NcHF6lo7jcKYanHcsykhQnDa0V5uE0H1;https://audiovisual-anima.github.io/thumbs-anima/anima-podcast/png/%2359%20-%20Prof.%20Paulo%20Velasco.png;#59 - Prof. Paulo Velasco.png
Anima Podcast;#60;N. Sra. das Lágrimas: você conhece?;Raphael Tonon;https://youtu.be/BgE8X0sby3k;https://www.canva.com/design/DAHT5IC7CDA/edit?page=2;2;https://drive.google.com/file/d/1wnFnmch4YrkuinoPGe1JkuhC_xIww0tg/view;https://drive.google.com/uc?export=download&id=1wnFnmch4YrkuinoPGe1JkuhC_xIww0tg;https://audiovisual-anima.github.io/thumbs-anima/anima-podcast/png/%2360%20-%20Raphael%20Tonon.png;#60 - Raphael Tonon.png
Anima Podcast;#61;A orquestra católica do Rio;Maestro Carlos Pimenta;https://youtu.be/LFxNM_5H2Io;https://www.canva.com/design/DAHT5IC7CDA/edit?page=1;1;https://drive.google.com/file/d/1dw3E-WdpDIhbg9BlcnKbQ84AjxfoFFuR/view;https://drive.google.com/uc?export=download&id=1dw3E-WdpDIhbg9BlcnKbQ84AjxfoFFuR;https://audiovisual-anima.github.io/thumbs-anima/anima-podcast/png/%2361%20-%20Maestro%20Carlos%20Pimenta.png;#61 - Maestro Carlos Pimenta.png
Anima Podcast;#62;Como rezar pela conversão de alguém;Diácono Romulo Canuto;https://youtu.be/t2IYNW5O618;https://www.canva.com/design/DAHT5LIwDx4/edit?page=25;25;https://drive.google.com/file/d/1EB05DNl5WjjPtGwJ7qAY6IDbA0Zp4Qjl/view;https://drive.google.com/uc?export=download&id=1EB05DNl5WjjPtGwJ7qAY6IDbA0Zp4Qjl;https://audiovisual-anima.github.io/thumbs-anima/anima-podcast/png/%2362%20-%20Di%C3%A1cono%20Romulo%20Canuto.png;#62 - Diácono Romulo Canuto.png
Anima Podcast;#63;Decifrando os casais;Padre Julinho;https://youtu.be/kinKtjQNKBM;https://www.canva.com/design/DAHT5LIwDx4/edit?page=24;24;https://drive.google.com/file/d/1SAaz7sT5BGseEAxUb9qRNbPBs7uxTMDb/view;https://drive.google.com/uc?export=download&id=1SAaz7sT5BGseEAxUb9qRNbPBs7uxTMDb;https://audiovisual-anima.github.io/thumbs-anima/anima-podcast/png/%2363%20-%20Padre%20Julinho.png;#63 - Padre Julinho.png
Anima Podcast;#65;O título escondido de Nossa Senhora;Simone Marquetto;https://youtu.be/TGPNTBS7eq4;https://www.canva.com/design/DAHT5LIwDx4/edit?page=23;23;https://drive.google.com/file/d/1_Sz-JCoRDiRemEr6entNIRAQ2_CUqaoL/view;https://drive.google.com/uc?export=download&id=1_Sz-JCoRDiRemEr6entNIRAQ2_CUqaoL;https://audiovisual-anima.github.io/thumbs-anima/anima-podcast/png/%2365%20-%20Simone%20Marquetto.png;#65 - Simone Marquetto.png
Anima Podcast;#66;Círio de Nazaré: a grande festa;Monsenhor Agostinho;https://youtu.be/i4pWLI89PuE;https://www.canva.com/design/DAHT5LIwDx4/edit?page=22;22;https://drive.google.com/file/d/1b5l2B4W9ujLBl6LWJKUQ1Cq2GvKYaHII/view;https://drive.google.com/uc?export=download&id=1b5l2B4W9ujLBl6LWJKUQ1Cq2GvKYaHII;https://audiovisual-anima.github.io/thumbs-anima/anima-podcast/png/%2366%20-%20Monsenhor%20Agostinho.png;#66 - Monsenhor Agostinho.png
Anima Podcast;#67;Rito Romano antigo: entenda a diferença;Dom Fernando Rifan;https://youtu.be/ZuheHFdttO0;https://www.canva.com/design/DAHT5LIwDx4/edit?page=21;21;https://drive.google.com/file/d/1NM4lk4FN8KlOt6Fw0XZnhOHcNzWHvEzw/view;https://drive.google.com/uc?export=download&id=1NM4lk4FN8KlOt6Fw0XZnhOHcNzWHvEzw;https://audiovisual-anima.github.io/thumbs-anima/anima-podcast/png/%2367%20-%20Dom%20Fernando%20Rifan.png;#67 - Dom Fernando Rifan.png
Anima Podcast;#68;Como ler e entender a Bíblia;Victor Sales Pinheiro;https://youtu.be/J28wiVi-XDE;https://www.canva.com/design/DAHT5LIwDx4/edit?page=20;20;https://drive.google.com/file/d/1j5V3H8NC0_RHx3gZYWjySeSfeqJMBvj2/view;https://drive.google.com/uc?export=download&id=1j5V3H8NC0_RHx3gZYWjySeSfeqJMBvj2;https://audiovisual-anima.github.io/thumbs-anima/anima-podcast/png/%2368%20-%20Victor%20Sales%20Pinheiro.png;#68 - Victor Sales Pinheiro.png
Anima Podcast;#69;O Purgatório existe? O que os anjos fazem?;Loo Burnett;https://youtu.be/EDa1EvrCpPE;https://www.canva.com/design/DAHT5LIwDx4/edit?page=19;19;https://drive.google.com/file/d/1GV4ga7KPTbcEwixH70cBXMzkbIUhyr0E/view;https://drive.google.com/uc?export=download&id=1GV4ga7KPTbcEwixH70cBXMzkbIUhyr0E;https://audiovisual-anima.github.io/thumbs-anima/anima-podcast/png/%2369%20-%20Loo%20Burnett.png;#69 - Loo Burnett.png
Anima Podcast;#70;Os melhores estímulos para as crianças;Thiago Castro;https://youtu.be/DN_3OfaLXtg;https://www.canva.com/design/DAHT5LIwDx4/edit?page=18;18;https://drive.google.com/file/d/1e4rqN7x3A7nX9VsAIRggG0ToXv5iZgEI/view;https://drive.google.com/uc?export=download&id=1e4rqN7x3A7nX9VsAIRggG0ToXv5iZgEI;https://audiovisual-anima.github.io/thumbs-anima/anima-podcast/png/%2370%20-%20Thiago%20Castro.png;#70 - Thiago Castro.png
Anima Podcast;#71;Largou a cidade e foi morar no campo;Lygia Pimentel;https://youtu.be/v4TblZue1m0;https://www.canva.com/design/DAHT5LIwDx4/edit?page=17;17;https://drive.google.com/file/d/1m_gDkOKYPXUMT9ILGpysx0S3IRhRy3aH/view;https://drive.google.com/uc?export=download&id=1m_gDkOKYPXUMT9ILGpysx0S3IRhRy3aH;https://audiovisual-anima.github.io/thumbs-anima/anima-podcast/png/%2371%20-%20Lygia%20Pimentel.png;#71 - Lygia Pimentel.png
Anima Podcast;#72;Lipedema não é só gordura;Georgia Dorigon;https://youtu.be/WU4bCHMVpm4;https://www.canva.com/design/DAHT5ESs_-o/edit?page=19;19;https://drive.google.com/file/d/1Es-WFzuIQIeOYK5h-lcVGBsYYJNefCdq/view;https://drive.google.com/uc?export=download&id=1Es-WFzuIQIeOYK5h-lcVGBsYYJNefCdq;https://audiovisual-anima.github.io/thumbs-anima/anima-podcast/png/%2372%20-%20Georgia%20Dorigon.png;#72 - Georgia Dorigon.png
Anima Podcast;#73;7 erros que te impedem de ser mãe;Moniele Cunha;https://youtu.be/poqREYKg0Oo;https://www.canva.com/design/DAHT5IrBs84/edit?page=12;12;https://drive.google.com/file/d/1s00JhUsSNZjweJNOd6_LEfmDH9hr_6go/view;https://drive.google.com/uc?export=download&id=1s00JhUsSNZjweJNOd6_LEfmDH9hr_6go;https://audiovisual-anima.github.io/thumbs-anima/anima-podcast/png/%2373%20-%20Moniele%20Cunha.png;#73 - Moniele Cunha.png
Anima Podcast;#74;Acabando com a saúde das crianças;Renata Fróes;https://youtu.be/m0-luCqnDHI;https://www.canva.com/design/DAHT5ESs_-o/edit?page=18;18;https://drive.google.com/file/d/1Ud7sJpbZYxShnK8Z7EYWSmFbWU2Lu2uL/view;https://drive.google.com/uc?export=download&id=1Ud7sJpbZYxShnK8Z7EYWSmFbWU2Lu2uL;https://audiovisual-anima.github.io/thumbs-anima/anima-podcast/png/%2374%20-%20Renata%20Fr%C3%B3es.png;#74 - Renata Fróes.png
Anima Podcast;#75;Hábitos que causam cegueira;João Paulo Lomelino;https://youtu.be/9vn92mLV9QY;https://www.canva.com/design/DAHT5ESs_-o/edit?page=17;17;https://drive.google.com/file/d/1LM3o_NYtSrvzVRp3ZU1om7mn_guRrr7Q/view;https://drive.google.com/uc?export=download&id=1LM3o_NYtSrvzVRp3ZU1om7mn_guRrr7Q;https://audiovisual-anima.github.io/thumbs-anima/anima-podcast/png/%2375%20-%20Jo%C3%A3o%20Paulo%20Lomelino.png;#75 - João Paulo Lomelino.png
Anima Podcast;#76;A cura para o cansaço não é dormir;João Malheiro;https://youtu.be/jDMZSktGsII;https://www.canva.com/design/DAHT5IrBs84/edit?page=11;11;https://drive.google.com/file/d/1kNX-tr4YyZF-MT20pUV-6Mnmh2HeU2GH/view;https://drive.google.com/uc?export=download&id=1kNX-tr4YyZF-MT20pUV-6Mnmh2HeU2GH;https://audiovisual-anima.github.io/thumbs-anima/anima-podcast/png/%2376%20-%20Jo%C3%A3o%20Malheiro.png;#76 - João Malheiro.png
Anima Podcast;#77;Autismo e TDAH é modinha?;Carolina Scarabucci;https://youtu.be/9NASsAZudM8;https://www.canva.com/design/DAHT5IrBs84/edit?page=10;10;https://drive.google.com/file/d/1mKEjmwwqzMmKW0Damx7O7Az0VWuYmUie/view;https://drive.google.com/uc?export=download&id=1mKEjmwwqzMmKW0Damx7O7Az0VWuYmUie;https://audiovisual-anima.github.io/thumbs-anima/anima-podcast/png/%2377%20-%20Carolina%20Scarabucci.png;#77 - Carolina Scarabucci.png
Anima Podcast;#78;A dieta que ajuda a vencer o câncer;Paula Pratti;https://youtu.be/-0YbUDGjs-0;https://www.canva.com/design/DAHT5IrBs84/edit?page=9;9;https://drive.google.com/file/d/1Mk4q_BOoPLK2prWubpAfxBA8zUodyYYT/view;https://drive.google.com/uc?export=download&id=1Mk4q_BOoPLK2prWubpAfxBA8zUodyYYT;https://audiovisual-anima.github.io/thumbs-anima/anima-podcast/png/%2378%20-%20Paula%20Pratti.png;#78 - Paula Pratti.png
Anima Podcast;#79;Suicídio: sinais de alerta;Thiago Andrade;https://youtu.be/WX2MaWVMOB8;https://www.canva.com/design/DAHT5IrBs84/edit?page=8;8;https://drive.google.com/file/d/1yoYOmcwwe9TzAc01sRi3GWx5tu0f21_M/view;https://drive.google.com/uc?export=download&id=1yoYOmcwwe9TzAc01sRi3GWx5tu0f21_M;https://audiovisual-anima.github.io/thumbs-anima/anima-podcast/png/%2379%20-%20Thiago%20Andrade.png;#79 - Thiago Andrade.png
Anima Podcast;#80;O fim do metabolismo lento;Flavia Verocai;https://youtu.be/W0fq6E8a-Mo;https://www.canva.com/design/DAHT5ESs_-o/edit?page=16;16;https://drive.google.com/file/d/1LxUMDloGqTHq0jvtGFrtV0v9XTV3pB15/view;https://drive.google.com/uc?export=download&id=1LxUMDloGqTHq0jvtGFrtV0v9XTV3pB15;https://audiovisual-anima.github.io/thumbs-anima/anima-podcast/png/%2380%20-%20Flavia%20Verocai.png;#80 - Flavia Verocai.png
Anima Podcast;#81;Acordar cansado não é normal;Gleison Guimarães;https://youtu.be/-pO1vLrBOVc;https://www.canva.com/design/DAHT5ESs_-o/edit?page=15;15;https://drive.google.com/file/d/1Ilxuvhsy1RZC8P8ghiKSbGIS3fG4dX6P/view;https://drive.google.com/uc?export=download&id=1Ilxuvhsy1RZC8P8ghiKSbGIS3fG4dX6P;https://audiovisual-anima.github.io/thumbs-anima/anima-podcast/png/%2381%20-%20Gleison%20Guimar%C3%A3es.png;#81 - Gleison Guimarães.png
Anima Podcast;#82;Remédio pra dormir?;Gleison Guimarães;https://youtu.be/nZCs5lDt6p0;https://www.canva.com/design/DAHT5ESs_-o/edit?page=14;14;https://drive.google.com/file/d/1cfH6CR0ZOM4bln0e4_rwVcKLrI0m3pyi/view;https://drive.google.com/uc?export=download&id=1cfH6CR0ZOM4bln0e4_rwVcKLrI0m3pyi;https://audiovisual-anima.github.io/thumbs-anima/anima-podcast/png/%2382%20-%20Gleison%20Guimar%C3%A3es.png;#82 - Gleison Guimarães.png
Anima Podcast;#83;Autoimune causa infertilidade?;Carolina Meireles;https://youtu.be/xNsmEWSAfdY;https://www.canva.com/design/DAHT5ESs_-o/edit?page=13;13;https://drive.google.com/file/d/1EM5YJ_61SHe6NK-_3V6ZFzh2J9oBN1d0/view;https://drive.google.com/uc?export=download&id=1EM5YJ_61SHe6NK-_3V6ZFzh2J9oBN1d0;https://audiovisual-anima.github.io/thumbs-anima/anima-podcast/png/%2383%20-%20Carolina%20Meireles.png;#83 - Carolina Meireles.png
Anima Podcast;#84;Como preparar sua casa para o Natal;Ana Luisa Rego Macedo;https://youtu.be/mRoSuyWs7OQ;https://www.canva.com/design/DAHT5IrBs84/edit?page=7;7;https://drive.google.com/file/d/1Ing0IQNMG4AMRtrb4c_j37ONLXMjuNbO/view;https://drive.google.com/uc?export=download&id=1Ing0IQNMG4AMRtrb4c_j37ONLXMjuNbO;https://audiovisual-anima.github.io/thumbs-anima/anima-podcast/png/%2384%20-%20Ana%20Luisa%20Rego%20Macedo.png;#84 - Ana Luisa Rego Macedo.png
Anima Podcast;#85;O que as unhas dizem da saúde;Miguel Ceccarelli;https://youtu.be/4ApDYi8vByw;https://www.canva.com/design/DAHT5ESs_-o/edit?page=12;12;https://drive.google.com/file/d/1L_cf69SoewZQvKpSDfJ7oq-JH_hXs8pk/view;https://drive.google.com/uc?export=download&id=1L_cf69SoewZQvKpSDfJ7oq-JH_hXs8pk;https://audiovisual-anima.github.io/thumbs-anima/anima-podcast/png/%2385%20-%20Miguel%20Ceccarelli.png;#85 - Miguel Ceccarelli.png
Anima Podcast;#86;Vitiligo tem cura?;Paulo Luzio;https://youtu.be/490bxOEmmvc;https://www.canva.com/design/DAHT5ESs_-o/edit?page=11;11;https://drive.google.com/file/d/1smBjd69sf1eRicjPaM2-KTRv6DA9YFET/view;https://drive.google.com/uc?export=download&id=1smBjd69sf1eRicjPaM2-KTRv6DA9YFET;https://audiovisual-anima.github.io/thumbs-anima/anima-podcast/png/%2386%20-%20Paulo%20Luzio.png;#86 - Paulo Luzio.png
Anima Podcast;#87;O fim do efeito sanfona;Luis Trocado;https://youtu.be/V-XlAv90XdM;https://www.canva.com/design/DAHT5ESs_-o/edit?page=10;10;https://drive.google.com/file/d/1paQS506_4UxGLXJ9rf7eGDrRCfMv-2nz/view;https://drive.google.com/uc?export=download&id=1paQS506_4UxGLXJ9rf7eGDrRCfMv-2nz;https://audiovisual-anima.github.io/thumbs-anima/anima-podcast/png/%2387%20-%20Luis%20Trocado.png;#87 - Luis Trocado.png
Anima Podcast;#88;Criança acordando à noite;Larissa Abreu;https://youtu.be/2VGAFbSyEMI;https://www.canva.com/design/DAHT5ESs_-o/edit?page=9;9;https://drive.google.com/file/d/1J-HUgvrHF1uDGcbnp9HoOUqccJIRRCS3/view;https://drive.google.com/uc?export=download&id=1J-HUgvrHF1uDGcbnp9HoOUqccJIRRCS3;https://audiovisual-anima.github.io/thumbs-anima/anima-podcast/png/%2388%20-%20Larissa%20Abreu.png;#88 - Larissa Abreu.png
Anima Podcast;#89;Epidemia de autismo?;Tielle Machado;https://youtu.be/m3qu6J4cK7E;https://www.canva.com/design/DAHT5ESs_-o/edit?page=8;8;https://drive.google.com/file/d/1gl-9un3PETyktO6qN_FRmxVoJ2vl8b8z/view;https://drive.google.com/uc?export=download&id=1gl-9un3PETyktO6qN_FRmxVoJ2vl8b8z;https://audiovisual-anima.github.io/thumbs-anima/anima-podcast/png/%2389%20-%20Tielle%20Machado.png;#89 - Tielle Machado.png
Anima Podcast;#90;A pele dos sonhos;Larissa Botelho;https://youtu.be/J0u3MBhW4Hc;https://www.canva.com/design/DAHT5ESs_-o/edit?page=7;7;https://drive.google.com/file/d/13LYrpy6JNCJq8vq2f8avzUGH7DXHvODY/view;https://drive.google.com/uc?export=download&id=13LYrpy6JNCJq8vq2f8avzUGH7DXHvODY;https://audiovisual-anima.github.io/thumbs-anima/anima-podcast/png/%2390%20-%20Larissa%20Botelho.png;#90 - Larissa Botelho.png
Anima Podcast;#91;Por que seu filho vive doente;Nathalia Vianna;https://youtu.be/9lgdH_iHy2c;https://www.canva.com/design/DAHT5ESs_-o/edit?page=6;6;https://drive.google.com/file/d/111JI6OgI2Qz5Nx2x0HNxrz_7BHrfebGb/view;https://drive.google.com/uc?export=download&id=111JI6OgI2Qz5Nx2x0HNxrz_7BHrfebGb;https://audiovisual-anima.github.io/thumbs-anima/anima-podcast/png/%2391%20-%20Nathalia%20Vianna.png;#91 - Nathalia Vianna.png
Anima Podcast;#92;Seu filho não fala? O motivo;Mariana de Oliveira;https://youtu.be/OB-WmP_38Rg;https://www.canva.com/design/DAHT5ESs_-o/edit?page=5;5;https://drive.google.com/file/d/1Uu6BZE5MjvZKFlfIkF1ALG6ETVd_P_CM/view;https://drive.google.com/uc?export=download&id=1Uu6BZE5MjvZKFlfIkF1ALG6ETVd_P_CM;https://audiovisual-anima.github.io/thumbs-anima/anima-podcast/png/%2392%20-%20Mariana%20de%20Oliveira.png;#92 - Mariana de Oliveira.png
Anima Podcast;#93;Tudo sobre a escoliose;Pedro Paschoal;https://youtu.be/FKX6rR9FyTE;https://www.canva.com/design/DAHT5ESs_-o/edit?page=4;4;https://drive.google.com/file/d/1At0OMg-FPW9fN5kK8vT1Taw-fgcKC2PE/view;https://drive.google.com/uc?export=download&id=1At0OMg-FPW9fN5kK8vT1Taw-fgcKC2PE;https://audiovisual-anima.github.io/thumbs-anima/anima-podcast/png/%2393%20-%20Pedro%20Paschoal.png;#93 - Pedro Paschoal.png
Anima Podcast;#94;Saúde mental da mulher;Juliana Neves;https://youtu.be/I3QOhZFNIRE;https://www.canva.com/design/DAHT5ESs_-o/edit?page=3;3;https://drive.google.com/file/d/1YdtbEloWbq7lyyI04xDQk6jg2PNPR3lC/view;https://drive.google.com/uc?export=download&id=1YdtbEloWbq7lyyI04xDQk6jg2PNPR3lC;https://audiovisual-anima.github.io/thumbs-anima/anima-podcast/png/%2394%20-%20Juliana%20Neves.png;#94 - Juliana Neves.png
Anima Podcast;#95;Mitos sobre o câncer de mama;Marcela Nardi;https://youtu.be/d9BQAqCd1q0;https://www.canva.com/design/DAHT5ESs_-o/edit?page=2;2;https://drive.google.com/file/d/1ZEKMXW8XPyhLT6ykM1W6bQ-woW4SEq6k/view;https://drive.google.com/uc?export=download&id=1ZEKMXW8XPyhLT6ykM1W6bQ-woW4SEq6k;https://audiovisual-anima.github.io/thumbs-anima/anima-podcast/png/%2395%20-%20Marcela%20Nardi.png;#95 - Marcela Nardi.png
Anima Podcast;#96;A nova era da cirurgia plástica;Casal Plástica;https://youtu.be/UXcCV2QPW2Q;https://www.canva.com/design/DAHT5IrBs84/edit?page=6;6;https://drive.google.com/file/d/1OjP191QHmd3jcKcYKK-xsluhPR3JS07e/view;https://drive.google.com/uc?export=download&id=1OjP191QHmd3jcKcYKK-xsluhPR3JS07e;https://audiovisual-anima.github.io/thumbs-anima/anima-podcast/png/%2396%20-%20Casal%20Pl%C3%A1stica.png;#96 - Casal Plástica.png
Anima Podcast;#97;Ultrassom normal, sem gravidez?;Clariana Maurente;https://youtu.be/mA_BIqwURDY;https://www.canva.com/design/DAHT5ESs_-o/edit?page=1;1;https://drive.google.com/file/d/13JTBykkdBFgQqMTb_VguAF859jkFrGGu/view;https://drive.google.com/uc?export=download&id=13JTBykkdBFgQqMTb_VguAF859jkFrGGu;https://audiovisual-anima.github.io/thumbs-anima/anima-podcast/png/%2397%20-%20Clariana%20Maurente.png;#97 - Clariana Maurente.png
Anima Podcast;#98;Alopecia e a queda de cabelo;Graça Tavares;https://youtu.be/c86k7ixe7ss;https://www.canva.com/design/DAHT5G-VT0s/edit?page=25;25;https://drive.google.com/file/d/1IJzRca9YK4msiPZsALJ284YZ0indwAr8/view;https://drive.google.com/uc?export=download&id=1IJzRca9YK4msiPZsALJ284YZ0indwAr8;https://audiovisual-anima.github.io/thumbs-anima/anima-podcast/png/%2398%20-%20Gra%C3%A7a%20Tavares.png;#98 - Graça Tavares.png
Anima Podcast;#99;Tudo sobre a labirintite;Fernando Goslin;https://youtu.be/hjkEzz_WvoM;https://www.canva.com/design/DAHT5G-VT0s/edit?page=24;24;https://drive.google.com/file/d/1y2rok6Moe1eVtJOHWURRw_D-JiZtMvPb/view;https://drive.google.com/uc?export=download&id=1y2rok6Moe1eVtJOHWURRw_D-JiZtMvPb;https://audiovisual-anima.github.io/thumbs-anima/anima-podcast/png/%2399%20-%20Fernando%20Goslin.png;#99 - Fernando Goslin.png
Anima Podcast;#100;Como vencer o bruxismo;Andrea Melo;https://youtu.be/jgZBHQKEaew;https://www.canva.com/design/DAHT5G-VT0s/edit?page=23;23;https://drive.google.com/file/d/1Dz7T59G_Aiv6OYxR_jDmyENQRKOEkbaO/view;https://drive.google.com/uc?export=download&id=1Dz7T59G_Aiv6OYxR_jDmyENQRKOEkbaO;https://audiovisual-anima.github.io/thumbs-anima/anima-podcast/png/%23100%20-%20Andrea%20Melo.png;#100 - Andrea Melo.png
Anima Podcast;#101;O erro no herpes-zóster;Murilo Drummond;https://youtu.be/r2Yuq0UQgGI;https://www.canva.com/design/DAHT5G-VT0s/edit?page=22;22;https://drive.google.com/file/d/1xEf2q02umIPMp2JdoZMzJPSKq2nGmYZl/view;https://drive.google.com/uc?export=download&id=1xEf2q02umIPMp2JdoZMzJPSKq2nGmYZl;https://audiovisual-anima.github.io/thumbs-anima/anima-podcast/png/%23101%20-%20Murilo%20Drummond.png;#101 - Murilo Drummond.png
Anima Podcast;#102;Infertilidade tem cura?;André Vaz;https://youtu.be/xO7ua54kssg;https://www.canva.com/design/DAHT5G-VT0s/edit?page=21;21;https://drive.google.com/file/d/1IafTIw1RjoKiKWS_qlQYv1GqnxmOUOgg/view;https://drive.google.com/uc?export=download&id=1IafTIw1RjoKiKWS_qlQYv1GqnxmOUOgg;https://audiovisual-anima.github.io/thumbs-anima/anima-podcast/png/%23102%20-%20Andr%C3%A9%20Vaz.png;#102 - André Vaz.png
Anima Podcast;#103;A beleza da castidade;Mariana Francoti;https://youtu.be/JWDvPyVcXkg;https://www.canva.com/design/DAHT5G-VT0s/edit?page=20;20;https://drive.google.com/file/d/1E6yGAB4gMRG6EHKNr6Y0RIEdtH99zUu5/view;https://drive.google.com/uc?export=download&id=1E6yGAB4gMRG6EHKNr6Y0RIEdtH99zUu5;https://audiovisual-anima.github.io/thumbs-anima/anima-podcast/png/%23103%20-%20Mariana%20Francoti.png;#103 - Mariana Francoti.png
Anima Podcast;#104;Joanetes: mitos e verdades;José Carlos Cohen;https://youtu.be/ShkyQfp0v4c;https://www.canva.com/design/DAHT5G-VT0s/edit?page=19;19;https://drive.google.com/file/d/1vrYmYxSgDAoSc4P6R_YIZ4RnfIkHN1M0/view;https://drive.google.com/uc?export=download&id=1vrYmYxSgDAoSc4P6R_YIZ4RnfIkHN1M0;https://audiovisual-anima.github.io/thumbs-anima/anima-podcast/png/%23104%20-%20Jos%C3%A9%20Carlos%20Cohen.png;#104 - José Carlos Cohen.png
Anima Podcast;#105;Endometriose tem cura?;Igor Chiminacio;https://youtu.be/YOb6D04NeSg;https://www.canva.com/design/DAHT5G-VT0s/edit?page=18;18;https://drive.google.com/file/d/1gWnHQArZ3eqbTBfUyl3BXzBOEQ_pfsMw/view;https://drive.google.com/uc?export=download&id=1gWnHQArZ3eqbTBfUyl3BXzBOEQ_pfsMw;https://audiovisual-anima.github.io/thumbs-anima/anima-podcast/png/%23105%20-%20Igor%20Chiminacio.png;#105 - Igor Chiminacio.png
Anima Podcast;#106;A verdade sobre a hérnia de disco;Luiz Sola;https://youtu.be/94pu0-LhWGA;https://www.canva.com/design/DAHT5G-VT0s/edit?page=17;17;https://drive.google.com/file/d/1DKrSdhrC95LMLtpTr9UFtpUw-vcH1oeB/view;https://drive.google.com/uc?export=download&id=1DKrSdhrC95LMLtpTr9UFtpUw-vcH1oeB;https://audiovisual-anima.github.io/thumbs-anima/anima-podcast/png/%23106%20-%20Luiz%20Sola.png;#106 - Luiz Sola.png
Anima Podcast;#107;Esclerose múltipla: como identificar;Marcos Alvarenga;https://youtu.be/W9bu8sclNAc;https://www.canva.com/design/DAHT5G-VT0s/edit?page=16;16;https://drive.google.com/file/d/1QiTzzbz4eehXpHTn63pZTbQBx1s2KIxd/view;https://drive.google.com/uc?export=download&id=1QiTzzbz4eehXpHTn63pZTbQBx1s2KIxd;https://audiovisual-anima.github.io/thumbs-anima/anima-podcast/png/%23107%20-%20Marcos%20Alvarenga.png;#107 - Marcos Alvarenga.png
Anima Podcast;#108;Rinoplastia com resultado natural;Leandro Ventura;https://youtu.be/2m5BV_F7he0;https://www.canva.com/design/DAHT5G-VT0s/edit?page=15;15;https://drive.google.com/file/d/1jsEh7OdRARxZHIvmsNAnDjqxEFa9cdS1/view;https://drive.google.com/uc?export=download&id=1jsEh7OdRARxZHIvmsNAnDjqxEFa9cdS1;https://audiovisual-anima.github.io/thumbs-anima/anima-podcast/png/%23108%20-%20Leandro%20Ventura.png;#108 - Leandro Ventura.png
Anima Podcast;#109;Intolerância à histamina;Sylvia Campos;https://youtu.be/xSttcCbgnl8;https://www.canva.com/design/DAHT5IrBs84/edit?page=5;5;https://drive.google.com/file/d/1IgaVeED8HRpX_c5b2vFFcBi6VyGNg74u/view;https://drive.google.com/uc?export=download&id=1IgaVeED8HRpX_c5b2vFFcBi6VyGNg74u;https://audiovisual-anima.github.io/thumbs-anima/anima-podcast/png/%23109%20-%20Sylvia%20Campos.png;#109 - Sylvia Campos.png
Anima Podcast;#110;Os segredos da alta performance;Andréia Batista;https://youtu.be/3Cgpdf8cpa8;https://www.canva.com/design/DAHT5IrBs84/edit?page=4;4;https://drive.google.com/file/d/1juGPLCMAiLP-4Xj6iZr857m-1eU2HrQu/view;https://drive.google.com/uc?export=download&id=1juGPLCMAiLP-4Xj6iZr857m-1eU2HrQu;https://audiovisual-anima.github.io/thumbs-anima/anima-podcast/png/%23110%20-%20Andr%C3%A9ia%20Batista.png;#110 - Andréia Batista.png
Anima Podcast;#111;Neuromielite óptica: a doença da visão;Regina Alvarenga;https://youtu.be/8yf04KMWdG0;https://www.canva.com/design/DAHT5G-VT0s/edit?page=14;14;https://drive.google.com/file/d/1Q7iaHyFAD9QRbxkknkYsd_UnQUn_foO_/view;https://drive.google.com/uc?export=download&id=1Q7iaHyFAD9QRbxkknkYsd_UnQUn_foO_;https://audiovisual-anima.github.io/thumbs-anima/anima-podcast/png/%23111%20-%20Regina%20Alvarenga.png;#111 - Regina Alvarenga.png
Anima Podcast;#112;Sexualidade e namoro na adolescência;Samia Marsili;https://youtu.be/IYXrZpw6pKs;https://www.canva.com/design/DAHT5IrBs84/edit?page=3;3;https://drive.google.com/file/d/1IAUbmFgshzMQR2DESSIRh8HW8Czp6dgC/view;https://drive.google.com/uc?export=download&id=1IAUbmFgshzMQR2DESSIRh8HW8Czp6dgC;https://audiovisual-anima.github.io/thumbs-anima/anima-podcast/png/%23112%20-%20Samia%20Marsili.png;#112 - Samia Marsili.png
Anima Podcast;#113;Lentes de contato estragam os dentes?;Gustavo Bastos;https://youtu.be/XcBu13PUU-w;https://www.canva.com/design/DAHT5G-VT0s/edit?page=13;13;https://drive.google.com/file/d/1BYHZwzyq-UfYpp22SbtDNKkjslNuN7qA/view;https://drive.google.com/uc?export=download&id=1BYHZwzyq-UfYpp22SbtDNKkjslNuN7qA;https://audiovisual-anima.github.io/thumbs-anima/anima-podcast/png/%23113%20-%20Gustavo%20Bastos.png;#113 - Gustavo Bastos.png
Anima Podcast;#114;Quando o desconforto vira alerta;Patrícia Arias;https://youtu.be/9MSrqmtAfes;https://www.canva.com/design/DAHT5G-VT0s/edit?page=12;12;https://drive.google.com/file/d/1GJFJnIPJN36tgMiAFX85tzaOucrXdtyp/view;https://drive.google.com/uc?export=download&id=1GJFJnIPJN36tgMiAFX85tzaOucrXdtyp;https://audiovisual-anima.github.io/thumbs-anima/anima-podcast/png/%23114%20-%20Patr%C3%ADcia%20Arias.png;#114 - Patrícia Arias.png
Anima Podcast;#115;Fui expulso;Diego Falcão;https://youtu.be/jiKjpWaAeQw;https://www.canva.com/design/DAHT5LIwDx4/edit?page=16;16;https://drive.google.com/file/d/1Gj-itFXAAX_o-oqOk13C47RIqZSiZnkz/view;https://drive.google.com/uc?export=download&id=1Gj-itFXAAX_o-oqOk13C47RIqZSiZnkz;https://audiovisual-anima.github.io/thumbs-anima/anima-podcast/png/%23115%20-%20Diego%20Falc%C3%A3o.png;#115 - Diego Falcão.png
Anima Podcast;#116;Jesus me chamou numa pista de atletismo;Padre Rodrigo Vieira;https://youtu.be/ckGxSqCbsrY;https://www.canva.com/design/DAHT5LIwDx4/edit?page=15;15;https://drive.google.com/file/d/1Rlq0tqdNro7n3-Dcy13d7RiORKjDNIuY/view;https://drive.google.com/uc?export=download&id=1Rlq0tqdNro7n3-Dcy13d7RiORKjDNIuY;https://audiovisual-anima.github.io/thumbs-anima/anima-podcast/png/%23116%20-%20Padre%20Rodrigo%20Vieira.png;#116 - Padre Rodrigo Vieira.png
Anima Podcast;#117;De monja a expert;Ana Paula Perci;https://youtu.be/7cUHF2UtbXs;https://www.canva.com/design/DAHT5LIwDx4/edit?page=14;14;https://drive.google.com/file/d/1_novG4WZWP9koDbm1DNCYgMA44TcYSOV/view;https://drive.google.com/uc?export=download&id=1_novG4WZWP9koDbm1DNCYgMA44TcYSOV;https://audiovisual-anima.github.io/thumbs-anima/anima-podcast/png/%23117%20-%20Ana%20Paula%20Perci.png;#117 - Ana Paula Perci.png
Anima Podcast;#118;Ele adotou 46 filhos com deficiência;Tânio Tavares;https://youtu.be/We3PNaqZGiM;https://www.canva.com/design/DAHT5LIwDx4/edit?page=13;13;https://drive.google.com/file/d/1swAaJiyz_cW0S0-JIh2VX_cZR0yyGqzK/view;https://drive.google.com/uc?export=download&id=1swAaJiyz_cW0S0-JIh2VX_cZR0yyGqzK;https://audiovisual-anima.github.io/thumbs-anima/anima-podcast/png/%23118%20-%20T%C3%A2nio%20Tavares.png;#118 - Tânio Tavares.png
Anima Podcast;#119;Os erros que quase todos cometem na Missa;Padre Balbino;https://youtu.be/uoMijlGl3e8;https://www.canva.com/design/DAHT5LIwDx4/edit?page=12;12;https://drive.google.com/file/d/15yW7KUsE4aYH2rg0kKZtyyIhfQKriqwy/view;https://drive.google.com/uc?export=download&id=15yW7KUsE4aYH2rg0kKZtyyIhfQKriqwy;https://audiovisual-anima.github.io/thumbs-anima/anima-podcast/png/%23119%20-%20Padre%20Balbino.png;#119 - Padre Balbino.png
Anima Podcast;#120;De funkeiro briguento a devoto de Cristo;Eduardo Badu;https://youtu.be/mqRpT62b11s;https://www.canva.com/design/DAHT5LIwDx4/edit?page=11;11;https://drive.google.com/file/d/1D9hhGKHMEVklLHxlw-PQz8bnZWwQqT42/view;https://drive.google.com/uc?export=download&id=1D9hhGKHMEVklLHxlw-PQz8bnZWwQqT42;https://audiovisual-anima.github.io/thumbs-anima/anima-podcast/png/%23120%20-%20Eduardo%20Badu.png;#120 - Eduardo Badu.png
Anima Podcast;#121;O frei que toca almas através da música;Frei Gilson;https://youtu.be/uVMNcNU_lMA;https://www.canva.com/d/uy_D_LWhgDVbFVw?page=1;1;https://drive.google.com/file/d/1m1wt6pC9lDbdoPBeNrUHjh2ERKwOqnoB/view;https://drive.google.com/uc?export=download&id=1m1wt6pC9lDbdoPBeNrUHjh2ERKwOqnoB;https://audiovisual-anima.github.io/thumbs-anima/anima-podcast/png/%23121%20-%20Frei%20Gilson.png;#121 - Frei Gilson.png
Anima Podcast;#122;Sou infértil e vi que foi um plano de Deus;Bruna Gutstein;https://youtu.be/T7_vAZviZg8;https://www.canva.com/design/DAHT5LIwDx4/edit?page=10;10;https://drive.google.com/file/d/16Sz58XnftI73ORXbkD6S9xhU6_pWuC6r/view;https://drive.google.com/uc?export=download&id=16Sz58XnftI73ORXbkD6S9xhU6_pWuC6r;https://audiovisual-anima.github.io/thumbs-anima/anima-podcast/png/%23122%20-%20Bruna%20Gutstein.png;#122 - Bruna Gutstein.png
Anima Podcast;#123;Verdades difíceis que todo pai deve ouvir;Diogo Wink, Thiago Andrade e José Roberto;https://youtu.be/BU3TzGp989E;https://www.canva.com/d/uy_D_LWhgDVbFVw?page=6;6;https://drive.google.com/file/d/1IJJxW5vp4l33B_HS6opyCkbYRGh9vzTb/view;https://drive.google.com/uc?export=download&id=1IJJxW5vp4l33B_HS6opyCkbYRGh9vzTb;https://audiovisual-anima.github.io/thumbs-anima/anima-podcast/png/%23123%20-%20Diogo%20Wink%2C%20Thiago%20Andrade%20e%20Jos%C3%A9%20Roberto.png;#123 - Diogo Wink, Thiago Andrade e José Roberto.png
Anima Podcast;#124;Não passe vergonha na Missa;Padre Balbino;https://youtu.be/mEgamDpoJ4w;https://www.canva.com/design/DAHT5LIwDx4/edit?page=9;9;https://drive.google.com/file/d/1w4xzvEgxD0HkEMrptNQYUdB_aL-LeAzx/view;https://drive.google.com/uc?export=download&id=1w4xzvEgxD0HkEMrptNQYUdB_aL-LeAzx;https://audiovisual-anima.github.io/thumbs-anima/anima-podcast/png/%23124%20-%20Padre%20Balbino.png;#124 - Padre Balbino.png
Anima Podcast;#125;O anjo nos abandona quando pecamos?;Rafael Brito;https://youtu.be/o-47C5ckeqg;https://www.canva.com/design/DAHT5LIwDx4/edit?page=8;8;https://drive.google.com/file/d/10AZ_XZX9C2foYFGlJi8ahSyK6il2oL5h/view;https://drive.google.com/uc?export=download&id=10AZ_XZX9C2foYFGlJi8ahSyK6il2oL5h;https://audiovisual-anima.github.io/thumbs-anima/anima-podcast/png/%23125%20-%20Rafael%20Brito.png;#125 - Rafael Brito.png
Anima Podcast;#126;O alimento mais antigo do mundo;Chef Marcelo Horta;https://youtu.be/QDdjwJA9OEw;https://www.canva.com/design/DAHT5LIwDx4/edit?page=7;7;https://drive.google.com/file/d/1lcjsawd_pONZlxr7M0Bll3-PAUKohdhR/view;https://drive.google.com/uc?export=download&id=1lcjsawd_pONZlxr7M0Bll3-PAUKohdhR;https://audiovisual-anima.github.io/thumbs-anima/anima-podcast/png/%23126%20-%20Chef%20Marcelo%20Horta.png;#126 - Chef Marcelo Horta.png
Anima Podcast;#127;Tudo sobre o jejum;Eduardo Oliveira;https://youtu.be/WVnV1lUcryg;https://www.canva.com/design/DAHT5LIwDx4/edit?page=6;6;https://drive.google.com/file/d/1Wl0Cus7CvzsD-1oa3THwaA4OaZCFi7pt/view;https://drive.google.com/uc?export=download&id=1Wl0Cus7CvzsD-1oa3THwaA4OaZCFi7pt;https://audiovisual-anima.github.io/thumbs-anima/anima-podcast/png/%23127%20-%20Eduardo%20Oliveira.png;#127 - Eduardo Oliveira.png
Anima Podcast;#128;A música que toca corações;Ziza Fernandes;https://youtu.be/4LbsRAByOkA;https://www.canva.com/design/DAHT5LIwDx4/edit?page=5;5;https://drive.google.com/file/d/1j3clacZtZyVgqYeMixgLL7EJGt1BRfaa/view;https://drive.google.com/uc?export=download&id=1j3clacZtZyVgqYeMixgLL7EJGt1BRfaa;https://audiovisual-anima.github.io/thumbs-anima/anima-podcast/png/%23128%20-%20Ziza%20Fernandes.png;#128 - Ziza Fernandes.png
Anima Podcast;#129;Fiz 10 milhões e continuei vazia;Valeska Bruzzi;https://youtu.be/dUYao44NzRk;https://www.canva.com/design/DAHT5LIwDx4/edit?page=4;4;https://drive.google.com/file/d/1VYAt6ggNANF77GjcIeQ052psnGJ4o1ZX/view;https://drive.google.com/uc?export=download&id=1VYAt6ggNANF77GjcIeQ052psnGJ4o1ZX;https://audiovisual-anima.github.io/thumbs-anima/anima-podcast/png/%23129%20-%20Valeska%20Bruzzi.png;#129 - Valeska Bruzzi.png
Anima Podcast;#130;Tudo sobre a Santa Missa;Padre Balbino;https://youtu.be/SgmZRvLnRfc;https://www.canva.com/design/DAHT5LIwDx4/edit?page=3;3;https://drive.google.com/file/d/1XX80xwv3nar4yv42zEd4w2Q9K-gedqvu/view;https://drive.google.com/uc?export=download&id=1XX80xwv3nar4yv42zEd4w2Q9K-gedqvu;https://audiovisual-anima.github.io/thumbs-anima/anima-podcast/png/%23130%20-%20Padre%20Balbino.png;#130 - Padre Balbino.png
Anima Podcast;#131;Tudo sobre a Santa Missa - Parte 5;Padre Balbino;https://youtu.be/BcV4yT1Bv1k;https://www.canva.com/design/DAHT5a_hIdc/edit?page=2;2;https://drive.google.com/file/d/1EUudvhTMvnD-FB8PXf_eHd0PcENPdYlb/view;https://drive.google.com/uc?export=download&id=1EUudvhTMvnD-FB8PXf_eHd0PcENPdYlb;https://audiovisual-anima.github.io/thumbs-anima/anima-podcast/png/%23131%20-%20Padre%20Balbino.png;#131 - Padre Balbino.png
Anima Podcast;#132;Ex-ateu revela a verdade;Guilherme Freire;https://youtu.be/r1hmx82ZZQY;https://www.canva.com/design/DAHT5YkS6QU/edit?page=9;9;https://drive.google.com/file/d/1zvv1pOmu01f5XLCbkdyGzTw1Ydr8fOiQ/view;https://drive.google.com/uc?export=download&id=1zvv1pOmu01f5XLCbkdyGzTw1Ydr8fOiQ;https://audiovisual-anima.github.io/thumbs-anima/anima-podcast/png/%23132%20-%20Guilherme%20Freire.png;#132 - Guilherme Freire.png
Anima Podcast;#133;Tudo sobre Santa Teresinha;Dom Milton Kenan Jr.;https://youtu.be/WGotFriP9Vo;https://www.canva.com/design/DAHT5YkS6QU/edit?page=7;7;https://drive.google.com/file/d/1WgZYXM9dWLM-TK9-WyF0Pvyd5JkGtSgo/view;https://drive.google.com/uc?export=download&id=1WgZYXM9dWLM-TK9-WyF0Pvyd5JkGtSgo;https://audiovisual-anima.github.io/thumbs-anima/anima-podcast/png/%23133%20-%20Dom%20Milton%20Kenan%20Jr..png;#133 - Dom Milton Kenan Jr..png
Anima Podcast;#134;Da Disney para a Igreja;Arte Piedosa;https://youtu.be/8Z6v7JsJJNY;https://www.canva.com/design/DAHT5NdLe6g/edit?page=11;11;https://drive.google.com/file/d/1DwMCtMopBB-yA6NNFi9UNGIcLB_5hr6C/view;https://drive.google.com/uc?export=download&id=1DwMCtMopBB-yA6NNFi9UNGIcLB_5hr6C;https://audiovisual-anima.github.io/thumbs-anima/anima-podcast/png/%23134%20-%20Arte%20Piedosa.png;#134 - Arte Piedosa.png
Anima Podcast;#135;Especial São Miguel Arcanjo;Rafael Brito;https://youtu.be/0BqMvsCYgqY;https://www.canva.com/design/DAHT5YkS6QU/edit?page=32;32;https://drive.google.com/file/d/10Y59hcDJ2viIVrAzyDx3eDfPJxokSLf4/view;https://drive.google.com/uc?export=download&id=10Y59hcDJ2viIVrAzyDx3eDfPJxokSLf4;https://audiovisual-anima.github.io/thumbs-anima/anima-podcast/png/%23135%20-%20Rafael%20Brito.png;#135 - Rafael Brito.png
Anima Podcast;#135;Segredos da Semana Santa;Padre Balbino;https://youtu.be/QhH44Ldvfog;https://www.canva.com/design/DAHT5a_hIdc/edit?page=1;1;https://drive.google.com/file/d/1164116-c45NdL-7ogVeHOHlPsZPgMs8b/view;https://drive.google.com/uc?export=download&id=1164116-c45NdL-7ogVeHOHlPsZPgMs8b;https://audiovisual-anima.github.io/thumbs-anima/anima-podcast/png/%23135%20-%20Padre%20Balbino.png;#135 - Padre Balbino.png
Anima Podcast;#136;Maternidade sem ansiedade;Araceli Alcântara;https://youtu.be/En0_MbBtGZU;https://www.canva.com/design/DAHT5YkS6QU/edit?page=5;5;https://drive.google.com/file/d/1-8DyG7ISV7GWfkU2qCsYo6MZeHORQS-8/view;https://drive.google.com/uc?export=download&id=1-8DyG7ISV7GWfkU2qCsYo6MZeHORQS-8;https://audiovisual-anima.github.io/thumbs-anima/anima-podcast/png/%23136%20-%20Araceli%20Alc%C3%A2ntara.png;#136 - Araceli Alcântara.png
Anima Podcast;#137;A sabedoria de Santo Tomás de Aquino;Sidney Silveira;https://youtu.be/AP6lSjgyYhI;https://www.canva.com/design/DAHT5NdLe6g/edit?page=5;5;https://drive.google.com/file/d/1dHQ3gKETQWPzmuj_17CM3Hi-ISqOfDhk/view;https://drive.google.com/uc?export=download&id=1dHQ3gKETQWPzmuj_17CM3Hi-ISqOfDhk;https://audiovisual-anima.github.io/thumbs-anima/anima-podcast/png/%23137%20-%20Sidney%20Silveira.png;#137 - Sidney Silveira.png
Anima Podcast;#138;Especial São Gabriel Arcanjo;Rafael Brito;https://youtu.be/3RS40ExqazU;https://www.canva.com/design/DAHT5YkS6QU/edit?page=10;10;https://drive.google.com/file/d/1sAn1vyZiSag3C_B7-5AxoSE25fkWPQnf/view;https://drive.google.com/uc?export=download&id=1sAn1vyZiSag3C_B7-5AxoSE25fkWPQnf;https://audiovisual-anima.github.io/thumbs-anima/anima-podcast/png/%23138%20-%20Rafael%20Brito.png;#138 - Rafael Brito.png
Anima Podcast;#139;Jesus foi no motel me salvar;Marcelo Braggion;https://youtu.be/G-e9dQ5ArPc;https://www.canva.com/design/DAHT5YkS6QU/edit?page=3;3;https://drive.google.com/file/d/1cfeR97hAIE7O3GI6RkOmoIxyUNExTmOm/view;https://drive.google.com/uc?export=download&id=1cfeR97hAIE7O3GI6RkOmoIxyUNExTmOm;https://audiovisual-anima.github.io/thumbs-anima/anima-podcast/png/%23139%20-%20Marcelo%20Braggion.png;#139 - Marcelo Braggion.png
Anima Podcast;#140;Perdi meus 4 membros mas não perdi a fé;Jessyca Oliveira;https://youtu.be/sPfqCSMl7i4;https://www.canva.com/design/DAHT5NdLe6g/edit?page=6;6;https://drive.google.com/file/d/12g1s2-ywmHW0j1mywwskMxU4Z_iqpsOz/view;https://drive.google.com/uc?export=download&id=12g1s2-ywmHW0j1mywwskMxU4Z_iqpsOz;https://audiovisual-anima.github.io/thumbs-anima/anima-podcast/png/%23140%20-%20Jessyca%20Oliveira.png;#140 - Jessyca Oliveira.png
Anima Podcast;#141;Milagres no Sertão;Pe. Fabrício Timóteo;https://youtu.be/O-CYeJApBag;https://www.canva.com/design/DAHT5YkS6QU/edit?page=1;1;https://drive.google.com/file/d/13AZ531VjIzYlBP00JJpyUADtaYW96bsF/view;https://drive.google.com/uc?export=download&id=13AZ531VjIzYlBP00JJpyUADtaYW96bsF;https://audiovisual-anima.github.io/thumbs-anima/anima-podcast/png/%23141%20-%20Pe.%20Fabr%C3%ADcio%20Tim%C3%B3teo.png;#141 - Pe. Fabrício Timóteo.png
Anima Podcast;#142;Especial São Rafael Arcanjo;Rafael Brito;https://youtu.be/TG5MYGEXpNY;https://www.canva.com/design/DAHT5YkS6QU/edit?page=34;34;https://drive.google.com/file/d/1rk3MpKinY3sm1PP7MRiFC1TMWH_AyzTj/view;https://drive.google.com/uc?export=download&id=1rk3MpKinY3sm1PP7MRiFC1TMWH_AyzTj;https://audiovisual-anima.github.io/thumbs-anima/anima-podcast/png/%23142%20-%20Rafael%20Brito.png;#142 - Rafael Brito.png
Anima Podcast;#143;Estão matando os cristãos;Ana Manente;https://youtu.be/S-_Yj5X4dQE;https://www.canva.com/design/DAHT5YkS6QU/edit?page=31;31;https://drive.google.com/file/d/1cXBXGlz6Ms6OCbMow8J2EiOSW4nVK2iM/view;https://drive.google.com/uc?export=download&id=1cXBXGlz6Ms6OCbMow8J2EiOSW4nVK2iM;https://audiovisual-anima.github.io/thumbs-anima/anima-podcast/png/%23143%20-%20Ana%20Manente.png;#143 - Ana Manente.png
Anima Podcast;#144;Tudo sobre a Santa Missa;Padre Balbino;https://youtu.be/2jGP0TXkxqU;https://www.canva.com/design/DAHT5YkS6QU/edit?page=30;30;https://drive.google.com/file/d/13TN1pEdOkKTXLnzV3nxY1Zj8UQTO2-mp/view;https://drive.google.com/uc?export=download&id=13TN1pEdOkKTXLnzV3nxY1Zj8UQTO2-mp;https://audiovisual-anima.github.io/thumbs-anima/anima-podcast/png/%23144%20-%20Padre%20Balbino.png;#144 - Padre Balbino.png
Anima Podcast;#145;A verdade por trás da cura;Maria Dulce Arruda;https://youtu.be/5XWP6Krz_Xk;https://www.canva.com/design/DAHT5YkS6QU/edit?page=29;29;https://drive.google.com/file/d/16YtBpgq8M39HWwBBtBQMB9LPFhxltQAV/view;https://drive.google.com/uc?export=download&id=16YtBpgq8M39HWwBBtBQMB9LPFhxltQAV;https://audiovisual-anima.github.io/thumbs-anima/anima-podcast/png/%23145%20-%20Maria%20Dulce%20Arruda.png;#145 - Maria Dulce Arruda.png
Anima Podcast;#146;O mistério oculto de São Justino;Pe. André Luiz;https://youtu.be/bRZOvxsZ4hU;https://www.canva.com/design/DAHT5YkS6QU/edit?page=28;28;https://drive.google.com/file/d/1RWut8SRH2NFaZupKMsCmzyHC5UcWWVAG/view;https://drive.google.com/uc?export=download&id=1RWut8SRH2NFaZupKMsCmzyHC5UcWWVAG;https://audiovisual-anima.github.io/thumbs-anima/anima-podcast/png/%23146%20-%20Pe.%20Andr%C3%A9%20Luiz.png;#146 - Pe. André Luiz.png
Anima Podcast;#147;Os segredos do direito canônico;Pe. Demétrio Gomes;https://youtu.be/DvZdYF6fxIg;https://www.canva.com/design/DAHT5YkS6QU/edit?page=27;27;https://drive.google.com/file/d/1uu8VaDXoOI1MgkTXwPMBzfySiPQtdm_t/view;https://drive.google.com/uc?export=download&id=1uu8VaDXoOI1MgkTXwPMBzfySiPQtdm_t;https://audiovisual-anima.github.io/thumbs-anima/anima-podcast/png/%23147%20-%20Pe.%20Dem%C3%A9trio%20Gomes.png;#147 - Pe. Demétrio Gomes.png
Anima Podcast;#148;Como perdoei o assassino;Ju Gava;https://youtu.be/TfgcfInqBhA;https://www.canva.com/design/DAHT5YkS6QU/edit?page=26;26;https://drive.google.com/file/d/1J1frs1I4adnTKRaoBEHmnFJDqLgQVjAo/view;https://drive.google.com/uc?export=download&id=1J1frs1I4adnTKRaoBEHmnFJDqLgQVjAo;https://audiovisual-anima.github.io/thumbs-anima/anima-podcast/png/%23148%20-%20Ju%20Gava.png;#148 - Ju Gava.png
Anima Podcast;#149;Convertido pelos meus pacientes;Saulo Barbosa;https://youtu.be/0r2w72v09bA;https://www.canva.com/design/DAHT5G-VT0s/edit?page=11;11;https://drive.google.com/file/d/1B7--_t0MYCryuyqsCVeTA0dy3Oy-6dU-/view;https://drive.google.com/uc?export=download&id=1B7--_t0MYCryuyqsCVeTA0dy3Oy-6dU-;https://audiovisual-anima.github.io/thumbs-anima/anima-podcast/png/%23149%20-%20Saulo%20Barbosa.png;#149 - Saulo Barbosa.png
Anima Podcast;#150;Homens frágeis e feminismo;Roberta Castro;https://youtu.be/3IU7fB7BVlQ;https://www.canva.com/design/DAHT5G-VT0s/edit?page=10;10;https://drive.google.com/file/d/1k1xnbuLV9ebccHsXLb0LnTX8WtfcLrZt/view;https://drive.google.com/uc?export=download&id=1k1xnbuLV9ebccHsXLb0LnTX8WtfcLrZt;https://audiovisual-anima.github.io/thumbs-anima/anima-podcast/png/%23150%20-%20Roberta%20Castro.png;#150 - Roberta Castro.png
Anima Podcast;#151;Casas frias e vazias fazem parte do plano;Rafa e Alex Brasileiro;https://youtu.be/IfhrF2Km7q0;https://www.canva.com/design/DAHT5NdLe6g/edit?page=10;10;https://drive.google.com/file/d/1ObxMXGCtDtp66QtJmu8jcYpzkulkd6ME/view;https://drive.google.com/uc?export=download&id=1ObxMXGCtDtp66QtJmu8jcYpzkulkd6ME;https://audiovisual-anima.github.io/thumbs-anima/anima-podcast/png/%23151%20-%20Rafa%20e%20Alex%20Brasileiro.png;#151 - Rafa e Alex Brasileiro.png
Anima Podcast;#152;2ª virgindade? O que é isso?;Andrea Biselli;https://youtu.be/4Hon4ZWVe7U;https://www.canva.com/design/DAHT5NdLe6g/edit?page=4;4;https://drive.google.com/file/d/1H_-sL4ChEZfiLBPPfDDnpBLUuWHgxyu4/view;https://drive.google.com/uc?export=download&id=1H_-sL4ChEZfiLBPPfDDnpBLUuWHgxyu4;https://audiovisual-anima.github.io/thumbs-anima/anima-podcast/png/%23152%20-%20Andrea%20Biselli.png;#152 - Andrea Biselli.png
Anima Podcast;#153;Ser livre é diferente de ter livre arbítrio;Maria Nazaré;https://youtu.be/o0GmEWlirck;https://www.canva.com/design/DAHT5YkS6QU/edit?page=25;25;https://drive.google.com/file/d/1Jmr5PIEKTsYEvqgnakyRv1FptXVogyVE/view;https://drive.google.com/uc?export=download&id=1Jmr5PIEKTsYEvqgnakyRv1FptXVogyVE;https://audiovisual-anima.github.io/thumbs-anima/anima-podcast/png/%23153%20-%20Maria%20Nazar%C3%A9.png;#153 - Maria Nazaré.png
Anima Podcast;#154;De menino pobre a sacerdote que atrai os jovens;Pe. Tony Moreira;https://youtu.be/Zvtj-MppDI4;https://www.canva.com/design/DAHT5YkS6QU/edit?page=24;24;https://drive.google.com/file/d/11RjKjZZ5DXNlvrhEUhAHmyjm6_PqG0S5/view;https://drive.google.com/uc?export=download&id=11RjKjZZ5DXNlvrhEUhAHmyjm6_PqG0S5;https://audiovisual-anima.github.io/thumbs-anima/anima-podcast/png/%23154%20-%20Pe.%20Tony%20Moreira.png;#154 - Pe. Tony Moreira.png
Anima Podcast;#155;A fé que move multidões;Aline Brasil;https://youtu.be/SR6hK-glRMY;https://www.canva.com/design/DAHT5YkS6QU/edit?page=23;23;https://drive.google.com/file/d/1p2iTrqvQsZDGO4Vb1Ay3o6pjzgOue8b9/view;https://drive.google.com/uc?export=download&id=1p2iTrqvQsZDGO4Vb1Ay3o6pjzgOue8b9;https://audiovisual-anima.github.io/thumbs-anima/anima-podcast/png/%23155%20-%20Aline%20Brasil.png;#155 - Aline Brasil.png
Anima Podcast;#156;Como se preparar para o casamento;André e Karina Parreira;https://youtu.be/sfEqVOROzH4;https://www.canva.com/design/DAHT5NdLe6g/edit?page=9;9;https://drive.google.com/file/d/1C-6DHHi2v99onS01-Urnv7hWwXUdJlHt/view;https://drive.google.com/uc?export=download&id=1C-6DHHi2v99onS01-Urnv7hWwXUdJlHt;https://audiovisual-anima.github.io/thumbs-anima/anima-podcast/png/%23156%20-%20Andr%C3%A9%20e%20Karina%20Parreira.png;#156 - André e Karina Parreira.png
Anima Podcast;#157;O que não te contaram sobre finanças;Matheus Machado;https://youtu.be/cFg7fO0oFHY;https://www.canva.com/design/DAHT5NdLe6g/edit?page=3;3;https://drive.google.com/file/d/1H1U3d0NhFNhMTU0xzKJeEnIXxwSdrQVV/view;https://drive.google.com/uc?export=download&id=1H1U3d0NhFNhMTU0xzKJeEnIXxwSdrQVV;https://audiovisual-anima.github.io/thumbs-anima/anima-podcast/png/%23157%20-%20Matheus%20Machado.png;#157 - Matheus Machado.png
Anima Podcast;#158;Católico pode ser supersticioso?;Flávio Andrade;https://youtu.be/5GxfNVGbecg;https://www.canva.com/design/DAHT5YkS6QU/edit?page=22;22;https://drive.google.com/file/d/1vEaMPBdi7eFSjdy-dStkb7DzGgx9XMTO/view;https://drive.google.com/uc?export=download&id=1vEaMPBdi7eFSjdy-dStkb7DzGgx9XMTO;https://audiovisual-anima.github.io/thumbs-anima/anima-podcast/png/%23158%20-%20Fl%C3%A1vio%20Andrade.png;#158 - Flávio Andrade.png
Anima Podcast;#159;Das redes de vôlei para as redes de pesca;Amábile Koester;https://youtu.be/gDOiBDbxqQU;https://www.canva.com/design/DAHT5YkS6QU/edit?page=21;21;https://drive.google.com/file/d/1r9_92Kq0fkNCMwhse3LTNfycWWpY-hYj/view;https://drive.google.com/uc?export=download&id=1r9_92Kq0fkNCMwhse3LTNfycWWpY-hYj;https://audiovisual-anima.github.io/thumbs-anima/anima-podcast/png/%23159%20-%20Am%C3%A1bile%20Koester.png;#159 - Amábile Koester.png
Anima Podcast;#160;Meu pai morreu 3 vezes;João Brother;https://youtu.be/yEQIFbbu76Y;https://www.canva.com/design/DAHT5YkS6QU/edit?page=20;20;https://drive.google.com/file/d/1-HYtU1B4FnLtDJCRAaN0-Kik8aY5RuUd/view;https://drive.google.com/uc?export=download&id=1-HYtU1B4FnLtDJCRAaN0-Kik8aY5RuUd;https://audiovisual-anima.github.io/thumbs-anima/anima-podcast/png/%23160%20-%20Jo%C3%A3o%20Brother.png;#160 - João Brother.png
Anima Podcast;#161;Querer é poder?;José Neto;https://youtu.be/THWzAIX7JDo;https://www.canva.com/design/DAHT5YkS6QU/edit?page=19;19;https://drive.google.com/file/d/15ra1_hgNMFnL52zAjYSYBSQtnrizKJLe/view;https://drive.google.com/uc?export=download&id=15ra1_hgNMFnL52zAjYSYBSQtnrizKJLe;https://audiovisual-anima.github.io/thumbs-anima/anima-podcast/png/%23161%20-%20Jos%C3%A9%20Neto.png;#161 - José Neto.png
Anima Podcast;#162;O que houve com Noé e o dilúvio;Edmilson Cruz;https://youtu.be/FxsWVO9Ev0I;https://www.canva.com/design/DAHT5YkS6QU/edit?page=18;18;https://drive.google.com/file/d/1sO8HewFG096olman0ypmBIefiih7jSBm/view;https://drive.google.com/uc?export=download&id=1sO8HewFG096olman0ypmBIefiih7jSBm;https://audiovisual-anima.github.io/thumbs-anima/anima-podcast/png/%23162%20-%20Edmilson%20Cruz.png;#162 - Edmilson Cruz.png
Anima Podcast;#163;O verdadeiro significado do Natal;Rafael Brito;https://youtu.be/JpV4Hbv6BBU;https://www.canva.com/design/DAHT5YkS6QU/edit?page=33;33;https://drive.google.com/file/d/1lg7qT48SnRvmRG0pDreK60XsPw4uW6fE/view;https://drive.google.com/uc?export=download&id=1lg7qT48SnRvmRG0pDreK60XsPw4uW6fE;https://audiovisual-anima.github.io/thumbs-anima/anima-podcast/png/%23163%20-%20Rafael%20Brito.png;#163 - Rafael Brito.png
Anima Podcast;#164;Melhores momentos de 2024;Diogo e Vanessa;https://youtu.be/Kf5qRt_jKd0;https://www.canva.com/design/DAHT5IrBs84/edit?page=2;2;https://drive.google.com/file/d/1k-w-wTDpn0hiGsAzm37SXnK46dmNKKug/view;https://drive.google.com/uc?export=download&id=1k-w-wTDpn0hiGsAzm37SXnK46dmNKKug;https://audiovisual-anima.github.io/thumbs-anima/anima-podcast/png/%23164%20-%20Diogo%20e%20Vanessa.png;#164 - Diogo e Vanessa.png
Anima Podcast;#165;Carreira de sucesso sem sacrificar sua família;Eduardo Martins;https://youtu.be/FEnlK0XVXi4;https://www.canva.com/design/DAHT5YkS6QU/edit?page=17;17;https://drive.google.com/file/d/1a1zJuL7O2Fy4dk6F8zAmJ_s5hvMEH4gl/view;https://drive.google.com/uc?export=download&id=1a1zJuL7O2Fy4dk6F8zAmJ_s5hvMEH4gl;https://audiovisual-anima.github.io/thumbs-anima/anima-podcast/png/%23165%20-%20Eduardo%20Martins.png;#165 - Eduardo Martins.png
Anima Podcast;#166;Ciência e espiritualidade;Mateus Simon;https://youtu.be/dvSCpY09bvQ;https://www.canva.com/design/DAHT5YkS6QU/edit?page=16;16;https://drive.google.com/file/d/1Norv_PTVvzPDngTKVQzkQeocbzdXhsJD/view;https://drive.google.com/uc?export=download&id=1Norv_PTVvzPDngTKVQzkQeocbzdXhsJD;https://audiovisual-anima.github.io/thumbs-anima/anima-podcast/png/%23166%20-%20Mateus%20Simon.png;#166 - Mateus Simon.png
Anima Podcast;#167;A crise e a esperança;Pe. Leandro Rasera;https://youtu.be/xINB0dCaQ1E;https://www.canva.com/design/DAHT5NdLe6g/edit?page=2;2;https://drive.google.com/file/d/1iA3cyHzrqGtnKfxpo6XldM6sKrmkLBIQ/view;https://drive.google.com/uc?export=download&id=1iA3cyHzrqGtnKfxpo6XldM6sKrmkLBIQ;https://audiovisual-anima.github.io/thumbs-anima/anima-podcast/png/%23167%20-%20Pe.%20Leandro%20Rasera.png;#167 - Pe. Leandro Rasera.png
Anima Podcast;#168;A oficina do Diabo;Brasil Paralelo;https://youtu.be/lwusZO3QioA;https://www.canva.com/design/DAHT5NdLe6g/edit?page=8;8;https://drive.google.com/file/d/14ProJptqlKF2_oqgMnAkbWIqPZW432sQ/view;https://drive.google.com/uc?export=download&id=14ProJptqlKF2_oqgMnAkbWIqPZW432sQ;https://audiovisual-anima.github.io/thumbs-anima/anima-podcast/png/%23168%20-%20Brasil%20Paralelo.png;#168 - Brasil Paralelo.png
Anima Podcast;#169;O que não te contaram sobre a Bíblia;João Cláudio Rufino;https://youtu.be/cHNXQRDei2E;https://www.canva.com/design/DAHT5YkS6QU/edit?page=15;15;https://drive.google.com/file/d/1JSQ7Dv-NP5sw5BL8fRTTsRNDwZD0ehTE/view;https://drive.google.com/uc?export=download&id=1JSQ7Dv-NP5sw5BL8fRTTsRNDwZD0ehTE;https://audiovisual-anima.github.io/thumbs-anima/anima-podcast/png/%23169%20-%20Jo%C3%A3o%20Cl%C3%A1udio%20Rufino.png;#169 - João Cláudio Rufino.png
Anima Podcast;#170;A cidade fundada por Nossa Senhora;Pe. Leandro Rêgo;https://youtu.be/jwX4_13gCoM;https://www.canva.com/design/DAHT5NdLe6g/edit?page=1;1;https://drive.google.com/file/d/1U8SkKd6OsD5ZM9ByqSQmx3e0zHx3YKF_/view;https://drive.google.com/uc?export=download&id=1U8SkKd6OsD5ZM9ByqSQmx3e0zHx3YKF_;https://audiovisual-anima.github.io/thumbs-anima/anima-podcast/png/%23170%20-%20Pe.%20Leandro%20R%C3%AAgo.png;#170 - Pe. Leandro Rêgo.png
Anima Podcast;#171;Amor que supera tudo;Camila e Felipe Oliveira;https://youtu.be/VY3P7B7Zvzg;https://www.canva.com/design/DAHT5NdLe6g/edit?page=7;7;https://drive.google.com/file/d/1uUPUTD_WcGmqF7AB9-Rv49TwG02gMXRb/view;https://drive.google.com/uc?export=download&id=1uUPUTD_WcGmqF7AB9-Rv49TwG02gMXRb;https://audiovisual-anima.github.io/thumbs-anima/anima-podcast/png/%23171%20-%20Camila%20e%20Felipe%20Oliveira.png;#171 - Camila e Felipe Oliveira.png
Anima Podcast;#172;Da Canção Nova para o mundo;Pe. Evandro Lima;https://youtu.be/Xx9SeIM_ndk;https://www.canva.com/design/DAHT5YkS6QU/edit?page=14;14;https://drive.google.com/file/d/1asVBv5asIhVk6NpA7TQKdmwe436M6YcK/view;https://drive.google.com/uc?export=download&id=1asVBv5asIhVk6NpA7TQKdmwe436M6YcK;https://audiovisual-anima.github.io/thumbs-anima/anima-podcast/png/%23172%20-%20Pe.%20Evandro%20Lima.png;#172 - Pe. Evandro Lima.png
Anima Podcast;#173;Toda vida importa!;Mariangela Consoli;https://youtu.be/P59pacYN4Ek;https://www.canva.com/design/DAHT5YkS6QU/edit?page=13;13;https://drive.google.com/file/d/15ojvQuHxqgl999O-aKmnhqOrCNUoyZ95/view;https://drive.google.com/uc?export=download&id=15ojvQuHxqgl999O-aKmnhqOrCNUoyZ95;https://audiovisual-anima.github.io/thumbs-anima/anima-podcast/png/%23173%20-%20Mariangela%20Consoli.png;#173 - Mariangela Consoli.png
Anima Podcast;#175;Do leito da morte à praia no mesmo dia;Raquel Carpenter;https://youtu.be/Jh5_3kro1n8;https://www.canva.com/design/DAHT5YkS6QU/edit?page=12;12;https://drive.google.com/file/d/1MIEWKa-EPhpbJsBl1rlRUTDqCmnytthn/view;https://drive.google.com/uc?export=download&id=1MIEWKa-EPhpbJsBl1rlRUTDqCmnytthn;https://audiovisual-anima.github.io/thumbs-anima/anima-podcast/png/%23175%20-%20Raquel%20Carpenter.png;#175 - Raquel Carpenter.png
Anima Podcast;#176;Como saber os temperamentos pode te ajudar;Ronaldo Amorim;https://youtu.be/zZCATTT1_FQ;https://www.canva.com/design/DAHT5YkS6QU/edit?page=11;11;https://drive.google.com/file/d/1v4fcZPor5GNYX4IMmtyVY5FnF51LhOdk/view;https://drive.google.com/uc?export=download&id=1v4fcZPor5GNYX4IMmtyVY5FnF51LhOdk;https://audiovisual-anima.github.io/thumbs-anima/anima-podcast/png/%23176%20-%20Ronaldo%20Amorim.png;#176 - Ronaldo Amorim.png
Anima Podcast;#177;A fé é uma virtude da inteligência;Roberto Mallet;https://youtu.be/siu-WZJP3bo;https://www.canva.com/design/DAHT5YkS6QU/edit?page=8;8;https://drive.google.com/file/d/1F92t0CUPk5xNaGky_te97LavzNBOz-Is/view;https://drive.google.com/uc?export=download&id=1F92t0CUPk5xNaGky_te97LavzNBOz-Is;https://audiovisual-anima.github.io/thumbs-anima/anima-podcast/png/%23177%20-%20Roberto%20Mallet.png;#177 - Roberto Mallet.png
Anima Podcast;#178;Santa Edith Stein;Magna Rocha;https://youtu.be/bdViCk6HWXs;https://www.canva.com/design/DAHT5YkS6QU/edit?page=6;6;https://drive.google.com/file/d/1K1SEy-nGU2WeLkNBelXC9OcUMcmyfmgR/view;https://drive.google.com/uc?export=download&id=1K1SEy-nGU2WeLkNBelXC9OcUMcmyfmgR;https://audiovisual-anima.github.io/thumbs-anima/anima-podcast/png/%23178%20-%20Magna%20Rocha.png;#178 - Magna Rocha.png
Anima Podcast;#179;Contra a inveja, faça isso...;Irmã Zélia;https://youtu.be/C9-mGhGrGz4;https://www.canva.com/design/DAHT5YkS6QU/edit?page=4;4;https://drive.google.com/file/d/1r3uByobOyL8eV7yf-1jA_2tc5UF-5mgp/view;https://drive.google.com/uc?export=download&id=1r3uByobOyL8eV7yf-1jA_2tc5UF-5mgp;https://audiovisual-anima.github.io/thumbs-anima/anima-podcast/png/%23179%20-%20Irm%C3%A3%20Z%C3%A9lia.png;#179 - Irmã Zélia.png
Anima Podcast;#180;Eu era espírita, mas isso me mudou;Rodrigo Astolfi;https://youtu.be/uSYcqIXdxrA;https://www.canva.com/design/DAHT5G-VT0s/edit?page=9;9;https://drive.google.com/file/d/1AvfyeN9JcnwHY8ZeP9Fpg2oQPHKEHf-x/view;https://drive.google.com/uc?export=download&id=1AvfyeN9JcnwHY8ZeP9Fpg2oQPHKEHf-x;https://audiovisual-anima.github.io/thumbs-anima/anima-podcast/png/%23180%20-%20Rodrigo%20Astolfi.png;#180 - Rodrigo Astolfi.png
Anima Podcast;#181;Melhores momentos: Anjos;Rafael Brito;https://youtu.be/2HnGh6PAVy0;https://www.canva.com/design/DAHT5IrBs84/edit?page=1;1;https://drive.google.com/file/d/1NHpkhXqxVn0jTwE7aP3g1B_cOs6hX4Pv/view;https://drive.google.com/uc?export=download&id=1NHpkhXqxVn0jTwE7aP3g1B_cOs6hX4Pv;https://audiovisual-anima.github.io/thumbs-anima/anima-podcast/png/%23181%20-%20Rafael%20Brito.png;#181 - Rafael Brito.png
Anima Podcast;#183;O que queres com isso?;Pe. Antônio Maria;https://youtu.be/NR6jwtnWvzE;https://www.canva.com/design/DAHT5YkS6QU/edit?page=2;2;https://drive.google.com/file/d/1bw_x5J47VQbEqYnWRgZiFzymBzs9WL7k/view;https://drive.google.com/uc?export=download&id=1bw_x5J47VQbEqYnWRgZiFzymBzs9WL7k;https://audiovisual-anima.github.io/thumbs-anima/anima-podcast/png/%23183%20-%20Pe.%20Ant%C3%B4nio%20Maria.png;#183 - Pe. Antônio Maria.png
Anima Podcast;#184;Ano jubilar e porta santa;Frei Juan Manuel;https://youtu.be/CP2pa0EcHao;https://www.canva.com/design/DAHT5VDGu2o/edit?page=11;11;https://drive.google.com/file/d/1IIj1ozJL2Ow7Su5mOSoE0GI7cIcf7N-S/view;https://drive.google.com/uc?export=download&id=1IIj1ozJL2Ow7Su5mOSoE0GI7cIcf7N-S;https://audiovisual-anima.github.io/thumbs-anima/anima-podcast/png/%23184%20-%20Frei%20Juan%20Manuel.png;#184 - Frei Juan Manuel.png
Anima Podcast;#185;Do crime para a cruz;Wellington Perciliano;https://youtu.be/WjN636Ih0VU;https://www.canva.com/design/DAHT5VDGu2o/edit?page=10;10;https://drive.google.com/file/d/1LdLKAye4X5S72C9qdw1_GLSX4RtH9RZy/view;https://drive.google.com/uc?export=download&id=1LdLKAye4X5S72C9qdw1_GLSX4RtH9RZy;https://audiovisual-anima.github.io/thumbs-anima/anima-podcast/png/%23185%20-%20Wellington%20Perciliano.png;#185 - Wellington Perciliano.png
Anima Podcast;#186;Possessão demoníaca: relatos reais;Frei Juan Antônio;https://youtu.be/b6esSkOW0us;https://www.canva.com/design/DAHT5VDGu2o/edit?page=9;9;https://drive.google.com/file/d/1pLy7j_SefH49WSdTC5sZPx1T6BSLfOjB/view;https://drive.google.com/uc?export=download&id=1pLy7j_SefH49WSdTC5sZPx1T6BSLfOjB;https://audiovisual-anima.github.io/thumbs-anima/anima-podcast/png/%23186%20-%20Frei%20Juan%20Ant%C3%B4nio.png;#186 - Frei Juan Antônio.png
Anima Podcast;#187;É por isso que muitos casamentos acabam...;Carol Tizziani;https://youtu.be/nUVDZD9rNiA;https://www.canva.com/design/DAHT5VDGu2o/edit?page=8;8;https://drive.google.com/file/d/1SZPrkYJ2gVqrQmzkVVzpav7YDU8zmdtw/view;https://drive.google.com/uc?export=download&id=1SZPrkYJ2gVqrQmzkVVzpav7YDU8zmdtw;https://audiovisual-anima.github.io/thumbs-anima/anima-podcast/png/%23187%20-%20Carol%20Tizziani.png;#187 - Carol Tizziani.png
Anima Podcast;#189;Fé vs. obsessão;Diego Costa;https://youtu.be/M21Sf56eikk;https://www.canva.com/design/DAHT5VDGu2o/edit?page=7;7;https://drive.google.com/file/d/1zv8MUmVth9A51mB3iZZoyqtm7UoEcYaE/view;https://drive.google.com/uc?export=download&id=1zv8MUmVth9A51mB3iZZoyqtm7UoEcYaE;https://audiovisual-anima.github.io/thumbs-anima/anima-podcast/png/%23189%20-%20Diego%20Costa.png;#189 - Diego Costa.png
Anima Podcast;#190;Fátima: polêmicas e curiosidades;Pe. Cabecinhas e Marco Daniel;https://youtu.be/pIHcdS-Ozw4;https://www.canva.com/design/DAHT5IC7CDA/edit?page=25;25;https://drive.google.com/file/d/1quKEwTOLNih5icP1uOAVD-wO4_XVFnFj/view;https://drive.google.com/uc?export=download&id=1quKEwTOLNih5icP1uOAVD-wO4_XVFnFj;https://audiovisual-anima.github.io/thumbs-anima/anima-podcast/png/%23190%20-%20Pe.%20Cabecinhas%20e%20Marco%20Daniel.png;#190 - Pe. Cabecinhas e Marco Daniel.png
Anima Podcast;#191;O que seus filhos escondem?;Elizabete Possidente;https://youtu.be/_M4ZRsZZc4s;https://www.canva.com/design/DAHT5G-VT0s/edit?page=8;8;https://drive.google.com/file/d/1LuAWIzoSsnDsQT3L6Wa1k_47K5CgZ7_j/view;https://drive.google.com/uc?export=download&id=1LuAWIzoSsnDsQT3L6Wa1k_47K5CgZ7_j;https://audiovisual-anima.github.io/thumbs-anima/anima-podcast/png/%23191%20-%20Elizabete%20Possidente.png;#191 - Elizabete Possidente.png
Anima Podcast;#192;Onde está isso na Bíblia?;Ariel Lazari;https://youtu.be/BGhJGzfqam4;https://www.canva.com/design/DAHT5VDGu2o/edit?page=6;6;https://drive.google.com/file/d/1m4h7VQ1t6jNRnzBfj8yL_pgROvVof4Hf/view;https://drive.google.com/uc?export=download&id=1m4h7VQ1t6jNRnzBfj8yL_pgROvVof4Hf;https://audiovisual-anima.github.io/thumbs-anima/anima-podcast/png/%23192%20-%20Ariel%20Lazari.png;#192 - Ariel Lazari.png
Anima Podcast;#193;Aparência importa?;Willian Celso;https://youtu.be/1tDkwhh_Ogw;https://www.canva.com/design/DAHT5VDGu2o/edit?page=5;5;https://drive.google.com/file/d/1ITaahZ5JD4XYtA975VlSuQ054r2QsUfk/view;https://drive.google.com/uc?export=download&id=1ITaahZ5JD4XYtA975VlSuQ054r2QsUfk;https://audiovisual-anima.github.io/thumbs-anima/anima-podcast/png/%23193%20-%20Willian%20Celso.png;#193 - Willian Celso.png
Anima Podcast;#194;Falso santo: a verdade sobre o narcisista;Elizabeth Pimentel;https://youtu.be/3PNdI4wcG-w;https://www.canva.com/design/DAHT5VDGu2o/edit?page=4;4;https://drive.google.com/file/d/1SJ8t522X5gSNDJn1Uh7jNMhy-4Zi8lMF/view;https://drive.google.com/uc?export=download&id=1SJ8t522X5gSNDJn1Uh7jNMhy-4Zi8lMF;https://audiovisual-anima.github.io/thumbs-anima/anima-podcast/png/%23194%20-%20Elizabeth%20Pimentel.png;#194 - Elizabeth Pimentel.png
Anima Podcast;#195;A filosofia proibida nas universidades;Renato Moraes;https://youtu.be/McC0-PowZz4;https://www.canva.com/design/DAHT5VDGu2o/edit?page=3;3;https://drive.google.com/file/d/1Uyt-J6Su8xmcZRgQ0fZpjAGAqu5IMKzV/view;https://drive.google.com/uc?export=download&id=1Uyt-J6Su8xmcZRgQ0fZpjAGAqu5IMKzV;https://audiovisual-anima.github.io/thumbs-anima/anima-podcast/png/%23195%20-%20Renato%20Moraes.png;#195 - Renato Moraes.png
Anima Podcast;#196;A era da IA: como não ficar para trás;Rica Barros;https://youtu.be/Ysjmhr24yeA;https://www.canva.com/design/DAHT5VDGu2o/edit?page=2;2;https://drive.google.com/file/d/1PI8iMNVz66GCHj2cr4rmNcqxQ-ZLhGRr/view;https://drive.google.com/uc?export=download&id=1PI8iMNVz66GCHj2cr4rmNcqxQ-ZLhGRr;https://audiovisual-anima.github.io/thumbs-anima/anima-podcast/png/%23196%20-%20Rica%20Barros.png;#196 - Rica Barros.png
Anima Podcast;#197;Anabolizante deixa impotente?;Diogo Wink;https://youtu.be/od8FYbS0ufI;https://www.canva.com/design/DAHT5G-VT0s/edit?page=7;7;https://drive.google.com/file/d/1LG3WE_CFbOKeAjmsz6B7xWcAYjInMNYg/view;https://drive.google.com/uc?export=download&id=1LG3WE_CFbOKeAjmsz6B7xWcAYjInMNYg;https://audiovisual-anima.github.io/thumbs-anima/anima-podcast/png/%23197%20-%20Diogo%20Wink.png;#197 - Diogo Wink.png
Anima Podcast;#198;Conclave 2025: tudo sobre a eleição do novo Papa;Monsenhor Sérgio;https://youtu.be/RrNxoPUYAXc;https://www.canva.com/design/DAHT5VDGu2o/edit?page=12;12;https://drive.google.com/file/d/1xnIPrkzXnVM1nsvZFkcu7CPiLArAOa99/view;https://drive.google.com/uc?export=download&id=1xnIPrkzXnVM1nsvZFkcu7CPiLArAOa99;https://audiovisual-anima.github.io/thumbs-anima/anima-podcast/png/%23198%20-%20Monsenhor%20S%C3%A9rgio.png;#198 - Monsenhor Sérgio.png
Anima Podcast;#199;Proteja seus filhos do perigo espiritual;Angela Abdo;https://youtu.be/mD6KPc7yP68;https://www.canva.com/design/DAHT5VDGu2o/edit?page=19;19;https://drive.google.com/file/d/1YNNIL3kqm85EppjYeBSd-K7cAWe6tMrV/view;https://drive.google.com/uc?export=download&id=1YNNIL3kqm85EppjYeBSd-K7cAWe6tMrV;https://audiovisual-anima.github.io/thumbs-anima/anima-podcast/png/%23199%20-%20Angela%20Abdo.png;#199 - Angela Abdo.png
Anima Podcast;#200;Como tudo começou;Breno Faria;https://youtu.be/upsXFz4JiOc;https://www.canva.com/design/DAHT5VDGu2o/edit?page=18;18;https://drive.google.com/file/d/1eJUlAcHHtxWpa3aZGr9KIylgdIyPYkDn/view;https://drive.google.com/uc?export=download&id=1eJUlAcHHtxWpa3aZGr9KIylgdIyPYkDn;https://audiovisual-anima.github.io/thumbs-anima/anima-podcast/png/%23200%20-%20Breno%20Faria.png;#200 - Breno Faria.png
Anima Podcast;#201;Milagres ainda acontecem? Como a Igreja investiga?;Dom Roberto Lopes;https://youtu.be/aatnVaXe4Jc;https://www.canva.com/design/DAHT5VDGu2o/edit?page=17;17;https://drive.google.com/file/d/1rX-tkJFxwbsmPMj8TSOC6CC_EegWgdh6/view;https://drive.google.com/uc?export=download&id=1rX-tkJFxwbsmPMj8TSOC6CC_EegWgdh6;https://audiovisual-anima.github.io/thumbs-anima/anima-podcast/png/%23201%20-%20Dom%20Roberto%20Lopes.png;#201 - Dom Roberto Lopes.png
Anima Podcast;#202;A rotina que forja a mente;Vitor Becker;https://youtu.be/CScKu0D7I-s;https://www.canva.com/design/DAHT5VDGu2o/edit?page=16;16;https://drive.google.com/file/d/1zYqty2L7BfH6MC1VZghlejnpcEs1ohqq/view;https://drive.google.com/uc?export=download&id=1zYqty2L7BfH6MC1VZghlejnpcEs1ohqq;https://audiovisual-anima.github.io/thumbs-anima/anima-podcast/png/%23202%20-%20Vitor%20Becker.png;#202 - Vitor Becker.png
Anima Podcast;#203;De R$800 na feira a 175 lojas;Renato Villarinho;https://youtu.be/DspcI533UaA;https://www.canva.com/design/DAHT5VDGu2o/edit?page=15;15;https://drive.google.com/file/d/1_KCgZJ9hb8Re2yb6wHc_nI0CDH1LLPQs/view;https://drive.google.com/uc?export=download&id=1_KCgZJ9hb8Re2yb6wHc_nI0CDH1LLPQs;https://audiovisual-anima.github.io/thumbs-anima/anima-podcast/png/%23203%20-%20Renato%20Villarinho.png;#203 - Renato Villarinho.png
Anima Podcast;#204;Família Cristelo: música, amor e fé;Glaucio e Tay Cristelo;https://youtu.be/kjXTDqY_91M;https://www.canva.com/design/DAHU6Mrajks/edit?page=13;13;https://drive.google.com/file/d/1bXf3ftGDoKbp2KFyi17aCPaZJltgbXNa/view;https://drive.google.com/uc?export=download&id=1bXf3ftGDoKbp2KFyi17aCPaZJltgbXNa;https://audiovisual-anima.github.io/thumbs-anima/anima-podcast/png/%23204%20-%20Glaucio%20e%20Tay%20Cristelo.png;#204 - Glaucio e Tay Cristelo.png
Anima Podcast;#205;Bebês reborn: moda inocente ou fuga da realidade?;Simone Fuzaro;https://youtu.be/sBnnhMYuL20;https://www.canva.com/design/DAHT5VDGu2o/edit?page=14;14;https://drive.google.com/file/d/1dmVvs5f_ruJiFFFwnWqXCgh8hSyZEACE/view;https://drive.google.com/uc?export=download&id=1dmVvs5f_ruJiFFFwnWqXCgh8hSyZEACE;https://audiovisual-anima.github.io/thumbs-anima/anima-podcast/png/%23205%20-%20Simone%20Fuzaro.png;#205 - Simone Fuzaro.png
Anima Podcast;#206;O que a IA realmente significa para o futuro;Ramon Palomo;https://youtu.be/w0aQlgRtrOg;https://www.canva.com/design/DAHT5VDGu2o/edit?page=13;13;https://drive.google.com/file/d/1a9jNdGyX4Ay46gclI6nxsm9q1u2ZC0Og/view;https://drive.google.com/uc?export=download&id=1a9jNdGyX4Ay46gclI6nxsm9q1u2ZC0Og;https://audiovisual-anima.github.io/thumbs-anima/anima-podcast/png/%23206%20-%20Ramon%20Palomo.png;#206 - Ramon Palomo.png
Anima Podcast;#207;Dinheiro e fé: o maior erro que os católicos cometem;Marcelo Malta;https://youtu.be/M9uD2J8gH_0;https://www.canva.com/design/DAHT5VDGu2o/edit?page=20;20;https://drive.google.com/file/d/1GvVt4t3QBRw5JX87a3gvUstE-V6h1Q0x/view;https://drive.google.com/uc?export=download&id=1GvVt4t3QBRw5JX87a3gvUstE-V6h1Q0x;https://audiovisual-anima.github.io/thumbs-anima/anima-podcast/png/%23207%20-%20Marcelo%20Malta.png;#207 - Marcelo Malta.png
Anima Podcast;#208;Usava 40 pedras de crack por dia e sobrevivi para contar;João Blota;https://youtu.be/8ypvOIu8sq4;https://www.canva.com/design/DAHT5VDGu2o/edit?page=21;21;https://drive.google.com/file/d/1jBp9QZU2RBV9akHF3SGvzzKlwJNqDer3/view;https://drive.google.com/uc?export=download&id=1jBp9QZU2RBV9akHF3SGvzzKlwJNqDer3;https://audiovisual-anima.github.io/thumbs-anima/anima-podcast/png/%23208%20-%20Jo%C3%A3o%20Blota.png;#208 - João Blota.png
Anima Podcast;#209;O lado sombrio da internet que ameaça crianças;Bel Martins;https://youtu.be/M-TlQaeuwYc;https://www.canva.com/design/DAHT5VDGu2o/edit?page=22;22;https://drive.google.com/file/d/1layWMa1f1vt2l6-ce1JrAup3tvHQi1YL/view;https://drive.google.com/uc?export=download&id=1layWMa1f1vt2l6-ce1JrAup3tvHQi1YL;https://audiovisual-anima.github.io/thumbs-anima/anima-podcast/png/%23209%20-%20Bel%20Martins.png;#209 - Bel Martins.png
Anima Podcast;#210;Música católica furando a bolha;Herrison Pontes e Jessica Dias;https://youtu.be/kEwArRzu6vQ;https://www.canva.com/design/DAHT4wC4lb4/edit?page=25;25;https://drive.google.com/file/d/1GJBOKzuWEgn-5223xjmvF-vhYfjwpHId/view;https://drive.google.com/uc?export=download&id=1GJBOKzuWEgn-5223xjmvF-vhYfjwpHId;https://audiovisual-anima.github.io/thumbs-anima/anima-podcast/png/%23210%20-%20Herrison%20Pontes%20e%20Jessica%20Dias.png;#210 - Herrison Pontes e Jessica Dias.png
Anima Podcast;#211;A verdade sombria sobre o funk;Alvaro Siviero;https://youtu.be/8F4dA0MzLHE;https://www.canva.com/design/DAHT4wC4lb4/edit?page=24;24;https://drive.google.com/file/d/1t-O7ztEibJqADSCYFxycUSlKn6kY_3ze/view;https://drive.google.com/uc?export=download&id=1t-O7ztEibJqADSCYFxycUSlKn6kY_3ze;https://audiovisual-anima.github.io/thumbs-anima/anima-podcast/png/%23211%20-%20Alvaro%20Siviero.png;#211 - Alvaro Siviero.png
Anima Podcast;#212;Os segredos de um casamento feliz;Kenya Camerotte e Berthaldo Soares;https://youtu.be/NCwn2ChWqe0;https://www.canva.com/design/DAHT5NXToGQ/edit?page=3;3;https://drive.google.com/file/d/1q2QwDgOx4KhIwnN_c4eIakoX2u12CVD2/view;https://drive.google.com/uc?export=download&id=1q2QwDgOx4KhIwnN_c4eIakoX2u12CVD2;https://audiovisual-anima.github.io/thumbs-anima/anima-podcast/png/%23212%20-%20Kenya%20Camerotte%20e%20Berthaldo%20Soares.png;#212 - Kenya Camerotte e Berthaldo Soares.png
Anima Podcast;#213;Padre Paulo Ricardo é herege?;Pedro Affonseca;https://youtu.be/IpU7stKF4AE;https://www.canva.com/design/DAHT4wC4lb4/edit?page=23;23;https://drive.google.com/file/d/1b1J7eUlmUV87jWisVLSWOlmW38lPEmod/view;https://drive.google.com/uc?export=download&id=1b1J7eUlmUV87jWisVLSWOlmW38lPEmod;https://audiovisual-anima.github.io/thumbs-anima/anima-podcast/png/%23213%20-%20Pedro%20Affonseca.png;#213 - Pedro Affonseca.png
Anima Podcast;#214;Os 4 desejos ocultos das mulheres;Mari Vabo;https://youtu.be/67Kfkz8d_HI;https://www.canva.com/design/DAHT4wC4lb4/edit?page=22;22;https://drive.google.com/file/d/1F2NiAsJyuKohxl8rSlJSiwiogfuj5P7B/view;https://drive.google.com/uc?export=download&id=1F2NiAsJyuKohxl8rSlJSiwiogfuj5P7B;https://audiovisual-anima.github.io/thumbs-anima/anima-podcast/png/%23214%20-%20Mari%20Vabo.png;#214 - Mari Vabo.png
Anima Podcast;#215;Câncer de mama: 85% é evitável;Daniel Buttros;https://youtu.be/Dw_tIh4ZBtw;https://www.canva.com/design/DAHT5G-VT0s/edit?page=6;6;https://drive.google.com/file/d/1gaClcSn0Xa1I0vC4mlZmX6i4B96u8hhq/view;https://drive.google.com/uc?export=download&id=1gaClcSn0Xa1I0vC4mlZmX6i4B96u8hhq;https://audiovisual-anima.github.io/thumbs-anima/anima-podcast/png/%23215%20-%20Daniel%20Buttros.png;#215 - Daniel Buttros.png
Anima Podcast;#216;Encontrei Deus no fundo do poço;Alam Carrion;https://youtu.be/90Ti41Kikmk;https://www.canva.com/design/DAHT4wC4lb4/edit?page=21;21;https://drive.google.com/file/d/1wjX6JxIKWw0qlq_Ba0XCRjaexVMOWYHH/view;https://drive.google.com/uc?export=download&id=1wjX6JxIKWw0qlq_Ba0XCRjaexVMOWYHH;https://audiovisual-anima.github.io/thumbs-anima/anima-podcast/png/%23216%20-%20Alam%20Carrion.png;#216 - Alam Carrion.png
Anima Podcast;#217;A Santa Carona;Guilherme Cadoiss;https://youtu.be/ICmfpPS_1yI;https://www.canva.com/design/DAHT4wC4lb4/edit?page=20;20;https://drive.google.com/file/d/1L0n5nghY7DN59uOirzhvmsCZCaX6wVmn/view;https://drive.google.com/uc?export=download&id=1L0n5nghY7DN59uOirzhvmsCZCaX6wVmn;https://audiovisual-anima.github.io/thumbs-anima/anima-podcast/png/%23217%20-%20Guilherme%20Cadoiss.png;#217 - Guilherme Cadoiss.png
Anima Podcast;#218;Como superar a dor e o sofrimento;Luis Enrique Carmelo;https://youtu.be/e9OMSLJBvSE;https://www.canva.com/design/DAHT4wC4lb4/edit?page=19;19;https://drive.google.com/file/d/1V_IcfFUAGxI0Nub38DUgWNfDw8gKhYKm/view;https://drive.google.com/uc?export=download&id=1V_IcfFUAGxI0Nub38DUgWNfDw8gKhYKm;https://audiovisual-anima.github.io/thumbs-anima/anima-podcast/png/%23218%20-%20Luis%20Enrique%20Carmelo.png;#218 - Luis Enrique Carmelo.png
Anima Podcast;#219;A arma contra a gula;Isa Latuf;https://youtu.be/80M2-epM2-E;https://www.canva.com/design/DAHT4wC4lb4/edit?page=18;18;https://drive.google.com/file/d/1Irfs1H8ErOtxkFa1f1oR-iTp32lc9SmX/view;https://drive.google.com/uc?export=download&id=1Irfs1H8ErOtxkFa1f1oR-iTp32lc9SmX;https://audiovisual-anima.github.io/thumbs-anima/anima-podcast/png/%23219%20-%20Isa%20Latuf.png;#219 - Isa Latuf.png
Anima Podcast;#220;Escalando até o Céu;Luciano Bandeira;https://youtu.be/1et5n81WNZk;https://www.canva.com/design/DAHT4wC4lb4/edit?page=17;17;https://drive.google.com/file/d/1QjQork56p4iNCz9zYGOBSpu-I_KCTJk9/view;https://drive.google.com/uc?export=download&id=1QjQork56p4iNCz9zYGOBSpu-I_KCTJk9;https://audiovisual-anima.github.io/thumbs-anima/anima-podcast/png/%23220%20-%20Luciano%20Bandeira.png;#220 - Luciano Bandeira.png
Anima Podcast;#221;"O ""chip da beleza"" é uma farsa?";Diogo Viana;https://youtu.be/1UrrzhjXxc4;https://www.canva.com/design/DAHT5G-VT0s/edit?page=5;5;https://drive.google.com/file/d/1Vk6cDHgS_tPYm8ttn6-BLSsQNE2WL5Dn/view;https://drive.google.com/uc?export=download&id=1Vk6cDHgS_tPYm8ttn6-BLSsQNE2WL5Dn;https://audiovisual-anima.github.io/thumbs-anima/anima-podcast/png/%23221%20-%20Diogo%20Viana.png;#221 - Diogo Viana.png
Anima Podcast;#222;O Rock é satânico?;Danilo Lopes;https://youtu.be/PaOlD-oMbd0;https://www.canva.com/design/DAHT4wC4lb4/edit?page=16;16;https://drive.google.com/file/d/1666U-63fVeO9KwXH0RqQQ00K0-FXTBHB/view;https://drive.google.com/uc?export=download&id=1666U-63fVeO9KwXH0RqQQ00K0-FXTBHB;https://audiovisual-anima.github.io/thumbs-anima/anima-podcast/png/%23222%20-%20Danilo%20Lopes.png;#222 - Danilo Lopes.png
Anima Podcast;#223;Vá mais rápido para o Céu;Pe. Renato Teixeira;https://youtu.be/JmSQRMpqWjg;https://www.canva.com/design/DAHT4wC4lb4/edit?page=15;15;https://drive.google.com/file/d/18pfQL79TILSokPs_SN3xawLsvbcamBtF/view;https://drive.google.com/uc?export=download&id=18pfQL79TILSokPs_SN3xawLsvbcamBtF;https://audiovisual-anima.github.io/thumbs-anima/anima-podcast/png/%23223%20-%20Pe.%20Renato%20Teixeira.png;#223 - Pe. Renato Teixeira.png
Anima Podcast;#224;Seu casamento pode ser nulo?;Pe. Alex Nogueira;https://youtu.be/QkSNKLt79Js;https://www.canva.com/design/DAHT4wC4lb4/edit?page=14;14;https://drive.google.com/file/d/1Yrw6wBtdC_dTIRtUJned2dJXk33A_dN_/view;https://drive.google.com/uc?export=download&id=1Yrw6wBtdC_dTIRtUJned2dJXk33A_dN_;https://audiovisual-anima.github.io/thumbs-anima/anima-podcast/png/%23224%20-%20Pe.%20Alex%20Nogueira.png;#224 - Pe. Alex Nogueira.png
Anima Podcast;#225;Não entre no digital sem isso;Ítalo Marsili;https://youtu.be/gJjZvbFBass;https://www.canva.com/design/DAHT4wC4lb4/edit?page=13;13;https://drive.google.com/file/d/1u0LSoybkG3qR0j1hiLg7JZlRLlrLzd6Z/view;https://drive.google.com/uc?export=download&id=1u0LSoybkG3qR0j1hiLg7JZlRLlrLzd6Z;https://audiovisual-anima.github.io/thumbs-anima/anima-podcast/png/%23225%20-%20%C3%8Dtalo%20Marsili.png;#225 - Ítalo Marsili.png
Anima Podcast;#226;Fui ateu e comunista;Gabriel Kanner;https://youtu.be/d7l24KP1_Ok;https://www.canva.com/design/DAHT4wC4lb4/edit?page=12;12;https://drive.google.com/file/d/18NR9uIaNO_voEgPBL3xo0tR3GPdqe3pN/view;https://drive.google.com/uc?export=download&id=18NR9uIaNO_voEgPBL3xo0tR3GPdqe3pN;https://audiovisual-anima.github.io/thumbs-anima/anima-podcast/png/%23226%20-%20Gabriel%20Kanner.png;#226 - Gabriel Kanner.png
Anima Podcast;#227;Caí protestante, levantei católico;Frei Angelo Faitanin;https://youtu.be/PH5mzWC9M1A;https://www.canva.com/design/DAHT4wC4lb4/edit?page=11;11;https://drive.google.com/file/d/1bz56VLtgBRMgNSfavNtCQV2FXkx7azhm/view;https://drive.google.com/uc?export=download&id=1bz56VLtgBRMgNSfavNtCQV2FXkx7azhm;https://audiovisual-anima.github.io/thumbs-anima/anima-podcast/png/%23227%20-%20Frei%20Angelo%20Faitanin.png;#227 - Frei Angelo Faitanin.png
Anima Podcast;#228;Eu estava nas garras de Satanás;Tony Allysson;https://youtu.be/f17aAhp76aQ;https://www.canva.com/design/DAHT4wC4lb4/edit?page=10;10;https://drive.google.com/file/d/1qPnXnxD9RiUFOv_1YajMAY2A8cqvrMAT/view;https://drive.google.com/uc?export=download&id=1qPnXnxD9RiUFOv_1YajMAY2A8cqvrMAT;https://audiovisual-anima.github.io/thumbs-anima/anima-podcast/png/%23228%20-%20Tony%20Allysson.png;#228 - Tony Allysson.png
Anima Podcast;#229;A verdade sobre o Sudário;Vera Tostes;https://youtu.be/Wxzi8a2WhGI;https://www.canva.com/design/DAHT4wC4lb4/edit?page=9;9;https://drive.google.com/file/d/1QgQiWNYUgJTXUdH2T9_0RhMvEgQYJG2R/view;https://drive.google.com/uc?export=download&id=1QgQiWNYUgJTXUdH2T9_0RhMvEgQYJG2R;https://audiovisual-anima.github.io/thumbs-anima/anima-podcast/png/%23229%20-%20Vera%20Tostes.png;#229 - Vera Tostes.png
Anima Podcast;#230;Se eu estivesse no Irã, estaria morta;Mahsima Nadim;https://youtu.be/sQNcblHlRNE;https://www.canva.com/design/DAHT4wC4lb4/edit?page=8;8;https://drive.google.com/file/d/1JGfHz0ChrCg37ZiVjsEmkNhbWDkmHinD/view;https://drive.google.com/uc?export=download&id=1JGfHz0ChrCg37ZiVjsEmkNhbWDkmHinD;https://audiovisual-anima.github.io/thumbs-anima/anima-podcast/png/%23230%20-%20Mahsima%20Nadim.png;#230 - Mahsima Nadim.png
Anima Podcast;#231;O quadro que adoecia as pessoas;Paulo Frade;https://youtu.be/AiYmdLGtOzs;https://www.canva.com/design/DAHT4wC4lb4/edit?page=7;7;https://drive.google.com/file/d/1fU5VSJ-RxlmV1peO61Of9m2dBeuMhAc5/view;https://drive.google.com/uc?export=download&id=1fU5VSJ-RxlmV1peO61Of9m2dBeuMhAc5;https://audiovisual-anima.github.io/thumbs-anima/anima-podcast/png/%23231%20-%20Paulo%20Frade.png;#231 - Paulo Frade.png
Anima Podcast;#232;A boa música é remédio para a alma;Alex Cohen;https://youtu.be/7QB_Edaxla0;https://www.canva.com/design/DAHT4wC4lb4/edit?page=6;6;https://drive.google.com/file/d/1yjZrZ8Y1LB957VHspWMylRs7HppMqoTl/view;https://drive.google.com/uc?export=download&id=1yjZrZ8Y1LB957VHspWMylRs7HppMqoTl;https://audiovisual-anima.github.io/thumbs-anima/anima-podcast/png/%23232%20-%20Alex%20Cohen.png;#232 - Alex Cohen.png
Anima Podcast;#233;Quando o casamento comeca a morrer;Yasmin Fleming;https://youtu.be/6UzvbhpWOl8;https://www.canva.com/design/DAHT4wC4lb4/edit?page=5;5;https://drive.google.com/file/d/1nP6VDljj5LnCwPIVC6HC47V53cMwmKVk/view;https://drive.google.com/uc?export=download&id=1nP6VDljj5LnCwPIVC6HC47V53cMwmKVk;https://audiovisual-anima.github.io/thumbs-anima/anima-podcast/png/%23233%20-%20Yasmin%20Fleming.png;#233 - Yasmin Fleming.png
Anima Podcast;#234;Não pecar contra a castidade;José Roberto e Maria Carolina;https://youtu.be/AcS0JtEP1Ic;https://www.canva.com/design/DAHT4wC4lb4/edit?page=4;4;https://drive.google.com/file/d/16lLm56zTHvdEMGdXXhMEaUIUfJEmvPqA/view;https://drive.google.com/uc?export=download&id=16lLm56zTHvdEMGdXXhMEaUIUfJEmvPqA;https://audiovisual-anima.github.io/thumbs-anima/anima-podcast/png/%23234%20-%20Jos%C3%A9%20Roberto%20e%20Maria%20Carolina.png;#234 - José Roberto e Maria Carolina.png
Anima Podcast;#235;O lado silencioso do autismo;Thiago Castro;https://youtu.be/7qDyO0PtR2k;https://www.canva.com/design/DAHT5G-VT0s/edit?page=4;4;https://drive.google.com/file/d/1U1QkWq3wGVKHHz1n4-so3aO3WoLOPFuf/view;https://drive.google.com/uc?export=download&id=1U1QkWq3wGVKHHz1n4-so3aO3WoLOPFuf;https://audiovisual-anima.github.io/thumbs-anima/anima-podcast/png/%23235%20-%20Thiago%20Castro.png;#235 - Thiago Castro.png
Anima Podcast;#236;O Papa usa isso;Martinho Rocha;https://youtu.be/oepkIOL5YXE;https://www.canva.com/design/DAHT5VDGu2o/edit?page=50;50;https://drive.google.com/file/d/10yFxX3kzhOfBvnz5K024zJUtQW_ow7Ii/view;https://drive.google.com/uc?export=download&id=10yFxX3kzhOfBvnz5K024zJUtQW_ow7Ii;https://audiovisual-anima.github.io/thumbs-anima/anima-podcast/png/%23236%20-%20Martinho%20Rocha.png;#236 - Martinho Rocha.png
Anima Podcast;#237;Muito mais que um padre gato;Pe. Jefferson Merighetti;https://youtu.be/ejbuMr9sExQ;https://www.canva.com/design/DAHT5VDGu2o/edit?page=49;49;https://drive.google.com/file/d/1KpmMrCa_QSpoPFuswzDmRckAqg7f1u-q/view;https://drive.google.com/uc?export=download&id=1KpmMrCa_QSpoPFuswzDmRckAqg7f1u-q;https://audiovisual-anima.github.io/thumbs-anima/anima-podcast/png/%23237%20-%20Pe.%20Jefferson%20Merighetti.png;#237 - Pe. Jefferson Merighetti.png
Anima Podcast;#238;O testamento escondido de São Carlo Acutis;Pe. Fabio Vieira;https://youtu.be/SbtdzZr-COo;https://www.canva.com/design/DAHT5VDGu2o/edit?page=48;48;https://drive.google.com/file/d/1QOGZ7r61l7NTLPNqfkozYTEtVgLIZYPb/view;https://drive.google.com/uc?export=download&id=1QOGZ7r61l7NTLPNqfkozYTEtVgLIZYPb;https://audiovisual-anima.github.io/thumbs-anima/anima-podcast/png/%23238%20-%20Pe.%20Fabio%20Vieira.png;#238 - Pe. Fabio Vieira.png
Anima Podcast;#239;Eu não contrato esquerdista;Tallis Gomes;https://youtu.be/79lRxfQ_-bQ;https://www.canva.com/design/DAHT5VDGu2o/edit?page=47;47;https://drive.google.com/file/d/1hckrq4tFRgaQLouirD5y6DTO3oc8bn2B/view;https://drive.google.com/uc?export=download&id=1hckrq4tFRgaQLouirD5y6DTO3oc8bn2B;https://audiovisual-anima.github.io/thumbs-anima/anima-podcast/png/%23239%20-%20Tallis%20Gomes.png;#239 - Tallis Gomes.png
Anima Podcast;#240;Sem isso, não é TDAH;Raphael Rangel;https://youtu.be/VjIGGw3NPZA;https://www.canva.com/design/DAHT5G-VT0s/edit?page=3;3;https://drive.google.com/file/d/17sflWSYzssBVUV7DTvTn09tF1VGluJ78/view;https://drive.google.com/uc?export=download&id=17sflWSYzssBVUV7DTvTn09tF1VGluJ78;https://audiovisual-anima.github.io/thumbs-anima/anima-podcast/png/%23240%20-%20Raphael%20Rangel.png;#240 - Raphael Rangel.png
Anima Podcast;#241;Milagres através de Santa Rita;Céci Portugal e Filipe Santos;https://youtu.be/GAUySehdQzc;https://www.canva.com/design/DAHT5IC7CDA/edit?page=24;24;https://drive.google.com/file/d/1Foom-GRr7PaNzDltGRGqmqxhIuU5J2Zu/view;https://drive.google.com/uc?export=download&id=1Foom-GRr7PaNzDltGRGqmqxhIuU5J2Zu;https://audiovisual-anima.github.io/thumbs-anima/anima-podcast/png/%23241%20-%20C%C3%A9ci%20Portugal%20e%20Filipe%20Santos.png;#241 - Céci Portugal e Filipe Santos.png
Anima Podcast;#242;Segredos dos Santuários Marianos;Kenya e Berthaldo;https://youtu.be/vULBGcoE_sE;https://www.canva.com/design/DAHT5IC7CDA/edit?page=23;23;https://drive.google.com/file/d/1Sm6D9Y3_NzTqGIYNE5KG47VF2Ysa76me/view;https://drive.google.com/uc?export=download&id=1Sm6D9Y3_NzTqGIYNE5KG47VF2Ysa76me;https://audiovisual-anima.github.io/thumbs-anima/anima-podcast/png/%23242%20-%20Kenya%20e%20Berthaldo.png;#242 - Kenya e Berthaldo.png
Anima Podcast;#243;Ex-grávida de Taubaté;Maria Verônica;https://youtu.be/mdFW-1yQFBM;https://www.canva.com/design/DAHT5VDGu2o/edit?page=46;46;https://drive.google.com/file/d/138bn8Q9ihFz4f-n06Qywr38owX3N-hk7/view;https://drive.google.com/uc?export=download&id=138bn8Q9ihFz4f-n06Qywr38owX3N-hk7;https://audiovisual-anima.github.io/thumbs-anima/anima-podcast/png/%23243%20-%20Maria%20Ver%C3%B4nica.png;#243 - Maria Verônica.png
Anima Podcast;#244;Apocalipse: 3 dias de trevas?;Lucas Gelasio;https://youtu.be/0xhJLxyZ4k4;https://www.canva.com/design/DAHT5VDGu2o/edit?page=45;45;https://drive.google.com/file/d/1PPo1Jip5SUdzLuw_YB9R615l6If_GdtQ/view;https://drive.google.com/uc?export=download&id=1PPo1Jip5SUdzLuw_YB9R615l6If_GdtQ;https://audiovisual-anima.github.io/thumbs-anima/anima-podcast/png/%23244%20-%20Lucas%20Gelasio.png;#244 - Lucas Gelasio.png
Anima Podcast;#245;Fazer isso é desobedecer a Deus;Matheus Machado;https://youtu.be/qNNjTcVK4ac;https://www.canva.com/design/DAHT5VDGu2o/edit?page=44;44;https://drive.google.com/file/d/1qzUs1RkvuhdEuvsr8B4JQT5avEckX4qd/view;https://drive.google.com/uc?export=download&id=1qzUs1RkvuhdEuvsr8B4JQT5avEckX4qd;https://audiovisual-anima.github.io/thumbs-anima/anima-podcast/png/%23245%20-%20Matheus%20Machado.png;#245 - Matheus Machado.png
Anima Podcast;#246;Viver só da Eucaristia?;Cláudio Bomtempo;https://youtu.be/M9ea_aSvUVE;https://www.canva.com/design/DAHT5G-VT0s/edit?page=2;2;https://drive.google.com/file/d/110nd5_rk1uBIcruqdIqHrOCSmAoHrm_9/view;https://drive.google.com/uc?export=download&id=110nd5_rk1uBIcruqdIqHrOCSmAoHrm_9;https://audiovisual-anima.github.io/thumbs-anima/anima-podcast/png/%23246%20-%20Cl%C3%A1udio%20Bomtempo.png;#246 - Cláudio Bomtempo.png
Anima Podcast;#247;Parei de gritar com meus filhos;Esther Biselli;https://youtu.be/EAn00k33IjI;https://www.canva.com/design/DAHT5VDGu2o/edit?page=43;43;https://drive.google.com/file/d/1bxQ7F0qhkLbMWPo9CmrnsuRkolOtHKPx/view;https://drive.google.com/uc?export=download&id=1bxQ7F0qhkLbMWPo9CmrnsuRkolOtHKPx;https://audiovisual-anima.github.io/thumbs-anima/anima-podcast/png/%23247%20-%20Esther%20Biselli.png;#247 - Esther Biselli.png
Anima Podcast;#248;Isso fez um pastor virar católico;Altamir Gomes;https://youtu.be/9ehvMBwHqU0;https://www.canva.com/design/DAHT5VDGu2o/edit?page=51;51;https://drive.google.com/file/d/1IX9EtWiJShJVx1AIrQbrKhO90X4Vn4zu/view;https://drive.google.com/uc?export=download&id=1IX9EtWiJShJVx1AIrQbrKhO90X4Vn4zu;https://audiovisual-anima.github.io/thumbs-anima/anima-podcast/png/%23248%20-%20Altamir%20Gomes.png;#248 - Altamir Gomes.png
Anima Podcast;#249;Maria é corredentora?;Pe. Francisco Amaral;https://youtu.be/O6pkvuXUuwk;https://www.canva.com/design/DAHT5VDGu2o/edit?page=82;82;https://drive.google.com/file/d/18ei5gAhLlNIt53p-c5HhpcoVu1ImDm2x/view;https://drive.google.com/uc?export=download&id=18ei5gAhLlNIt53p-c5HhpcoVu1ImDm2x;https://audiovisual-anima.github.io/thumbs-anima/anima-podcast/png/%23249%20-%20Pe.%20Francisco%20Amaral.png;#249 - Pe. Francisco Amaral.png
Anima Podcast;#250;O segredo da estátua de São Miguel;Pe. Márcio Almeida;https://youtu.be/CctgGtOmdSI;https://www.canva.com/design/DAHT5VDGu2o/edit?page=81;81;https://drive.google.com/file/d/1-jowLIzbN_pT8OpvmeiYDQQEJaPulr1v/view;https://drive.google.com/uc?export=download&id=1-jowLIzbN_pT8OpvmeiYDQQEJaPulr1v;https://audiovisual-anima.github.io/thumbs-anima/anima-podcast/png/%23250%20-%20Pe.%20M%C3%A1rcio%20Almeida.png;#250 - Pe. Márcio Almeida.png
Anima Podcast;#251;O cantor coreano que virou católico;Junho Chu;https://youtu.be/4SkFPqKyFI4;https://www.canva.com/design/DAHT5VDGu2o/edit?page=80;80;https://drive.google.com/file/d/1RS2v_RvbaJQBoQj1ZIvASR0tdO00m98S/view;https://drive.google.com/uc?export=download&id=1RS2v_RvbaJQBoQj1ZIvASR0tdO00m98S;https://audiovisual-anima.github.io/thumbs-anima/anima-podcast/png/%23251%20-%20Junho%20Chu.png;#251 - Junho Chu.png
Anima Podcast;#252;As profecias de Cimbres para o Brasil;Ione Paiva;https://youtu.be/yuVIJxy9EX8;https://www.canva.com/design/DAHT5VDGu2o/edit?page=79;79;https://drive.google.com/file/d/1b11NyuvIrYN_-nCixjrUSrXsMYirG6LF/view;https://drive.google.com/uc?export=download&id=1b11NyuvIrYN_-nCixjrUSrXsMYirG6LF;https://audiovisual-anima.github.io/thumbs-anima/anima-podcast/png/%23252%20-%20Ione%20Paiva.png;#252 - Ione Paiva.png
Anima Podcast;#253;É por isso que você está sempre ansioso;Pedrinho Salomão;https://youtu.be/Kr1BWS55NrM;https://www.canva.com/design/DAHT5VDGu2o/edit?page=78;78;https://drive.google.com/file/d/1aouCJtwBnmh3g8i64pJiqCrMMspnPQvM/view;https://drive.google.com/uc?export=download&id=1aouCJtwBnmh3g8i64pJiqCrMMspnPQvM;https://audiovisual-anima.github.io/thumbs-anima/anima-podcast/png/%23253%20-%20Pedrinho%20Salom%C3%A3o.png;#253 - Pedrinho Salomão.png
Anima Podcast;#254;A jornada de fé de Paloma Bernardi;Paloma Bernardi;https://youtu.be/p76WnRONF94;https://www.canva.com/design/DAHT5NXToGQ/edit?page=2;2;https://drive.google.com/file/d/1q8Vo34DQ08KwQx1JjPUg2cE1n62wup0L/view;https://drive.google.com/uc?export=download&id=1q8Vo34DQ08KwQx1JjPUg2cE1n62wup0L;https://audiovisual-anima.github.io/thumbs-anima/anima-podcast/png/%23254%20-%20Paloma%20Bernardi.png;#254 - Paloma Bernardi.png
Anima Podcast;#255;Esse erro prejudica sua imagem;Alexandra Bastos;https://youtu.be/xEQsjwoCIKc;https://www.canva.com/design/DAHT5VDGu2o/edit?page=77;77;https://drive.google.com/file/d/1DOslO-miNa0bIVjlivZp4JcIY5CefbDk/view;https://drive.google.com/uc?export=download&id=1DOslO-miNa0bIVjlivZp4JcIY5CefbDk;https://audiovisual-anima.github.io/thumbs-anima/anima-podcast/png/%23255%20-%20Alexandra%20Bastos.png;#255 - Alexandra Bastos.png
Anima Podcast;#256;Ser bonzinho é o caminho para o inferno;Pedro Augusto;https://youtu.be/4NInLStrVKM;https://www.canva.com/design/DAHT5VDGu2o/edit?page=76;76;https://drive.google.com/file/d/1uNa8GIrPyGPqb7MymRsgpElmBTH8bbHW/view;https://drive.google.com/uc?export=download&id=1uNa8GIrPyGPqb7MymRsgpElmBTH8bbHW;https://audiovisual-anima.github.io/thumbs-anima/anima-podcast/png/%23256%20-%20Pedro%20Augusto.png;#256 - Pedro Augusto.png
Anima Podcast;#257;É por isso que muitos esfriam na fé;Thiago Dutra;https://youtu.be/ITA_aYs_4pw;https://www.canva.com/design/DAHT5VDGu2o/edit?page=75;75;https://drive.google.com/file/d/1T_I3OdM4xU_yhm2oCNhZ3mDiShDdCVMY/view;https://drive.google.com/uc?export=download&id=1T_I3OdM4xU_yhm2oCNhZ3mDiShDdCVMY;https://audiovisual-anima.github.io/thumbs-anima/anima-podcast/png/%23257%20-%20Thiago%20Dutra.png;#257 - Thiago Dutra.png
Anima Podcast;#258;O milagre que virou filme;Marcus e Yanna Varandas;https://youtu.be/5IvvhGzAX3k;https://www.canva.com/design/DAHT5IC7CDA/edit?page=22;22;https://drive.google.com/file/d/1E8hLPyjnicj0S4pAn5L41RMtozREYCoV/view;https://drive.google.com/uc?export=download&id=1E8hLPyjnicj0S4pAn5L41RMtozREYCoV;https://audiovisual-anima.github.io/thumbs-anima/anima-podcast/png/%23258%20-%20Marcus%20e%20Yanna%20Varandas.png;#258 - Marcus e Yanna Varandas.png
Anima Podcast;#259;O nascimento de Jesus;Alvaro Siviero e Sérgio Resende;https://youtu.be/7EeH8OGv650;https://www.canva.com/design/DAHT5IC7CDA/edit?page=21;21;https://drive.google.com/file/d/1P2VMiBaSrQw1zshBJiQfTNrHJKrUQ3t1/view;https://drive.google.com/uc?export=download&id=1P2VMiBaSrQw1zshBJiQfTNrHJKrUQ3t1;https://audiovisual-anima.github.io/thumbs-anima/anima-podcast/png/%23259%20-%20Alvaro%20Siviero%20e%20S%C3%A9rgio%20Resende.png;#259 - Alvaro Siviero e Sérgio Resende.png
Anima Podcast;#260;O que esperar de 2026;Diogo e Vanessa;https://youtu.be/455n0bv-y1I;https://www.canva.com/design/DAHT4wC4lb4/edit?page=3;3;https://drive.google.com/file/d/1L1C3-LR4e-hb26txhdEjFmhEuP67di_k/view;https://drive.google.com/uc?export=download&id=1L1C3-LR4e-hb26txhdEjFmhEuP67di_k;https://audiovisual-anima.github.io/thumbs-anima/anima-podcast/png/%23260%20-%20Diogo%20e%20Vanessa.png;#260 - Diogo e Vanessa.png
Anima Podcast;#261;O que não te contaram sobre Santo Agostinho;Joel Gracioso;https://youtu.be/EanZjNe4c_8;https://www.canva.com/design/DAHT5VDGu2o/edit?page=74;74;https://drive.google.com/file/d/1MFEliN7SCChPZPXL7jhryMw0ndFVDTSM/view;https://drive.google.com/uc?export=download&id=1MFEliN7SCChPZPXL7jhryMw0ndFVDTSM;https://audiovisual-anima.github.io/thumbs-anima/anima-podcast/png/%23261%20-%20Joel%20Gracioso.png;#261 - Joel Gracioso.png
Anima Podcast;#262;Esse foi o erro de Lutero;Filipe Santos;https://youtu.be/z1k7PgBJieU;https://www.canva.com/design/DAHT5VDGu2o/edit?page=73;73;https://drive.google.com/file/d/10oKTAxM869L1-EixQ5ihFdrVWFgYMCh7/view;https://drive.google.com/uc?export=download&id=10oKTAxM869L1-EixQ5ihFdrVWFgYMCh7;https://audiovisual-anima.github.io/thumbs-anima/anima-podcast/png/%23262%20-%20Filipe%20Santos.png;#262 - Filipe Santos.png
Anima Podcast;#263;Você está solteira por causa disso;Joyce Pessanha;https://youtu.be/iUJMdwKck-s;https://www.canva.com/design/DAHT5VDGu2o/edit?page=72;72;https://drive.google.com/file/d/1uWP3blyZHznmLSm8tqBgB4QwNhQXoJnm/view;https://drive.google.com/uc?export=download&id=1uWP3blyZHznmLSm8tqBgB4QwNhQXoJnm;https://audiovisual-anima.github.io/thumbs-anima/anima-podcast/png/%23263%20-%20Joyce%20Pessanha.png;#263 - Joyce Pessanha.png
Anima Podcast;#264;Casamento católico: não cometa esses erros;Simone Medeiros;https://youtu.be/ELgn6jdGA_I;https://www.canva.com/design/DAHT5VDGu2o/edit?page=71;71;https://drive.google.com/file/d/1rc6DRYvFZZC_cAZmVZuVjwRA8kmNqZTB/view;https://drive.google.com/uc?export=download&id=1rc6DRYvFZZC_cAZmVZuVjwRA8kmNqZTB;https://audiovisual-anima.github.io/thumbs-anima/anima-podcast/png/%23264%20-%20Simone%20Medeiros.png;#264 - Simone Medeiros.png
Anima Podcast;#265;Entrei infiltrado na esquerda;João Fernandes;https://youtu.be/HpdTF58pKdQ;https://www.canva.com/design/DAHT5VDGu2o/edit?page=70;70;https://drive.google.com/file/d/1P-tA8UaI_Oo88Dmc2cUtQ6jChiopY-5b/view;https://drive.google.com/uc?export=download&id=1P-tA8UaI_Oo88Dmc2cUtQ6jChiopY-5b;https://audiovisual-anima.github.io/thumbs-anima/anima-podcast/png/%23265%20-%20Jo%C3%A3o%20Fernandes.png;#265 - João Fernandes.png
Anima Podcast;#266;O segredo para salvar seu casamento;João Nara;https://youtu.be/RhLgbGKbPIg;https://www.canva.com/design/DAHT5VDGu2o/edit?page=69;69;https://drive.google.com/file/d/1U4wskXTKvU7W6C8xTYdixd42P8gQb893/view;https://drive.google.com/uc?export=download&id=1U4wskXTKvU7W6C8xTYdixd42P8gQb893;https://audiovisual-anima.github.io/thumbs-anima/anima-podcast/png/%23266%20-%20Jo%C3%A3o%20Nara.png;#266 - João Nara.png
Anima Podcast;#267;Pare de perder tempo na cozinha;Jeisa Tartari;https://youtu.be/wI9Ah30HSjE;https://www.canva.com/design/DAHT5VDGu2o/edit?page=68;68;https://drive.google.com/file/d/1gw4YA-QnA-gqyXBmzxreIK_AVJFtEDy1/view;https://drive.google.com/uc?export=download&id=1gw4YA-QnA-gqyXBmzxreIK_AVJFtEDy1;https://audiovisual-anima.github.io/thumbs-anima/anima-podcast/png/%23267%20-%20Jeisa%20Tartari.png;#267 - Jeisa Tartari.png
Anima Podcast;#268;Anima e Santo Flow juntos pela 1ª vez;Guto Azevedo e Zulene Parente;https://youtu.be/ExBjsGe5h0Q;https://www.canva.com/design/DAHT4wC4lb4/edit?page=2;2;https://drive.google.com/file/d/1AhuVbKTCQuSRTffg4rfl0e_LVqXKpBf0/view;https://drive.google.com/uc?export=download&id=1AhuVbKTCQuSRTffg4rfl0e_LVqXKpBf0;https://audiovisual-anima.github.io/thumbs-anima/anima-podcast/png/%23268%20-%20Guto%20Azevedo%20e%20Zulene%20Parente.png;#268 - Guto Azevedo e Zulene Parente.png
Anima Podcast;#269;Conheça o padre gamer;Pe. Edson Ribeiro;https://youtu.be/Mr3Nc19rDxI;https://www.canva.com/design/DAHT5VDGu2o/edit?page=67;67;https://drive.google.com/file/d/1jkW7HPNVxMEEM6iCLKCMtTErhqtw8MV0/view;https://drive.google.com/uc?export=download&id=1jkW7HPNVxMEEM6iCLKCMtTErhqtw8MV0;https://audiovisual-anima.github.io/thumbs-anima/anima-podcast/png/%23269%20-%20Pe.%20Edson%20Ribeiro.png;#269 - Pe. Edson Ribeiro.png
Anima Podcast;#270;O que não te contaram sobre alta performance;Giovane Gávio;https://youtu.be/aXIAodKQZ9c;https://www.canva.com/design/DAHT5VDGu2o/edit?page=32;32;https://drive.google.com/file/d/17MmZG5DwDdRhxVhh6pXrDCy8cbBzZIxY/view;https://drive.google.com/uc?export=download&id=17MmZG5DwDdRhxVhh6pXrDCy8cbBzZIxY;https://audiovisual-anima.github.io/thumbs-anima/anima-podcast/png/%23270%20-%20Giovane%20G%C3%A1vio.png;#270 - Giovane Gávio.png
Anima Podcast;#271;O maior erro das solteiras;Jota Borgonhoni;https://youtu.be/c3omJvDh4U8;https://www.canva.com/design/DAHT5VDGu2o/edit?page=66;66;https://drive.google.com/file/d/1k02xQ1STvj2QSac-ntmZces3BN-gxSYf/view;https://drive.google.com/uc?export=download&id=1k02xQ1STvj2QSac-ntmZces3BN-gxSYf;https://audiovisual-anima.github.io/thumbs-anima/anima-podcast/png/%23271%20-%20Jota%20Borgonhoni.png;#271 - Jota Borgonhoni.png
Anima Podcast;#272;A proteína em formato de cruz;Tatiana Sampaio e Bruno Cortes;https://youtu.be/E3YxdXzfEQU;https://www.canva.com/design/DAHT5IC7CDA/edit?page=20;20;https://drive.google.com/file/d/1TmUxsyoVenb1bPB8u91JL2AOGhjyJEof/view;https://drive.google.com/uc?export=download&id=1TmUxsyoVenb1bPB8u91JL2AOGhjyJEof;https://audiovisual-anima.github.io/thumbs-anima/anima-podcast/png/%23272%20-%20Tatiana%20Sampaio%20e%20Bruno%20Cortes.png;#272 - Tatiana Sampaio e Bruno Cortes.png
Anima Podcast;#273;Católico pode usar cristais?;Rosa Maria e Pe. Alan;https://youtu.be/V3ocn3mCuzI;https://www.canva.com/design/DAHT5IC7CDA/edit?page=19;19;https://drive.google.com/file/d/1_n1KY_wcJe3Si2baJuUfvu5JRejxc696/view;https://drive.google.com/uc?export=download&id=1_n1KY_wcJe3Si2baJuUfvu5JRejxc696;https://audiovisual-anima.github.io/thumbs-anima/anima-podcast/png/%23273%20-%20Rosa%20Maria%20e%20Pe.%20Alan.png;#273 - Rosa Maria e Pe. Alan.png
Anima Podcast;#274;A incrível transformação do Pe. Adriano;Pe. Adriano Zandoná;https://youtu.be/ybDT8ruB-YQ;https://www.canva.com/design/DAHT5VDGu2o/edit?page=65;65;https://drive.google.com/file/d/1bbUFlCOntuZMCoj8hzbgmEsZkqdoNv7n/view;https://drive.google.com/uc?export=download&id=1bbUFlCOntuZMCoj8hzbgmEsZkqdoNv7n;https://audiovisual-anima.github.io/thumbs-anima/anima-podcast/png/%23274%20-%20Pe.%20Adriano%20Zandon%C3%A1.png;#274 - Pe. Adriano Zandoná.png
Anima Podcast;#275;A poderosa intercessão de São José;Diácono Leo Dominus;https://youtu.be/ufKKgRg1BXw;https://www.canva.com/design/DAHT5VDGu2o/edit?page=64;64;https://drive.google.com/file/d/1P83GZ58UZH58Cv22IM53BfXEASvHkroA/view;https://drive.google.com/uc?export=download&id=1P83GZ58UZH58Cv22IM53BfXEASvHkroA;https://audiovisual-anima.github.io/thumbs-anima/anima-podcast/png/%23275%20-%20Di%C3%A1cono%20Leo%20Dominus.png;#275 - Diácono Leo Dominus.png
Anima Podcast;#277;Como vencer a ansiedade;Maria Maia;https://youtu.be/ISO4QeUkRzY;https://www.canva.com/design/DAHT5VDGu2o/edit?page=62;62;https://drive.google.com/file/d/1YgraXypOwjhFeol9POLXMrWm6z6nNAQP/view;https://drive.google.com/uc?export=download&id=1YgraXypOwjhFeol9POLXMrWm6z6nNAQP;https://audiovisual-anima.github.io/thumbs-anima/anima-podcast/png/%23277%20-%20Maria%20Maia.png;#277 - Maria Maia.png
Anima Podcast;#279;Os bastidores do filme de Guido Schaffer;Jayme Monjardim e Suzana Castelo;https://youtu.be/vYHKu4Dei50;https://www.canva.com/design/DAHT4wC4lb4/edit?page=1;1;https://drive.google.com/file/d/1Xw0jBpDy-TD0fw8E5D-qj79ZWak5SgJJ/view;https://drive.google.com/uc?export=download&id=1Xw0jBpDy-TD0fw8E5D-qj79ZWak5SgJJ;https://audiovisual-anima.github.io/thumbs-anima/anima-podcast/png/%23279%20-%20Jayme%20Monjardim%20e%20Suzana%20Castelo.png;#279 - Jayme Monjardim e Suzana Castelo.png
Anima Podcast;#280;Nunca construa sua casa assim;Alex e Rafa Brasileiro;https://youtu.be/rBblc551x5w;https://www.canva.com/design/DAHT5IC7CDA/edit?page=18;18;https://drive.google.com/file/d/1AzCRznEpcU3cQFm4tMnV-4vcSh_tLEvv/view;https://drive.google.com/uc?export=download&id=1AzCRznEpcU3cQFm4tMnV-4vcSh_tLEvv;https://audiovisual-anima.github.io/thumbs-anima/anima-podcast/png/%23280%20-%20Alex%20e%20Rafa%20Brasileiro.png;#280 - Alex e Rafa Brasileiro.png
Anima Podcast;#281;As 5 atuações do demônio;Diácono Nilzo;https://youtu.be/d3ZyNr_Wrco;https://www.canva.com/design/DAHT5VDGu2o/edit?page=61;61;https://drive.google.com/file/d/1QkFQq47cPfucPrYwavEobF2z9vxKObIu/view;https://drive.google.com/uc?export=download&id=1QkFQq47cPfucPrYwavEobF2z9vxKObIu;https://audiovisual-anima.github.io/thumbs-anima/anima-podcast/png/%23281%20-%20Di%C3%A1cono%20Nilzo.png;#281 - Diácono Nilzo.png
Anima Podcast;#282;O poder oculto da arte sacra;Rafael Zucato;https://youtu.be/_EC426VlyQM;https://www.canva.com/design/DAHT5VDGu2o/edit?page=60;60;https://drive.google.com/file/d/1OhP__8oer6uEWzJ2DWau0bz-5BDb_0Rc/view;https://drive.google.com/uc?export=download&id=1OhP__8oer6uEWzJ2DWau0bz-5BDb_0Rc;https://audiovisual-anima.github.io/thumbs-anima/anima-podcast/png/%23282%20-%20Rafael%20Zucato.png;#282 - Rafael Zucato.png
Anima Podcast;#283;Foi por isso que saí da Canção Nova;Paula Guimarães;https://youtu.be/xABsGOShb7I;https://www.canva.com/design/DAHT5VDGu2o/edit?page=52;52;https://drive.google.com/file/d/1w9hVw9qhdkmPlXpFWC_U3y76YXuwjRmX/view;https://drive.google.com/uc?export=download&id=1w9hVw9qhdkmPlXpFWC_U3y76YXuwjRmX;https://audiovisual-anima.github.io/thumbs-anima/anima-podcast/png/%23283%20-%20Paula%20Guimar%C3%A3es.png;#283 - Paula Guimarães.png
Anima Podcast;#284;Quem foi Frei Galvão?;Frei Leandro Costa;https://youtu.be/-NeFv9CSTGI;https://www.canva.com/design/DAHT5VDGu2o/edit?page=59;59;https://drive.google.com/file/d/1C1J6XgxtfIoyKvDiHRIQ95PQ0JIyecLn/view;https://drive.google.com/uc?export=download&id=1C1J6XgxtfIoyKvDiHRIQ95PQ0JIyecLn;https://audiovisual-anima.github.io/thumbs-anima/anima-podcast/png/%23284%20-%20Frei%20Leandro%20Costa.png;#284 - Frei Leandro Costa.png
Anima Podcast;#285;A entrevista que a mídia não quer ver;Juliano Cazarré;https://youtu.be/eL1mR5kQ_RY;https://www.canva.com/d/uy_D_LWhgDVbFVw?page=2;2;https://drive.google.com/file/d/1LUjkqsGSQ0zAFv2FlnFOQrvLajLuVHon/view;https://drive.google.com/uc?export=download&id=1LUjkqsGSQ0zAFv2FlnFOQrvLajLuVHon;https://audiovisual-anima.github.io/thumbs-anima/anima-podcast/png/%23285%20-%20Juliano%20Cazarr%C3%A9.png;#285 - Juliano Cazarré.png
Anima Podcast;#286;O sanfoneiro do forró católico;William Sanfona;https://youtu.be/-2lJ3DEgtXY;https://www.canva.com/design/DAHT5VDGu2o/edit?page=58;58;https://drive.google.com/file/d/1B623hpE7HSos86IeSmOKo_XRAGtJc-2Z/view;https://drive.google.com/uc?export=download&id=1B623hpE7HSos86IeSmOKo_XRAGtJc-2Z;https://audiovisual-anima.github.io/thumbs-anima/anima-podcast/png/%23286%20-%20William%20Sanfona.png;#286 - William Sanfona.png
Anima Podcast;#287;Opus Dei: segredos revelados;Pe. Paulo Ramalho;https://youtu.be/e352PT89Sts;https://www.canva.com/design/DAHT5VDGu2o/edit?page=53;53;https://drive.google.com/file/d/1_oBkkFx6NjD8AXAFrwQSHe8MyiPMP9Ec/view;https://drive.google.com/uc?export=download&id=1_oBkkFx6NjD8AXAFrwQSHe8MyiPMP9Ec;https://audiovisual-anima.github.io/thumbs-anima/anima-podcast/png/%23287%20-%20Pe.%20Paulo%20Ramalho.png;#287 - Pe. Paulo Ramalho.png
Anima Podcast;#288;Fui criado para ser pai de santo;Pe. Iágaro Domingos;https://youtu.be/4Y0g6KV97v8;https://www.canva.com/design/DAHT5VDGu2o/edit?page=57;57;https://drive.google.com/file/d/1pYX27ntJAy5J7ppvwEVH8ML8bbjWGSVp/view;https://drive.google.com/uc?export=download&id=1pYX27ntJAy5J7ppvwEVH8ML8bbjWGSVp;https://audiovisual-anima.github.io/thumbs-anima/anima-podcast/png/%23288%20-%20Pe.%20I%C3%A1garo%20Domingos.png;#288 - Pe. Iágaro Domingos.png
Anima Podcast;#289;De sambista a salmista;Eugênio Jorge;https://youtu.be/_NGO89J_NJA;https://www.canva.com/design/DAHT5VDGu2o/edit?page=56;56;https://drive.google.com/file/d/1qjmnkKkZ5oNqr5l37gPEwUcQb7pwRX9V/view;https://drive.google.com/uc?export=download&id=1qjmnkKkZ5oNqr5l37gPEwUcQb7pwRX9V;https://audiovisual-anima.github.io/thumbs-anima/anima-podcast/png/%23289%20-%20Eug%C3%AAnio%20Jorge.png;#289 - Eugênio Jorge.png
Anima Podcast;#290;O poder do Rosário;Tiago Benetti e Alexandre Machafer;https://youtu.be/85quCMuLk20;https://www.canva.com/design/DAHT5IC7CDA/edit?page=17;17;https://drive.google.com/file/d/1RdnlI6uxIQWxhQw8CeEYPoiz3xDJIyF_/view;https://drive.google.com/uc?export=download&id=1RdnlI6uxIQWxhQw8CeEYPoiz3xDJIyF_;https://audiovisual-anima.github.io/thumbs-anima/anima-podcast/png/%23290%20-%20Tiago%20Benetti%20e%20Alexandre%20Machafer.png;#290 - Tiago Benetti e Alexandre Machafer.png
Anima Podcast;#291;Deus tem um plano de vida para você;Pedro Siqueira e Pe. Alexandre Carvalho;https://youtu.be/Dr2QbOlAhnM;https://www.canva.com/d/uy_D_LWhgDVbFVw?page=3;3;https://drive.google.com/file/d/1dnaZVK8oI3I8R3pTWzPQIfpVcTAVKY56/view;https://drive.google.com/uc?export=download&id=1dnaZVK8oI3I8R3pTWzPQIfpVcTAVKY56;https://audiovisual-anima.github.io/thumbs-anima/anima-podcast/png/%23291%20-%20Pedro%20Siqueira%20e%20Pe.%20Alexandre%20Carvalho.png;#291 - Pedro Siqueira e Pe. Alexandre Carvalho.png
Anima Podcast;#292;Católico x protestante;Ariel Lazari;https://youtu.be/GTfnuvk6T6Y;https://www.canva.com/design/DAHT5VDGu2o/edit?page=55;55;https://drive.google.com/file/d/1djAkbiGYsIawg-7dv6DjqNx-PRX672R_/view;https://drive.google.com/uc?export=download&id=1djAkbiGYsIawg-7dv6DjqNx-PRX672R_;https://audiovisual-anima.github.io/thumbs-anima/anima-podcast/png/%23292%20-%20Ariel%20Lazari.png;#292 - Ariel Lazari.png
Anima Podcast;#293;Um testemunho de fé emocionante;Maria Clara e Enrico Misasi;https://youtu.be/rZMVPQWTs1Y;https://www.canva.com/design/DAHT5NXToGQ/edit?page=1;1;https://drive.google.com/file/d/1B5_Qf-NogZ7WpNUXhowz8nyy3sHo_HsE/view;https://drive.google.com/uc?export=download&id=1B5_Qf-NogZ7WpNUXhowz8nyy3sHo_HsE;https://audiovisual-anima.github.io/thumbs-anima/anima-podcast/png/%23293%20-%20Maria%20Clara%20e%20Enrico%20Misasi.png;#293 - Maria Clara e Enrico Misasi.png
Anima Podcast;#294;A maior feira católica do mundo;Kiara Castro;https://youtu.be/wQR2MOpRfyw;https://www.canva.com/design/DAHT5VDGu2o/edit?page=63;63;https://drive.google.com/file/d/1pBqIHIc07hJCfYCGfK1v-6YryOKpOi0s/view;https://drive.google.com/uc?export=download&id=1pBqIHIc07hJCfYCGfK1v-6YryOKpOi0s;https://audiovisual-anima.github.io/thumbs-anima/anima-podcast/png/%23294%20-%20Kiara%20Castro.png;#294 - Kiara Castro.png
Anima Podcast;#295;O sucesso não era suficiente;Alvaro e Daniel;https://youtu.be/CEqb_o9HDYU;https://www.canva.com/design/DAHT5IC7CDA/edit?page=16;16;https://drive.google.com/file/d/16RImwuOuMsYWztmA7Fmz8B7vbPcC2hnF/view;https://drive.google.com/uc?export=download&id=16RImwuOuMsYWztmA7Fmz8B7vbPcC2hnF;https://audiovisual-anima.github.io/thumbs-anima/anima-podcast/png/%23295%20-%20Alvaro%20e%20Daniel.png;#295 - Alvaro e Daniel.png
Anima Podcast;#296;Isso fez trocarmos os palcos pela missão;Vivy e Nathan;https://youtu.be/yu39DMxNrgs;https://www.canva.com/design/DAHT5VDGu2o/edit?page=23;23;https://drive.google.com/file/d/1BIkt2xWoezebKJLFpwZNlUXvxVvE7f6z/view;https://drive.google.com/uc?export=download&id=1BIkt2xWoezebKJLFpwZNlUXvxVvE7f6z;https://audiovisual-anima.github.io/thumbs-anima/anima-podcast/png/%23296%20-%20Vivy%20e%20Nathan.png;#296 - Vivy e Nathan.png
Anima Podcast;#297;O bispo que conheceu Irmã Lúcia;Dom Virgílio Antunes;https://youtu.be/5uoL6_vo1Zs;https://www.canva.com/design/DAHT5LIwDx4/edit?page=2;2;https://drive.google.com/file/d/1vo1YEKbqG93oxBeg7D2pUv7ypV-vY_aq/view;https://drive.google.com/uc?export=download&id=1vo1YEKbqG93oxBeg7D2pUv7ypV-vY_aq;https://audiovisual-anima.github.io/thumbs-anima/anima-podcast/png/%23297%20-%20Dom%20Virg%C3%ADlio%20Antunes.png;#297 - Dom Virgílio Antunes.png
Anima Podcast;#298;Menopausa e climatério;André Vinícius;https://youtu.be/MjxIqTW24uA;https://www.canva.com/design/DAHT5G-VT0s/edit?page=1;1;https://drive.google.com/file/d/1jhY8Zeo1sYsrtQ82RFhwP34QCQ8z1AcA/view;https://drive.google.com/uc?export=download&id=1jhY8Zeo1sYsrtQ82RFhwP34QCQ8z1AcA;https://audiovisual-anima.github.io/thumbs-anima/anima-podcast/png/%23298%20-%20Andr%C3%A9%20Vin%C3%ADcius.png;#298 - André Vinícius.png
Anima Podcast;#299;Deixei a homossexualidade e virei missionária;Kakau Silva;https://youtu.be/iLqQFWjPA-4;https://www.canva.com/design/DAHT5LIwDx4/edit?page=1;1;https://drive.google.com/file/d/1jFLZPBWxSkC2Sx2l9qfX-iQDW1g7wGRn/view;https://drive.google.com/uc?export=download&id=1jFLZPBWxSkC2Sx2l9qfX-iQDW1g7wGRn;https://audiovisual-anima.github.io/thumbs-anima/anima-podcast/png/%23299%20-%20Kakau%20Silva.png;#299 - Kakau Silva.png
Anima Podcast;#300;O que o Papa disse sobre a IA;Rafael Medeiros;https://youtu.be/Zi9ejxMGXlw;https://www.canva.com/design/DAHT5VDGu2o/edit?page=54;54;https://drive.google.com/file/d/1Al0Weu4xGzk0NdMgQeAG21TB4MYv3j34/view;https://drive.google.com/uc?export=download&id=1Al0Weu4xGzk0NdMgQeAG21TB4MYv3j34;https://audiovisual-anima.github.io/thumbs-anima/anima-podcast/png/%23300%20-%20Rafael%20Medeiros.png;#300 - Rafael Medeiros.png
Anima Podcast;#301;O segredo do casamento feliz;Glória Severiano Ribeiro;https://youtu.be/7LnuB75ule8;https://www.canva.com/design/DAHT5QR6hjc/edit?page=1;1;https://drive.google.com/file/d/1WuQoYu0BQwQBL7L7M48YFe2qgGmKKcB2/view;https://drive.google.com/uc?export=download&id=1WuQoYu0BQwQBL7L7M48YFe2qgGmKKcB2;https://audiovisual-anima.github.io/thumbs-anima/anima-podcast/png/%23301%20-%20Gl%C3%B3ria%20Severiano%20Ribeiro.png;#301 - Glória Severiano Ribeiro.png
Anima Podcast;#302;Do luto à luz;Ricardo Benvenhu;https://youtu.be/xIDHkIW78tw;https://www.canva.com/design/DAHT5QR6hjc/edit?page=2;2;https://drive.google.com/file/d/1cULCoUbc2KVQQO-Fz1nZI3B3_f_rUupV/view;https://drive.google.com/uc?export=download&id=1cULCoUbc2KVQQO-Fz1nZI3B3_f_rUupV;https://audiovisual-anima.github.io/thumbs-anima/anima-podcast/png/%23302%20-%20Ricardo%20Benvenhu.png;#302 - Ricardo Benvenhu.png
Anima Podcast;#303;Como falar de sexo com os filhos;Andyara Nóbrega;https://youtu.be/89k4YR68vnY;https://www.canva.com/design/DAHT5QR6hjc/edit?page=3;3;https://drive.google.com/file/d/1g8v0DTUY72LsqIda0_gxWPOZICZf5DzA/view;https://drive.google.com/uc?export=download&id=1g8v0DTUY72LsqIda0_gxWPOZICZf5DzA;https://audiovisual-anima.github.io/thumbs-anima/anima-podcast/png/%23303%20-%20Andyara%20N%C3%B3brega.png;#303 - Andyara Nóbrega.png
Anima Podcast;#304;Aparições de Maria nas Américas;Pe. Francisco Amaral;https://youtu.be/o4TOjTP4JPg;https://www.canva.com/design/DAHT5QR6hjc/edit?page=4;4;https://drive.google.com/file/d/1UgcraQajbaUe7UOeEd47sLYwFxU3EP0T/view;https://drive.google.com/uc?export=download&id=1UgcraQajbaUe7UOeEd47sLYwFxU3EP0T;https://audiovisual-anima.github.io/thumbs-anima/anima-podcast/png/%23304%20-%20Pe.%20Francisco%20Amaral.png;#304 - Pe. Francisco Amaral.png
Anima Podcast;#305;A fé que nos sustentou;Clara e Thomaz Magalhães;https://youtu.be/FvLqzWQTwFg;https://www.canva.com/design/DAHT5QR6hjc/edit?page=5;5;https://drive.google.com/file/d/1wr6TQ1MZ3-nZryO0-eP03f4Fqw2KLobH/view;https://drive.google.com/uc?export=download&id=1wr6TQ1MZ3-nZryO0-eP03f4Fqw2KLobH;https://audiovisual-anima.github.io/thumbs-anima/anima-podcast/png/%23305%20-%20Clara%20e%20Thomaz%20Magalh%C3%A3es.png;#305 - Clara e Thomaz Magalhães.png
Anima Podcast;#306;A fé transforma o negócio;Raiane Batista;https://youtu.be/97LIb3yLMyc;https://www.canva.com/design/DAHT5QR6hjc/edit?page=6;6;https://drive.google.com/file/d/1T7Q6ST5xrC6d8LElnrrRAsLkytQpi8ip/view;https://drive.google.com/uc?export=download&id=1T7Q6ST5xrC6d8LElnrrRAsLkytQpi8ip;https://audiovisual-anima.github.io/thumbs-anima/anima-podcast/png/%23306%20-%20Raiane%20Batista.png;#306 - Raiane Batista.png
Anima Podcast;#307;A nova ordem mundial;Pe. Pablo Henrique;https://youtu.be/IRE-Sev2iag;https://www.canva.com/design/DAHT5QR6hjc/edit?page=7;7;https://drive.google.com/file/d/1jXIQfFPXSefpJ28vECgzyG85KnLRGfiN/view;https://drive.google.com/uc?export=download&id=1jXIQfFPXSefpJ28vECgzyG85KnLRGfiN;https://audiovisual-anima.github.io/thumbs-anima/anima-podcast/png/%23307%20-%20Pe.%20Pablo%20Henrique.png;#307 - Pe. Pablo Henrique.png
Anima Podcast;#308;Duda Nogueira partiu em odor de santidade;Octacilia Nogueira;https://youtu.be/cvqtlsDDZhw;https://www.canva.com/d/uy_D_LWhgDVbFVw?page=4;4;https://drive.google.com/file/d/1uKsHvljHznLEmmqrV-yaS_6cS5O2JkEg/view;https://drive.google.com/uc?export=download&id=1uKsHvljHznLEmmqrV-yaS_6cS5O2JkEg;https://audiovisual-anima.github.io/thumbs-anima/anima-podcast/png/%23308%20-%20Octacilia%20Nogueira.png;#308 - Octacilia Nogueira.png
Anima Podcast;#309;A lei do feminicídio não deveria existir;Eduarda Campopiano;;https://www.canva.com/design/DAHU6Mrajks/edit?page=5;5;https://drive.google.com/file/d/1rr8LaFkWbWbseWD5Ju_X9B4PqzBPmQCs/view;https://drive.google.com/uc?export=download&id=1rr8LaFkWbWbseWD5Ju_X9B4PqzBPmQCs;https://audiovisual-anima.github.io/thumbs-anima/anima-podcast/png/%23309%20-%20Eduarda%20Campopiano.png;#309 - Eduarda Campopiano.png
Anima Podcast;#310;Política é coisa de católico?;Enrico Misasi e Reinaldo Alguz;https://youtu.be/KA2qHxslfPE;https://www.canva.com/design/DAHU6Mrajks/edit?page=6;6;https://drive.google.com/file/d/1TzVOVwuUT_suRFeOtlJMn13BvsMg1lVz/view;https://drive.google.com/uc?export=download&id=1TzVOVwuUT_suRFeOtlJMn13BvsMg1lVz;https://audiovisual-anima.github.io/thumbs-anima/anima-podcast/png/%23310%20-%20Enrico%20Misasi%20e%20Reinaldo%20Alguz.png;#310 - Enrico Misasi e Reinaldo Alguz.png
Anima Podcast;#311;Do SuperStar à missão pelo forró;Felipe Alcântara;https://youtu.be/wxS42sVAgOU;https://www.canva.com/design/DAHU6Mrajks/edit?page=7;7;https://drive.google.com/file/d/17H4mMs6cjEi9JAoTF6WTgvfAkiJM6ly1/view;https://drive.google.com/uc?export=download&id=17H4mMs6cjEi9JAoTF6WTgvfAkiJM6ly1;https://audiovisual-anima.github.io/thumbs-anima/anima-podcast/png/%23311%20-%20Felipe%20Alc%C3%A2ntara.png;#311 - Felipe Alcântara.png
Anima Podcast;#312;Você vive para quê?;Pe. Christian Mendoza;https://youtu.be/_jgVHEkFtA8;https://www.canva.com/design/DAHU6Mrajks/edit?page=2;2;https://drive.google.com/file/d/1NjkdpX-tOzoRZz8T2zu4eg-5UG9B_tN-/view;https://drive.google.com/uc?export=download&id=1NjkdpX-tOzoRZz8T2zu4eg-5UG9B_tN-;https://audiovisual-anima.github.io/thumbs-anima/anima-podcast/png/%23312%20-%20Pe.%20Christian%20Mendoza.png;#312 - Pe. Christian Mendoza.png
Anima Podcast;#313;Você vai ter que convencer meu marido;Sabrina e Steven J. Gunnell;https://youtu.be/Ua1IO2Oi4VY;https://www.canva.com/design/DAHU6Mrajks/edit?page=8;8;https://drive.google.com/file/d/1WlopuKls2mzkiAyyQObR2FI0DJ_pwiKE/view;https://drive.google.com/uc?export=download&id=1WlopuKls2mzkiAyyQObR2FI0DJ_pwiKE;https://audiovisual-anima.github.io/thumbs-anima/anima-podcast/png/%23313%20-%20Sabrina%20e%20Steven%20J.%20Gunnell.png;#313 - Sabrina e Steven J. Gunnell.png
Anima Podcast;#314;O celibato faz o coração explodir;João Malheiro;https://youtu.be/5XrK5TauITc;https://www.canva.com/design/DAHU6Mrajks/edit?page=9;9;https://drive.google.com/file/d/1nyjGst1VWHZyKg1HmoYr2tWmmMF5aVMm/view;https://drive.google.com/uc?export=download&id=1nyjGst1VWHZyKg1HmoYr2tWmmMF5aVMm;https://audiovisual-anima.github.io/thumbs-anima/anima-podcast/png/%23314%20-%20Jo%C3%A3o%20Malheiro.png;#314 - João Malheiro.png
Anima Podcast;#315;O gênio que nunca foi a uma aula;Juan Fernando Sellés;https://youtu.be/78zDviYPVEk;https://www.canva.com/design/DAHU6Mrajks/edit?page=10;10;https://drive.google.com/file/d/17PrWJ2c-NVfscw5Y7GjS5Rptc8wLeQ3R/view;https://drive.google.com/uc?export=download&id=17PrWJ2c-NVfscw5Y7GjS5Rptc8wLeQ3R;https://audiovisual-anima.github.io/thumbs-anima/anima-podcast/png/%23315%20-%20Juan%20Fernando%20Sell%C3%A9s.png;#315 - Juan Fernando Sellés.png
Anima Podcast;#316;Ninguém é mais odiado que Jesus;Júlia de Castro;https://youtu.be/7wjRW-ci8qs;https://www.canva.com/design/DAHU6Mrajks/edit?page=4;4;https://drive.google.com/file/d/1fKY0rUVDQW_-IZv0xpCAHnLzpUxMjScU/view;https://drive.google.com/uc?export=download&id=1fKY0rUVDQW_-IZv0xpCAHnLzpUxMjScU;https://audiovisual-anima.github.io/thumbs-anima/anima-podcast/png/%23316%20-%20J%C3%BAlia%20de%20Castro.png;#316 - Júlia de Castro.png
Anima Podcast;#317;Era a única mulher entre 52 policiais;Martha Rocha;https://youtu.be/AaZiK2mBg6Q;https://www.canva.com/design/DAHU6Mrajks/edit?page=11;11;https://drive.google.com/file/d/1KfyPSx8T_qdtfe_qjI_tiTCaW3aAuk2M/view;https://drive.google.com/uc?export=download&id=1KfyPSx8T_qdtfe_qjI_tiTCaW3aAuk2M;https://audiovisual-anima.github.io/thumbs-anima/anima-podcast/png/%23317%20-%20Martha%20Rocha.png;#317 - Martha Rocha.png
Anima Podcast;#318;Tenho vergonha de falar ao padre;Pe. Cássio;https://youtu.be/h57IUu7AGyM;https://www.canva.com/design/DAHU6Mrajks/edit?page=12;12;https://drive.google.com/file/d/1jEcizE2q5Po6eA5UqYIrpUEY1baTeJ_V/view;https://drive.google.com/uc?export=download&id=1jEcizE2q5Po6eA5UqYIrpUEY1baTeJ_V;https://audiovisual-anima.github.io/thumbs-anima/anima-podcast/png/%23318%20-%20Pe.%20C%C3%A1ssio.png;#318 - Pe. Cássio.png
Anima Podcast;#319;O método Hirota: fé, família e trabalho;Francisco Hirota;https://youtu.be/WQeHcBRb-H0;https://www.canva.com/design/DAHVf1gTH8M/edit?page=2;2;https://drive.google.com/file/d/19v1EOwlnxlAsQSbRvi2A8AFQ5U4YtaK1/view;https://drive.google.com/uc?export=download&id=19v1EOwlnxlAsQSbRvi2A8AFQ5U4YtaK1;https://audiovisual-anima.github.io/thumbs-anima/anima-podcast/png/%23319%20-%20Francisco%20Hirota.png;#319 - Francisco Hirota.png
Anima Podcast;#320;O carrinho só fica mais vazio;Daniella Marques;https://youtu.be/E0anEGn2dEM;https://www.canva.com/d/uy_D_LWhgDVbFVw?page=7;7;https://drive.google.com/file/d/1Yyo-mO30FuZLZzD7qfQ_bqHNl07MOtI8/view;https://drive.google.com/uc?export=download&id=1Yyo-mO30FuZLZzD7qfQ_bqHNl07MOtI8;https://audiovisual-anima.github.io/thumbs-anima/anima-podcast/png/%23320%20-%20Daniella%20Marques.png;#320 - Daniella Marques.png
Anima Podcast;#321;Tornozeleira rosa para agressores;Fred Pacheco;https://youtu.be/EDbNwDW-JQc;https://www.canva.com/d/uy_D_LWhgDVbFVw?page=5;5;https://drive.google.com/file/d/1T6u-dBljanJuAbjmQoeqn5iest4-_83F/view;https://drive.google.com/uc?export=download&id=1T6u-dBljanJuAbjmQoeqn5iest4-_83F;https://audiovisual-anima.github.io/thumbs-anima/anima-podcast/png/%23321%20-%20Fred%20Pacheco.png;#321 - Fred Pacheco.png
Anima Podcast Saúde;#2;Vida corrida x saúde mental;Ana Beatriz Barbosa;https://youtu.be/VqNnz6NlA2k;https://www.canva.com/design/DAHVfOFIveo/edit?page=1;1;https://drive.google.com/file/d/1sJUehaIcI7f4RxTuBuffWQDqEMGNqtSS/view;https://drive.google.com/uc?export=download&id=1sJUehaIcI7f4RxTuBuffWQDqEMGNqtSS;https://audiovisual-anima.github.io/thumbs-anima/saude/png/2.png;#2 - Ana Beatriz Barbosa.png
Anima Podcast Saúde;#3;Não desista da maternidade;Talita Melo;https://youtu.be/sCuBJTlhuAs;https://www.canva.com/design/DAHVfOFIveo/edit?page=2;2;https://drive.google.com/file/d/1OQ_vH8qnQLRmYbtv2tGU7VvmYNe5IlM6/view;https://drive.google.com/uc?export=download&id=1OQ_vH8qnQLRmYbtv2tGU7VvmYNe5IlM6;https://audiovisual-anima.github.io/thumbs-anima/saude/png/3.png;#3 - Talita Melo.png
Anima Podcast Saúde;#4;TDAH da infância à vida adulta;Raphael Rangel;https://youtu.be/o7cLDbfxwEw;https://www.canva.com/design/DAHVfOFIveo/edit?page=3;3;https://drive.google.com/file/d/1Zt_XbX8mV4I5L-NmXI9Jsxq9YBjCwg3K/view;https://drive.google.com/uc?export=download&id=1Zt_XbX8mV4I5L-NmXI9Jsxq9YBjCwg3K;https://audiovisual-anima.github.io/thumbs-anima/saude/png/4.png;#4 - Raphael Rangel.png
Anima Podcast Saúde;#5;Cólicas e refluxos do bebê;José Eduardo;https://youtu.be/oCysmcM3NAw;https://www.canva.com/design/DAHT5dd2JhQ/edit?page=1;1;https://drive.google.com/file/d/1BbLv9aTWC84wvqZ_3v-ADpY3Br6qzHDy/view;https://drive.google.com/uc?export=download&id=1BbLv9aTWC84wvqZ_3v-ADpY3Br6qzHDy;https://audiovisual-anima.github.io/thumbs-anima/review/saude/e5.png;#5 - José Eduardo.png
Anima Podcast Saúde;#6;É doença ou falta de ferro?;Tuane Villela;https://youtu.be/aAomOwA283s;https://www.canva.com/design/DAHVfOFIveo/edit?page=4;4;https://drive.google.com/file/d/1lc0xNy5R0qGJuqKafJDiPXc2cgiUZP3k/view;https://drive.google.com/uc?export=download&id=1lc0xNy5R0qGJuqKafJDiPXc2cgiUZP3k;https://audiovisual-anima.github.io/thumbs-anima/saude/png/6.png;#6 - Tuane Villela.png
Anima Podcast Saúde;#7;Sinais de alerta do autismo;Angélica Ávila;https://youtu.be/nk75BC7L090;https://www.canva.com/design/DAHT5dd2JhQ/edit?page=2;2;https://drive.google.com/file/d/1PjtONBhpnxutm0EMiiA9563aU6-9zQQ_/view;https://drive.google.com/uc?export=download&id=1PjtONBhpnxutm0EMiiA9563aU6-9zQQ_;https://audiovisual-anima.github.io/thumbs-anima/review/saude/e7.png;#7 - Angélica Ávila.png
Anima Podcast Saúde;#8;Por que estamos tão ansiosos?;Bruno Lamoglia;https://youtu.be/RmY6r3sZxGo;https://www.canva.com/design/DAHT5dd2JhQ/edit?page=3;3;https://drive.google.com/file/d/1IJHRGSm-no7G8d6nCzMr7gPFW-_gAT4a/view;https://drive.google.com/uc?export=download&id=1IJHRGSm-no7G8d6nCzMr7gPFW-_gAT4a;https://audiovisual-anima.github.io/thumbs-anima/review/saude/e8.png;#8 - Bruno Lamoglia.png
Anima Podcast Saúde;#9;Medicina com propósito;Gil Gabriel;https://youtu.be/TtHGdvUx4s8;https://www.canva.com/design/DAHT5dd2JhQ/edit?page=4;4;https://drive.google.com/file/d/1v621vBp2rWYU9BTWQjn6iQvT-XBS6U1Q/view;https://drive.google.com/uc?export=download&id=1v621vBp2rWYU9BTWQjn6iQvT-XBS6U1Q;https://audiovisual-anima.github.io/thumbs-anima/review/saude/e9.png;#9 - Gil Gabriel.png
Anima Podcast Saúde;#10;Como aliviar dores crônicas;Leonardo Avila;https://youtu.be/f6gPwWNvQDo;https://www.canva.com/design/DAHT5dd2JhQ/edit?page=5;5;https://drive.google.com/file/d/1EPuyyHxpgij0TGbjtgO2T4-gsWnoIwpX/view;https://drive.google.com/uc?export=download&id=1EPuyyHxpgij0TGbjtgO2T4-gsWnoIwpX;https://audiovisual-anima.github.io/thumbs-anima/review/saude/e10.png;#10 - Leonardo Avila.png
Anima Podcast Saúde;#11;Os 4 temperamentos no rosto;Clarissa Caramez;https://youtu.be/lBzF_ToyJ7Q;https://www.canva.com/design/DAHT5dd2JhQ/edit?page=6;6;https://drive.google.com/file/d/1bY8uzetEJGiT4Tp_1QdWm1V0wlwtPv-z/view;https://drive.google.com/uc?export=download&id=1bY8uzetEJGiT4Tp_1QdWm1V0wlwtPv-z;https://audiovisual-anima.github.io/thumbs-anima/review/saude/e11.png;#11 - Clarissa Caramez.png
Anima Podcast Saúde;#12;Como educar crianças autistas;Mariana Vilas Boas;https://youtu.be/KXU8KpgBsP4;https://www.canva.com/design/DAHVfOFIveo/edit?page=5;5;https://drive.google.com/file/d/1HHK-x0EEurakA5Yk-7FyxcaLYKjD9wdU/view;https://drive.google.com/uc?export=download&id=1HHK-x0EEurakA5Yk-7FyxcaLYKjD9wdU;https://audiovisual-anima.github.io/thumbs-anima/saude/png/12.png;#12 - Mariana Vilas Boas.png
Anima Podcast Saúde;#13;A verdade sobre o emagrecimento;Tamiris Rachid;https://youtu.be/8FIVIiPq0JA;https://www.canva.com/design/DAHVfOFIveo/edit?page=6;6;https://drive.google.com/file/d/1khfe_OluWFgfU94bnI1cZhHu-xIUkR0G/view;https://drive.google.com/uc?export=download&id=1khfe_OluWFgfU94bnI1cZhHu-xIUkR0G;https://audiovisual-anima.github.io/thumbs-anima/saude/png/13.png;#13 - Tamiris Rachid.png
Anima Podcast Saúde;#14;Fé e ciência: o método Billings;Pâmela Schitine;https://youtu.be/zTLwUoWv-nY;https://www.canva.com/design/DAHVfOFIveo/edit?page=7;7;https://drive.google.com/file/d/1yO4vjiKLu7LrrQcJe56B9rqkJ_UJjx_U/view;https://drive.google.com/uc?export=download&id=1yO4vjiKLu7LrrQcJe56B9rqkJ_UJjx_U;https://audiovisual-anima.github.io/thumbs-anima/saude/png/14.png;#14 - Pâmela Schitine.png
Anima Podcast Saúde;#15;A batalha da dor crônica;Flávia Nascimento;https://youtu.be/EJf2pvO65zU;https://www.canva.com/design/DAHVfOFIveo/edit?page=8;8;https://drive.google.com/file/d/1RMKG6Jqx8CoLBzaUKuN0RbGddZJCKEsM/view;https://drive.google.com/uc?export=download&id=1RMKG6Jqx8CoLBzaUKuN0RbGddZJCKEsM;https://audiovisual-anima.github.io/thumbs-anima/saude/png/15.png;#15 - Flávia Nascimento.png
Anima Podcast Saúde;#16;Medicina e espiritualidade;Bruno Farnetano;https://youtu.be/-Jko0tarEro;https://www.canva.com/design/DAHVfOFIveo/edit?page=9;9;https://drive.google.com/file/d/1s3hDGFvLPjRdtFtY4ookpu1Y8PlvAi_b/view;https://drive.google.com/uc?export=download&id=1s3hDGFvLPjRdtFtY4ookpu1Y8PlvAi_b;https://audiovisual-anima.github.io/thumbs-anima/saude/png/16.png;#16 - Bruno Farnetano.png
Anima Podcast Saúde;#17;Como os hormônios afetam você;Diogo Viana;https://youtu.be/03i7XWQSx74;https://www.canva.com/design/DAHVfOFIveo/edit?page=10;10;https://drive.google.com/file/d/1z9_8I-IasU64KTv5zzdPYJVixHRvFthM/view;https://drive.google.com/uc?export=download&id=1z9_8I-IasU64KTv5zzdPYJVixHRvFthM;https://audiovisual-anima.github.io/thumbs-anima/saude/png/17.png;#17 - Diogo Viana.png
Anima Podcast Saúde;#18;Emagrecer só com cirurgia?;Cris Alberti;https://youtu.be/bzvtsxcB2N4;https://www.canva.com/design/DAHVfOFIveo/edit?page=11;11;https://drive.google.com/file/d/1vT0qWzpZZ7kvFetqhwie_O7ragYbSmOu/view;https://drive.google.com/uc?export=download&id=1vT0qWzpZZ7kvFetqhwie_O7ragYbSmOu;https://audiovisual-anima.github.io/thumbs-anima/saude/png/18.png;#18 - Cris Alberti.png
Anima Podcast Saúde;#19;Aumente a fertilidade de forma natural;Eduardo Honorato;https://youtu.be/NemdB5yDfO4;https://www.canva.com/design/DAHVfOFIveo/edit?page=12;12;https://drive.google.com/file/d/1pM5GJbzvnprVOzXHJ-G9yYYi7mBzyOuk/view;https://drive.google.com/uc?export=download&id=1pM5GJbzvnprVOzXHJ-G9yYYi7mBzyOuk;https://audiovisual-anima.github.io/thumbs-anima/saude/png/19.png;#19 - Eduardo Honorato.png
Anima Podcast Saúde;#20;A verdade sobre a maternidade;Bianca Quevedo;https://youtu.be/NTvwq18J82M;https://www.canva.com/design/DAHVfOFIveo/edit?page=13;13;https://drive.google.com/file/d/1S2X-or4I0eXxGZ4t-9XpwwaOQeSKRfEW/view;https://drive.google.com/uc?export=download&id=1S2X-or4I0eXxGZ4t-9XpwwaOQeSKRfEW;https://audiovisual-anima.github.io/thumbs-anima/saude/png/20.png;#20 - Bianca Quevedo.png
Anima Podcast Saúde;#21;Saúde pélvica: cuidados e terapias;Michelle Paixão;https://youtu.be/9OhtwcpKhqY;https://www.canva.com/design/DAHVfOFIveo/edit?page=14;14;https://drive.google.com/file/d/1xC-THkbkfbbGkhGjsCddnVMy_0vJFUTv/view;https://drive.google.com/uc?export=download&id=1xC-THkbkfbbGkhGjsCddnVMy_0vJFUTv;https://audiovisual-anima.github.io/thumbs-anima/saude/png/21.png;#21 - Michelle Paixão.png
Anima Podcast Saúde;#22;A saúde segundo Santa Hildegarda;Priscila Antunes;https://youtu.be/gOBVOrjqcW8;https://www.canva.com/design/DAHVfOFIveo/edit?page=15;15;https://drive.google.com/file/d/1Yp0AGPkk1G_rGjS4nXgOxea8OXez-nRk/view;https://drive.google.com/uc?export=download&id=1Yp0AGPkk1G_rGjS4nXgOxea8OXez-nRk;https://audiovisual-anima.github.io/thumbs-anima/saude/png/22.png;#22 - Priscila Antunes.png
Anima Podcast Saúde;#23;Desfralde tardio e doenças;Aureanne Villacorta;https://youtu.be/4viMm6EdCSE;https://www.canva.com/design/DAHVfOFIveo/edit?page=16;16;https://drive.google.com/file/d/17A1mVFHoAw97GU-I3s8pUDfbWYgygBtl/view;https://drive.google.com/uc?export=download&id=17A1mVFHoAw97GU-I3s8pUDfbWYgygBtl;https://audiovisual-anima.github.io/thumbs-anima/saude/png/23.png;#23 - Aureanne Villacorta.png
Anima Podcast Saúde;#24;Fertilidade feminina sem mistérios;Filipe Duarte;https://youtu.be/N4ypltLGvm4;https://www.canva.com/design/DAHVfOFIveo/edit?page=17;17;https://drive.google.com/file/d/1AW-POFTjDF8DFuXlePQfGN_6tfQlf2Yn/view;https://drive.google.com/uc?export=download&id=1AW-POFTjDF8DFuXlePQfGN_6tfQlf2Yn;https://audiovisual-anima.github.io/thumbs-anima/saude/png/24.png;#24 - Filipe Duarte.png
Anima Podcast Saúde;#25;Não é só gordurinha no fígado;Anderson Brito;https://youtu.be/-cOwNX9wwYI;https://www.canva.com/design/DAHVfOFIveo/edit?page=18;18;https://drive.google.com/file/d/1HcSJGB_e2-62miNx5LFcvLxhKl30CMTd/view;https://drive.google.com/uc?export=download&id=1HcSJGB_e2-62miNx5LFcvLxhKl30CMTd;https://audiovisual-anima.github.io/thumbs-anima/saude/png/25.png;#25 - Anderson Brito.png
Anima Podcast Saúde;#26;Sua saúde começa no intestino;Roberta Rigueira;https://youtu.be/oVaMeIEwZcw;https://www.canva.com/design/DAHVfOFIveo/edit?page=19;19;https://drive.google.com/file/d/1niACEYGeJO3AxGlY2xzEVwyMBOC-NsNL/view;https://drive.google.com/uc?export=download&id=1niACEYGeJO3AxGlY2xzEVwyMBOC-NsNL;https://audiovisual-anima.github.io/thumbs-anima/saude/png/26.png;#26 - Roberta Rigueira.png
Anima Podcast Saúde;#27;Consultório médico de sucesso;Clara Morena;https://youtu.be/S9MO3CZQLtc;https://www.canva.com/design/DAHVfOFIveo/edit?page=20;20;https://drive.google.com/file/d/1DP-ZOnsaW6c89WPgh1CeTVpJMAdzocZh/view;https://drive.google.com/uc?export=download&id=1DP-ZOnsaW6c89WPgh1CeTVpJMAdzocZh;https://audiovisual-anima.github.io/thumbs-anima/saude/png/27.png;#27 - Clara Morena.png
Anima Podcast Saúde;#28;Hormônios e a saúde feminina;Leonardo Jacobsen;https://youtu.be/bKIaVqstvRs;https://www.canva.com/design/DAHVfOFIveo/edit?page=21;21;https://drive.google.com/file/d/11-MWEAhOp1hcG2pUlfmEko8ZIm0dTnu6/view;https://drive.google.com/uc?export=download&id=11-MWEAhOp1hcG2pUlfmEko8ZIm0dTnu6;https://audiovisual-anima.github.io/thumbs-anima/saude/png/28.png;#28 - Leonardo Jacobsen.png
Anima Podcast Saúde;#29;O valor da vida humana;Carolina Delage;https://youtu.be/UlOHMw676s0;https://www.canva.com/design/DAHVfOFIveo/edit?page=22;22;https://drive.google.com/file/d/1oHGcmeKbHZspwq8KCW5uxJLryodHmOzE/view;https://drive.google.com/uc?export=download&id=1oHGcmeKbHZspwq8KCW5uxJLryodHmOzE;https://audiovisual-anima.github.io/thumbs-anima/saude/png/29.png;#29 - Carolina Delage.png
Anima Podcast Saúde;#30;Infertilidade: quando buscar a terapia?;Felipe Magalhães;https://youtu.be/jvuTq8hytR8;https://www.canva.com/design/DAHVfOFIveo/edit?page=23;23;https://drive.google.com/file/d/18Kud4w9rSMO3pn8S0MYWsJFPd8hHHU6u/view;https://drive.google.com/uc?export=download&id=18Kud4w9rSMO3pn8S0MYWsJFPd8hHHU6u;https://audiovisual-anima.github.io/thumbs-anima/saude/png/30.png;#30 - Felipe Magalhães.png
Anima Podcast Saúde;#31;Câncer de pele: diagnóstico precoce;Caroline Brandão;https://youtu.be/GPRtg_kwVZk;https://www.canva.com/design/DAHVfOFIveo/edit?page=24;24;https://drive.google.com/file/d/1-s67KIwkUCqSedo6t8GgSbJbuwsvMYLC/view;https://drive.google.com/uc?export=download&id=1-s67KIwkUCqSedo6t8GgSbJbuwsvMYLC;https://audiovisual-anima.github.io/thumbs-anima/saude/png/31.png;#31 - Caroline Brandão.png
Anima Podcast Saúde;#32;Dormir bem transforma tudo;Isabel Braga;https://youtu.be/tvj54udXdzc;https://www.canva.com/design/DAHVfOFIveo/edit?page=25;25;https://drive.google.com/file/d/1_GWlnDrcX2WFhz61kCCsCg3xbuLjg1SW/view;https://drive.google.com/uc?export=download&id=1_GWlnDrcX2WFhz61kCCsCg3xbuLjg1SW;https://audiovisual-anima.github.io/thumbs-anima/saude/png/32.png;#32 - Isabel Braga.png
Anima Podcast Saúde;#33;Cuide bem do seu coração;Rodrigo Reis;https://youtu.be/3UieliKQi90;https://www.canva.com/design/DAHVfOFIveo/edit?page=26;26;https://drive.google.com/file/d/1CXNalPbKewDVi-ln76R1dfS5MIq27jFo/view;https://drive.google.com/uc?export=download&id=1CXNalPbKewDVi-ln76R1dfS5MIq27jFo;https://audiovisual-anima.github.io/thumbs-anima/saude/png/33.png;#33 - Rodrigo Reis.png
Anima Podcast Saúde;#34;A saúde mental do seu filho;Marcelo Masruha;https://youtu.be/V4-mUPCkQZQ;https://www.canva.com/design/DAHVfOFIveo/edit?page=27;27;https://drive.google.com/file/d/1JLIT7bsWgqR7AKctO5WI6f54Ytknv6jW/view;https://drive.google.com/uc?export=download&id=1JLIT7bsWgqR7AKctO5WI6f54Ytknv6jW;https://audiovisual-anima.github.io/thumbs-anima/saude/png/34.png;#34 - Marcelo Masruha.png
Anima Podcast Saúde;#35;Cuide bem dos seus olhos;Leonardo Fontana;https://youtu.be/OtKur3NXcuA;https://www.canva.com/design/DAHVfOFIveo/edit?page=28;28;https://drive.google.com/file/d/182xb0r-Na-3DkTiYv1VtkjrLmADqdEZn/view;https://drive.google.com/uc?export=download&id=182xb0r-Na-3DkTiYv1VtkjrLmADqdEZn;https://audiovisual-anima.github.io/thumbs-anima/saude/png/35.png;#35 - Leonardo Fontana.png
Anima Podcast Saúde;#36;Tudo sobre a saúde respiratória;Renato Azambuja;https://youtu.be/4AD-aQZhzW4;https://www.canva.com/design/DAHVfOFIveo/edit?page=29;29;https://drive.google.com/file/d/1p60dmTqEZtRBS6zS3KtNiuXyY-tdxrvr/view;https://drive.google.com/uc?export=download&id=1p60dmTqEZtRBS6zS3KtNiuXyY-tdxrvr;https://audiovisual-anima.github.io/thumbs-anima/saude/png/36.png;#36 - Renato Azambuja.png
Anima Podcast Saúde;#37;Tudo sobre o Alzheimer;Henrique Cal;https://youtu.be/NSuZ5pkcNoY;https://www.canva.com/design/DAHVfMMKZLI/edit?page=1;1;https://drive.google.com/file/d/1O9JMVU94qFBajyGIfwxmn2JNgC71ZKkw/view;https://drive.google.com/uc?export=download&id=1O9JMVU94qFBajyGIfwxmn2JNgC71ZKkw;https://audiovisual-anima.github.io/thumbs-anima/saude/png/37.png;#37 - Henrique Cal.png
Anima Podcast Saúde;#38;Tudo sobre a saúde infantil;Ana Carolina Goulart;https://youtu.be/IsbQ-eWGqzg;https://www.canva.com/design/DAHVfMMKZLI/edit?page=2;2;https://drive.google.com/file/d/1V5Q3vKqTxc6IHkkEWX4OQJ58AZCXBDl7/view;https://drive.google.com/uc?export=download&id=1V5Q3vKqTxc6IHkkEWX4OQJ58AZCXBDl7;https://audiovisual-anima.github.io/thumbs-anima/saude/png/38.png;#38 - Ana Carolina Goulart.png
Anima Podcast Saúde;#39;Depressão: a doença do século XXI;Dario Leitão;https://youtu.be/DNJoE3Hkghk;https://www.canva.com/design/DAHVfMMKZLI/edit?page=3;3;https://drive.google.com/file/d/1ibkXc3GZHa0KHmElM94J7MjtpuMRUlLk/view;https://drive.google.com/uc?export=download&id=1ibkXc3GZHa0KHmElM94J7MjtpuMRUlLk;https://audiovisual-anima.github.io/thumbs-anima/saude/png/39.png;#39 - Dario Leitão.png
Anima Podcast Saúde;#40;Nutrição para cada temperamento;Carol Barros;https://youtu.be/fEO-0upusZo;https://www.canva.com/design/DAHVfMMKZLI/edit?page=4;4;https://drive.google.com/file/d/1rNkm7m0Rb6rzWTYoCVri1_JGv1qWHSIJ/view;https://drive.google.com/uc?export=download&id=1rNkm7m0Rb6rzWTYoCVri1_JGv1qWHSIJ;https://audiovisual-anima.github.io/thumbs-anima/saude/png/40.png;#40 - Carol Barros.png
Anima Podcast Saúde;#41;Endometriose: quando operar?;Lucas Vinhas;https://youtu.be/oypPw2mzMQM;https://www.canva.com/design/DAHVfMMKZLI/edit?page=5;5;https://drive.google.com/file/d/1NPWb432dp5RUt8rbohXDhtGZHoFfSZjf/view;https://drive.google.com/uc?export=download&id=1NPWb432dp5RUt8rbohXDhtGZHoFfSZjf;https://audiovisual-anima.github.io/thumbs-anima/saude/png/41.png;#41 - Lucas Vinhas.png
Anima Podcast Saúde;#42;Burnout;Paula Campozan;https://youtu.be/0NKwFQhp52s;https://www.canva.com/design/DAHVfMMKZLI/edit?page=6;6;https://drive.google.com/file/d/1VkWmCpVdlfhrul5_jAzQIkFVkx8_xj1p/view;https://drive.google.com/uc?export=download&id=1VkWmCpVdlfhrul5_jAzQIkFVkx8_xj1p;https://audiovisual-anima.github.io/thumbs-anima/saude/png/42.png;#42 - Paula Campozan.png
Anima Podcast Saúde;#43;Varizes: causas e soluções;Carina Brandão;https://youtu.be/NKNN4XZsHE8;https://www.canva.com/design/DAHVfMMKZLI/edit?page=7;7;https://drive.google.com/file/d/1xoNI81H9XsDF0SoYFb5p-B3beywrk12E/view;https://drive.google.com/uc?export=download&id=1xoNI81H9XsDF0SoYFb5p-B3beywrk12E;https://audiovisual-anima.github.io/thumbs-anima/saude/png/43.png;#43 - Carina Brandão.png
Anima Podcast Saúde;#44;Ultrassom na gravidez;Heron Werner;https://youtu.be/dz8NPQAx2kY;https://www.canva.com/design/DAHVfMMKZLI/edit?page=8;8;https://drive.google.com/file/d/1jpRPWGPfHP0UTcXgWnuEXs5jYQ6RG8wE/view;https://drive.google.com/uc?export=download&id=1jpRPWGPfHP0UTcXgWnuEXs5jYQ6RG8wE;https://audiovisual-anima.github.io/thumbs-anima/saude/png/44.png;#44 - Heron Werner.png
Anima Podcast Saúde;#45;Controle sua ansiedade;João Marcos;https://youtu.be/Qov3ZQQMomI;https://www.canva.com/design/DAHVfMMKZLI/edit?page=9;9;https://drive.google.com/file/d/1hfjJGpCBAj_79NzIeMp3GmwVbq7z9FbS/view;https://drive.google.com/uc?export=download&id=1hfjJGpCBAj_79NzIeMp3GmwVbq7z9FbS;https://audiovisual-anima.github.io/thumbs-anima/saude/png/45.png;#45 - João Marcos.png
Anima Podcast Saúde;#46;A transição da menopausa;Isabela Bussade;https://youtu.be/phZohDqtjhs;https://www.canva.com/design/DAHT5dd2JhQ/edit?page=7;7;https://drive.google.com/file/d/10kEh4MjXAY0uohotM-3NJ9RcYrto01Sl/view;https://drive.google.com/uc?export=download&id=10kEh4MjXAY0uohotM-3NJ9RcYrto01Sl;https://audiovisual-anima.github.io/thumbs-anima/review/saude/e46.png;#46 - Isabela Bussade.png
Anima Podcast Saúde;#47;A psicologia dos hábitos;Aline Cantarelli;https://youtu.be/BftLTzYV5UQ;https://www.canva.com/design/DAHT5dd2JhQ/edit?page=8;8;https://drive.google.com/file/d/1Y8-WTy-CFnk94VzbKRbMYVaaG1Ca23cz/view;https://drive.google.com/uc?export=download&id=1Y8-WTy-CFnk94VzbKRbMYVaaG1Ca23cz;https://audiovisual-anima.github.io/thumbs-anima/review/saude/e47.png;#47 - Aline Cantarelli.png
Anima Podcast Saúde;#48;Cuidados com a pele na gestação;Bruno Messias;https://youtu.be/UjqT1GkZc3g;https://www.canva.com/design/DAHT5dd2JhQ/edit?page=9;9;https://drive.google.com/file/d/1WCQNLrbyOaHL0PfSRe7wI3T0IR0HsMrf/view;https://drive.google.com/uc?export=download&id=1WCQNLrbyOaHL0PfSRe7wI3T0IR0HsMrf;https://audiovisual-anima.github.io/thumbs-anima/review/saude/e48.png;#48 - Bruno Messias.png
Anima Podcast Saúde;#49;Você está inflamada?;Géssica Andrade;https://youtu.be/zjVIILeHO4s;https://www.canva.com/design/DAHT5dd2JhQ/edit?page=10;10;https://drive.google.com/file/d/10LLGzDp8KbJ_9wJlgrbHUkQwWuTiCaEw/view;https://drive.google.com/uc?export=download&id=10LLGzDp8KbJ_9wJlgrbHUkQwWuTiCaEw;https://audiovisual-anima.github.io/thumbs-anima/review/saude/e49.png;#49 - Géssica Andrade.png
Anima Podcast Saúde;#50;O segredo da longevidade;Erika Vidal;https://youtu.be/c_GM_AichRU;https://www.canva.com/design/DAHT5dd2JhQ/edit?page=11;11;https://drive.google.com/file/d/1zjMkxbJcPzKYBTrXdZvmdA0NoBLMH5YY/view;https://drive.google.com/uc?export=download&id=1zjMkxbJcPzKYBTrXdZvmdA0NoBLMH5YY;https://audiovisual-anima.github.io/thumbs-anima/review/saude/e50.png;#50 - Erika Vidal.png
Anima Podcast Saúde;#51;Cardio ou musculação?;Tony Geremias;https://youtu.be/rmStVMjdBQA;https://www.canva.com/design/DAHT5dd2JhQ/edit?page=12;12;https://drive.google.com/file/d/1Joy0gRX2pb8kvkGVZmIjGhwfYL7-yA4F/view;https://drive.google.com/uc?export=download&id=1Joy0gRX2pb8kvkGVZmIjGhwfYL7-yA4F;https://audiovisual-anima.github.io/thumbs-anima/review/saude/e51.png;#51 - Tony Geremias.png
Anima Podcast Saúde;#52;Câncer de intestino;Clarisse Casali;https://youtu.be/Fj00CaWzB2A;https://www.canva.com/design/DAHT5dd2JhQ/edit?page=13;13;https://drive.google.com/file/d/1_7lvAuIQhOCvOJo0y4dow1Zx2rpSsCXB/view;https://drive.google.com/uc?export=download&id=1_7lvAuIQhOCvOJo0y4dow1Zx2rpSsCXB;https://audiovisual-anima.github.io/thumbs-anima/review/saude/e52.png;#52 - Clarisse Casali.png
Anima Podcast Saúde;#53;Anticoncepcional, SOP e endometriose;Gabriel Arreguy;https://youtu.be/Z1vPnDNOilQ;https://www.canva.com/design/DAHT5dd2JhQ/edit?page=14;14;https://drive.google.com/file/d/1e-RB7u9uPAdGgtSo2WhoYM2fckxMtAky/view;https://drive.google.com/uc?export=download&id=1e-RB7u9uPAdGgtSo2WhoYM2fckxMtAky;https://audiovisual-anima.github.io/thumbs-anima/review/saude/e53.png;#53 - Gabriel Arreguy.png
Anima Podcast Saúde;#54;Como vencer o vício em nicotina;Lourenço Alencar e Luísa Peleja;https://youtu.be/cXpBnC7f_Ks;https://www.canva.com/design/DAHT5dd2JhQ/edit?page=15;15;https://drive.google.com/file/d/1wIJ59dphEbUEe_PaVIybBKfnmHDim0zY/view;https://drive.google.com/uc?export=download&id=1wIJ59dphEbUEe_PaVIybBKfnmHDim0zY;https://audiovisual-anima.github.io/thumbs-anima/review/saude/e54.png;#54 - Lourenço Alencar e Luísa Peleja.png
Anima Podcast Saúde;#55;Tudo sobre o diabetes;Rodrigo Mendes;https://youtu.be/zIbem2D7O_I;https://www.canva.com/design/DAHT5dd2JhQ/edit?page=16;16;https://drive.google.com/file/d/1cObOgkxHOmybODbMsJMxrj7UInRqMpZM/view;https://drive.google.com/uc?export=download&id=1cObOgkxHOmybODbMsJMxrj7UInRqMpZM;https://audiovisual-anima.github.io/thumbs-anima/review/saude/e55.png;#55 - Rodrigo Mendes.png
Anima Podcast Saúde;#56;Dor na relação e o prazer;Dalila Faleiro;https://youtu.be/qxQcaD8V_ac;https://www.canva.com/design/DAHT5dd2JhQ/edit?page=17;17;https://drive.google.com/file/d/1ux3aMYrYD8ZIR1f23M9XSVaeYJJW8y3g/view;https://drive.google.com/uc?export=download&id=1ux3aMYrYD8ZIR1f23M9XSVaeYJJW8y3g;https://audiovisual-anima.github.io/thumbs-anima/review/saude/e56.png;#56 - Dalila Faleiro.png
Anima Podcast Saúde;#57;Engravidar com SOP;Caroline Cristofari;https://youtu.be/3pxWlpaUL3I;https://www.canva.com/design/DAHT5dd2JhQ/edit?page=18;18;https://drive.google.com/file/d/1Xq0V1fx-99eDzxvfIn3QZtBH9e458ctc/view;https://drive.google.com/uc?export=download&id=1Xq0V1fx-99eDzxvfIn3QZtBH9e458ctc;https://audiovisual-anima.github.io/thumbs-anima/review/saude/e57.png;#57 - Caroline Cristofari.png
Anima Podcast Saúde;#58;Como identificar um narcisista;Rachel Rebouças;https://youtu.be/W_Za0F3LEBE;https://www.canva.com/design/DAHT5dd2JhQ/edit?page=19;19;https://drive.google.com/file/d/1FtnDvmDRzCF5yzdbCTlvQFfIoDhS_Q7s/view;https://drive.google.com/uc?export=download&id=1FtnDvmDRzCF5yzdbCTlvQFfIoDhS_Q7s;https://audiovisual-anima.github.io/thumbs-anima/review/saude/e58.png;#58 - Rachel Rebouças.png
Anima Podcast Saúde;#59;Mitos sobre a fertilidade;Fernanda Tofoli;https://youtu.be/g_s-p93r8kg;https://www.canva.com/design/DAHT5dd2JhQ/edit?page=20;20;https://drive.google.com/file/d/1jQOD9ZKjtLVVHlC3obZwImAdH8dy2av8/view;https://drive.google.com/uc?export=download&id=1jQOD9ZKjtLVVHlC3obZwImAdH8dy2av8;https://audiovisual-anima.github.io/thumbs-anima/review/saude/e59.png;#59 - Fernanda Tofoli.png
Anima Podcast Saúde;#60;Segredos de uma gravidez saudável;Bruna Pitaluga;https://youtu.be/5iIbyQG2veI;https://www.canva.com/design/DAHT5dd2JhQ/edit?page=21;21;https://drive.google.com/file/d/1o_7K_d9ldM3FDKUORCAbFJBa3HBAJj4Y/view;https://drive.google.com/uc?export=download&id=1o_7K_d9ldM3FDKUORCAbFJBa3HBAJj4Y;https://audiovisual-anima.github.io/thumbs-anima/review/saude/e60.png;#60 - Bruna Pitaluga.png
Anima Podcast Saúde;#61;Sua boca afeta toda a saúde;Bella Gurgel;https://youtu.be/GcAbYiM7b3c;https://www.canva.com/design/DAHT5dd2JhQ/edit?page=22;22;https://drive.google.com/file/d/1ZwzPK1wF3-db7xqugrPJJY7nFUyFJtQk/view;https://drive.google.com/uc?export=download&id=1ZwzPK1wF3-db7xqugrPJJY7nFUyFJtQk;https://audiovisual-anima.github.io/thumbs-anima/review/saude/e61.png;#61 - Bella Gurgel.png
Anima Podcast Saúde;#62;Uma gestação saudável;Elisabete Pinheiro;https://youtu.be/VgUg4O-uoBA;https://www.canva.com/design/DAHT5dd2JhQ/edit?page=23;23;https://drive.google.com/file/d/1oTicbvXAHg2aWJ5J4ijlxsJikMkblvYa/view;https://drive.google.com/uc?export=download&id=1oTicbvXAHg2aWJ5J4ijlxsJikMkblvYa;https://audiovisual-anima.github.io/thumbs-anima/review/saude/e62.png;#62 - Elisabete Pinheiro.png
Anima Podcast Saúde;#63;Proteja a sua memória;Rafaelly Faitanin;https://youtu.be/q36VQ5bTN1w;https://www.canva.com/design/DAHT5dd2JhQ/edit?page=24;24;https://drive.google.com/file/d/1cy1PVoZszY5Dsb7Bs_-Lm6sYxMGBq_jJ/view;https://drive.google.com/uc?export=download&id=1cy1PVoZszY5Dsb7Bs_-Lm6sYxMGBq_jJ;https://audiovisual-anima.github.io/thumbs-anima/review/saude/e63.png;#63 - Rafaelly Faitanin.png
Anima Podcast Saúde;#64;Maternidade real e saúde mental;Letícia Cazarré;https://youtu.be/WxCNKKitVcs;https://www.canva.com/design/DAHT5dd2JhQ/edit?page=25;25;https://drive.google.com/file/d/12RSFI2NzJCTZLp_K1azOLjNGrGQXIRa1/view;https://drive.google.com/uc?export=download&id=12RSFI2NzJCTZLp_K1azOLjNGrGQXIRa1;https://audiovisual-anima.github.io/thumbs-anima/review/saude/e64.png;#64 - Letícia Cazarré.png
Anima Podcast Saúde;#65;Tudo sobre a hipertensão;Pedro Spineti;https://youtu.be/bqIIDbc3pSE;https://www.canva.com/design/DAHT5dd2JhQ/edit?page=26;26;https://drive.google.com/file/d/1rQ6syDA3O0NcC6aKCaum7SU1oBbK7oYA/view;https://drive.google.com/uc?export=download&id=1rQ6syDA3O0NcC6aKCaum7SU1oBbK7oYA;https://audiovisual-anima.github.io/thumbs-anima/review/saude/e65.png;#65 - Pedro Spineti.png
Anima Podcast Saúde;#66;Fertilidade e medicina chinesa;Érika Nery;https://youtu.be/V6gYlFr5RcI;https://www.canva.com/design/DAHT5dd2JhQ/edit?page=27;27;https://drive.google.com/file/d/1MgLq-lA98o9gGAvbjbmnXnZpOKOSrycK/view;https://drive.google.com/uc?export=download&id=1MgLq-lA98o9gGAvbjbmnXnZpOKOSrycK;https://audiovisual-anima.github.io/thumbs-anima/review/saude/e66.png;#66 - Érika Nery.png
Anima Podcast Saúde;#67;Os sinais ocultos do Parkinson;Pedro Góes;https://youtu.be/uMglcOXrsxA;https://www.canva.com/design/DAHT5dd2JhQ/edit?page=28;28;https://drive.google.com/file/d/1wSyBUvt1GP6UuY2W0-pmorkP0LXgkQ_5/view;https://drive.google.com/uc?export=download&id=1wSyBUvt1GP6UuY2W0-pmorkP0LXgkQ_5;https://audiovisual-anima.github.io/thumbs-anima/review/saude/e67.png;#67 - Pedro Góes.png
Anima Podcast Saúde;#68;Vida plena após a lesão medular;Fran Romanini;https://youtu.be/PCnJP3bjnVk;https://www.canva.com/design/DAHT5dd2JhQ/edit?page=29;29;https://drive.google.com/file/d/1WNASUSfloBdSQPrFfkGjTwpAfrUcmXTE/view;https://drive.google.com/uc?export=download&id=1WNASUSfloBdSQPrFfkGjTwpAfrUcmXTE;https://audiovisual-anima.github.io/thumbs-anima/review/saude/e68.png;#68 - Fran Romanini.png
Anima Podcast Saúde;#69;O fim da acne;Rodrigo Borborema;https://youtu.be/2oxN4_pHwJ8;https://www.canva.com/design/DAHT5dd2JhQ/edit?page=30;30;https://drive.google.com/file/d/1GtM_qp5b-E5frNkHjVsao5uNHLyqAMeK/view;https://drive.google.com/uc?export=download&id=1GtM_qp5b-E5frNkHjVsao5uNHLyqAMeK;https://audiovisual-anima.github.io/thumbs-anima/review/saude/e69.png;#69 - Rodrigo Borborema.png
Anima Podcast Saúde;#70;Pilares de uma vida saudável;Kyra Gracie;https://youtu.be/efUeVACVoBE;https://www.canva.com/design/DAHT5dd2JhQ/edit?page=31;31;https://drive.google.com/file/d/1Z5yXl17rgCx076wyZDaf1xY1NP7YJ3Or/view;https://drive.google.com/uc?export=download&id=1Z5yXl17rgCx076wyZDaf1xY1NP7YJ3Or;https://audiovisual-anima.github.io/thumbs-anima/review/saude/e70.png;#70 - Kyra Gracie.png
Anima Podcast Saúde;#71;Puerpério sem depressão;Camila Komatsu;https://youtu.be/-rZ3Cud_n6E;https://www.canva.com/design/DAHT5dd2JhQ/edit?page=32;32;https://drive.google.com/file/d/1NJzcZGODhd_sPMROVt7M3LgpGR5MScYp/view;https://drive.google.com/uc?export=download&id=1NJzcZGODhd_sPMROVt7M3LgpGR5MScYp;https://audiovisual-anima.github.io/thumbs-anima/review/saude/e71.png;#71 - Camila Komatsu.png
Anima Podcast Saúde;#72;Lipedema não é só gordura;Georgia Dorigon;https://youtu.be/WU4bCHMVpm4;https://www.canva.com/design/DAHVfMMKZLI/edit?page=10;10;https://drive.google.com/file/d/1Es-WFzuIQIeOYK5h-lcVGBsYYJNefCdq/view;https://drive.google.com/uc?export=download&id=1Es-WFzuIQIeOYK5h-lcVGBsYYJNefCdq;https://audiovisual-anima.github.io/thumbs-anima/saude/png/72.png;#72 - Georgia Dorigon.png
Anima Podcast Saúde;#73;7 erros que te impedem de ser mãe;Moniele Cunha;https://youtu.be/poqREYKg0Oo;https://www.canva.com/design/DAHVfMMKZLI/edit?page=11;11;https://drive.google.com/file/d/1s00JhUsSNZjweJNOd6_LEfmDH9hr_6go/view;https://drive.google.com/uc?export=download&id=1s00JhUsSNZjweJNOd6_LEfmDH9hr_6go;https://audiovisual-anima.github.io/thumbs-anima/saude/png/73.png;#73 - Moniele Cunha.png
Anima Podcast Saúde;#74;Acabando com a saúde das crianças;Renata Fróes;https://youtu.be/m0-luCqnDHI;https://www.canva.com/design/DAHVfMMKZLI/edit?page=12;12;https://drive.google.com/file/d/1Ud7sJpbZYxShnK8Z7EYWSmFbWU2Lu2uL/view;https://drive.google.com/uc?export=download&id=1Ud7sJpbZYxShnK8Z7EYWSmFbWU2Lu2uL;https://audiovisual-anima.github.io/thumbs-anima/saude/png/74.png;#74 - Renata Fróes.png
Anima Podcast Saúde;#75;Hábitos que causam cegueira;João Paulo Lomelino;https://youtu.be/9vn92mLV9QY;https://www.canva.com/design/DAHVfMMKZLI/edit?page=13;13;https://drive.google.com/file/d/1LM3o_NYtSrvzVRp3ZU1om7mn_guRrr7Q/view;https://drive.google.com/uc?export=download&id=1LM3o_NYtSrvzVRp3ZU1om7mn_guRrr7Q;https://audiovisual-anima.github.io/thumbs-anima/saude/png/75.png;#75 - João Paulo Lomelino.png
Anima Podcast Saúde;#76;A cura para o cansaço não é dormir;João Malheiro;https://youtu.be/jDMZSktGsII;https://www.canva.com/design/DAHVfMMKZLI/edit?page=14;14;https://drive.google.com/file/d/1kNX-tr4YyZF-MT20pUV-6Mnmh2HeU2GH/view;https://drive.google.com/uc?export=download&id=1kNX-tr4YyZF-MT20pUV-6Mnmh2HeU2GH;https://audiovisual-anima.github.io/thumbs-anima/saude/png/76.png;#76 - João Malheiro.png
Anima Podcast Saúde;#77;Autismo e TDAH é modinha?;Carolina Scarabucci;https://youtu.be/9NASsAZudM8;https://www.canva.com/design/DAHVfMMKZLI/edit?page=15;15;https://drive.google.com/file/d/1mKEjmwwqzMmKW0Damx7O7Az0VWuYmUie/view;https://drive.google.com/uc?export=download&id=1mKEjmwwqzMmKW0Damx7O7Az0VWuYmUie;https://audiovisual-anima.github.io/thumbs-anima/saude/png/77.png;#77 - Carolina Scarabucci.png
Anima Podcast Saúde;#78;A dieta que ajuda a vencer o câncer;Paula Pratti;https://youtu.be/-0YbUDGjs-0;https://www.canva.com/design/DAHVfMMKZLI/edit?page=16;16;https://drive.google.com/file/d/1Mk4q_BOoPLK2prWubpAfxBA8zUodyYYT/view;https://drive.google.com/uc?export=download&id=1Mk4q_BOoPLK2prWubpAfxBA8zUodyYYT;https://audiovisual-anima.github.io/thumbs-anima/saude/png/78.png;#78 - Paula Pratti.png
Anima Podcast Saúde;#79;Suicídio: sinais de alerta;Thiago Andrade;https://youtu.be/WX2MaWVMOB8;https://www.canva.com/design/DAHVfMMKZLI/edit?page=17;17;https://drive.google.com/file/d/1yoYOmcwwe9TzAc01sRi3GWx5tu0f21_M/view;https://drive.google.com/uc?export=download&id=1yoYOmcwwe9TzAc01sRi3GWx5tu0f21_M;https://audiovisual-anima.github.io/thumbs-anima/saude/png/79.png;#79 - Thiago Andrade.png
Anima Podcast Saúde;#80;O fim do metabolismo lento;Flavia Verocai;https://youtu.be/-Lk3417I2CM;https://www.canva.com/design/DAHVfMMKZLI/edit?page=18;18;https://drive.google.com/file/d/1LxUMDloGqTHq0jvtGFrtV0v9XTV3pB15/view;https://drive.google.com/uc?export=download&id=1LxUMDloGqTHq0jvtGFrtV0v9XTV3pB15;https://audiovisual-anima.github.io/thumbs-anima/saude/png/80.png;#80 - Flavia Verocai.png
Anima Podcast Saúde;#81;Acordar cansado não é normal;Gleison Guimarães;https://youtu.be/-pO1vLrBOVc;https://www.canva.com/design/DAHVfMMKZLI/edit?page=19;19;https://drive.google.com/file/d/1Ilxuvhsy1RZC8P8ghiKSbGIS3fG4dX6P/view;https://drive.google.com/uc?export=download&id=1Ilxuvhsy1RZC8P8ghiKSbGIS3fG4dX6P;https://audiovisual-anima.github.io/thumbs-anima/saude/png/81.png;#81 - Gleison Guimarães.png
Anima Podcast Saúde;#83;Autoimune causa infertilidade?;Carolina Meireles;https://youtu.be/jf0KhTqo1sY;https://www.canva.com/design/DAHVfMMKZLI/edit?page=20;20;https://drive.google.com/file/d/1EM5YJ_61SHe6NK-_3V6ZFzh2J9oBN1d0/view;https://drive.google.com/uc?export=download&id=1EM5YJ_61SHe6NK-_3V6ZFzh2J9oBN1d0;https://audiovisual-anima.github.io/thumbs-anima/saude/png/83.png;#83 - Carolina Meireles.png
Anima Podcast Saúde;#84;Como preparar sua casa para o Natal;Ana Luisa Rego Macedo;https://youtu.be/mRoSuyWs7OQ;https://www.canva.com/design/DAHVfMMKZLI/edit?page=21;21;https://drive.google.com/file/d/1Ing0IQNMG4AMRtrb4c_j37ONLXMjuNbO/view;https://drive.google.com/uc?export=download&id=1Ing0IQNMG4AMRtrb4c_j37ONLXMjuNbO;https://audiovisual-anima.github.io/thumbs-anima/saude/png/84.png;#84 - Ana Luisa Rego Macedo.png
Anima Podcast Saúde;#85;O que as unhas dizem da saúde;Miguel Ceccarelli;https://youtu.be/4ApDYi8vByw;https://www.canva.com/design/DAHVfMMKZLI/edit?page=22;22;https://drive.google.com/file/d/1L_cf69SoewZQvKpSDfJ7oq-JH_hXs8pk/view;https://drive.google.com/uc?export=download&id=1L_cf69SoewZQvKpSDfJ7oq-JH_hXs8pk;https://audiovisual-anima.github.io/thumbs-anima/saude/png/85.png;#85 - Miguel Ceccarelli.png
Anima Podcast Saúde;#86;Vitiligo tem cura?;Paulo Luzio;https://youtu.be/490bxOEmmvc;https://www.canva.com/design/DAHVfMMKZLI/edit?page=23;23;https://drive.google.com/file/d/1smBjd69sf1eRicjPaM2-KTRv6DA9YFET/view;https://drive.google.com/uc?export=download&id=1smBjd69sf1eRicjPaM2-KTRv6DA9YFET;https://audiovisual-anima.github.io/thumbs-anima/saude/png/86.png;#86 - Paulo Luzio.png
Anima Podcast Saúde;#87;O fim do efeito sanfona;Luis Trocado;https://youtu.be/V-XlAv90XdM;https://www.canva.com/design/DAHVfMMKZLI/edit?page=24;24;https://drive.google.com/file/d/1paQS506_4UxGLXJ9rf7eGDrRCfMv-2nz/view;https://drive.google.com/uc?export=download&id=1paQS506_4UxGLXJ9rf7eGDrRCfMv-2nz;https://audiovisual-anima.github.io/thumbs-anima/saude/png/87.png;#87 - Luis Trocado.png
Anima Podcast Saúde;#88;Criança acordando à noite;Larissa Abreu;https://youtu.be/2VGAFbSyEMI;https://www.canva.com/design/DAHVfMMKZLI/edit?page=25;25;https://drive.google.com/file/d/1J-HUgvrHF1uDGcbnp9HoOUqccJIRRCS3/view;https://drive.google.com/uc?export=download&id=1J-HUgvrHF1uDGcbnp9HoOUqccJIRRCS3;https://audiovisual-anima.github.io/thumbs-anima/saude/png/88.png;#88 - Larissa Abreu.png
Anima Podcast Saúde;#89;Epidemia de autismo?;Tielle Machado;https://youtu.be/m3qu6J4cK7E;https://www.canva.com/design/DAHVfMMKZLI/edit?page=26;26;https://drive.google.com/file/d/1gl-9un3PETyktO6qN_FRmxVoJ2vl8b8z/view;https://drive.google.com/uc?export=download&id=1gl-9un3PETyktO6qN_FRmxVoJ2vl8b8z;https://audiovisual-anima.github.io/thumbs-anima/saude/png/89.png;#89 - Tielle Machado.png
Anima Podcast Saúde;#90;A pele dos sonhos;Larissa Botelho;https://youtu.be/J0u3MBhW4Hc;https://www.canva.com/design/DAHVfMMKZLI/edit?page=27;27;https://drive.google.com/file/d/13LYrpy6JNCJq8vq2f8avzUGH7DXHvODY/view;https://drive.google.com/uc?export=download&id=13LYrpy6JNCJq8vq2f8avzUGH7DXHvODY;https://audiovisual-anima.github.io/thumbs-anima/saude/png/90.png;#90 - Larissa Botelho.png
Anima Podcast Saúde;#91;Por que seu filho vive doente;Nathalia Vianna;https://youtu.be/9lgdH_iHy2c;https://www.canva.com/design/DAHVfMMKZLI/edit?page=28;28;https://drive.google.com/file/d/111JI6OgI2Qz5Nx2x0HNxrz_7BHrfebGb/view;https://drive.google.com/uc?export=download&id=111JI6OgI2Qz5Nx2x0HNxrz_7BHrfebGb;https://audiovisual-anima.github.io/thumbs-anima/saude/png/91.png;#91 - Nathalia Vianna.png
Anima Podcast Saúde;#92;Seu filho não fala? O motivo;Mariana de Oliveira;https://youtu.be/OB-WmP_38Rg;https://www.canva.com/design/DAHVfMMKZLI/edit?page=29;29;https://drive.google.com/file/d/1Uu6BZE5MjvZKFlfIkF1ALG6ETVd_P_CM/view;https://drive.google.com/uc?export=download&id=1Uu6BZE5MjvZKFlfIkF1ALG6ETVd_P_CM;https://audiovisual-anima.github.io/thumbs-anima/saude/png/92.png;#92 - Mariana de Oliveira.png
Anima Podcast Saúde;#93;Tudo sobre a escoliose;Pedro Paschoal;https://youtu.be/FKX6rR9FyTE;https://www.canva.com/design/DAHVfAR6RXc/edit?page=1;1;https://drive.google.com/file/d/1At0OMg-FPW9fN5kK8vT1Taw-fgcKC2PE/view;https://drive.google.com/uc?export=download&id=1At0OMg-FPW9fN5kK8vT1Taw-fgcKC2PE;https://audiovisual-anima.github.io/thumbs-anima/saude/png/93.png;#93 - Pedro Paschoal.png
Anima Podcast Saúde;#94;Saúde mental da mulher;Juliana Neves;https://youtu.be/I3QOhZFNIRE;https://www.canva.com/design/DAHVfAR6RXc/edit?page=2;2;https://drive.google.com/file/d/1YdtbEloWbq7lyyI04xDQk6jg2PNPR3lC/view;https://drive.google.com/uc?export=download&id=1YdtbEloWbq7lyyI04xDQk6jg2PNPR3lC;https://audiovisual-anima.github.io/thumbs-anima/saude/png/94.png;#94 - Juliana Neves.png
Anima Podcast Saúde;#95;Mitos sobre o câncer de mama;Marcela Nardi;https://youtu.be/d9BQAqCd1q0;https://www.canva.com/design/DAHVfAR6RXc/edit?page=3;3;https://drive.google.com/file/d/1ZEKMXW8XPyhLT6ykM1W6bQ-woW4SEq6k/view;https://drive.google.com/uc?export=download&id=1ZEKMXW8XPyhLT6ykM1W6bQ-woW4SEq6k;https://audiovisual-anima.github.io/thumbs-anima/saude/png/95.png;#95 - Marcela Nardi.png
Anima Podcast Saúde;#96;A nova era da cirurgia plástica;Casal Plástica;https://youtu.be/UXcCV2QPW2Q;https://www.canva.com/design/DAHVfAR6RXc/edit?page=4;4;https://drive.google.com/file/d/1OjP191QHmd3jcKcYKK-xsluhPR3JS07e/view;https://drive.google.com/uc?export=download&id=1OjP191QHmd3jcKcYKK-xsluhPR3JS07e;https://audiovisual-anima.github.io/thumbs-anima/saude/png/96.png;#96 - Casal Plástica.png
Anima Podcast Saúde;#97;Ultrassom normal, sem gravidez?;Clariana Maurente;https://youtu.be/mA_BIqwURDY;https://www.canva.com/design/DAHVfAR6RXc/edit?page=5;5;https://drive.google.com/file/d/13JTBykkdBFgQqMTb_VguAF859jkFrGGu/view;https://drive.google.com/uc?export=download&id=13JTBykkdBFgQqMTb_VguAF859jkFrGGu;https://audiovisual-anima.github.io/thumbs-anima/saude/png/97.png;#97 - Clariana Maurente.png
Anima Podcast Saúde;#98;Alopecia e a queda de cabelo;Graça Tavares;https://youtu.be/c86k7ixe7ss;https://www.canva.com/design/DAHVfAR6RXc/edit?page=6;6;https://drive.google.com/file/d/1IJzRca9YK4msiPZsALJ284YZ0indwAr8/view;https://drive.google.com/uc?export=download&id=1IJzRca9YK4msiPZsALJ284YZ0indwAr8;https://audiovisual-anima.github.io/thumbs-anima/saude/png/98.png;#98 - Graça Tavares.png
Anima Podcast Saúde;#99;Tudo sobre a labirintite;Fernando Goslin;https://youtu.be/tdq6ZqwaTw8;https://www.canva.com/design/DAHVfAR6RXc/edit?page=7;7;https://drive.google.com/file/d/1y2rok6Moe1eVtJOHWURRw_D-JiZtMvPb/view;https://drive.google.com/uc?export=download&id=1y2rok6Moe1eVtJOHWURRw_D-JiZtMvPb;https://audiovisual-anima.github.io/thumbs-anima/saude/png/99.png;#99 - Fernando Goslin.png
Anima Podcast Saúde;#100;Como vencer o bruxismo;Andrea Melo;https://youtu.be/jgZBHQKEaew;https://www.canva.com/design/DAHVfAR6RXc/edit?page=8;8;https://drive.google.com/file/d/1Dz7T59G_Aiv6OYxR_jDmyENQRKOEkbaO/view;https://drive.google.com/uc?export=download&id=1Dz7T59G_Aiv6OYxR_jDmyENQRKOEkbaO;https://audiovisual-anima.github.io/thumbs-anima/saude/png/100.png;#100 - Andrea Melo.png
Anima Podcast Saúde;#101;O erro no herpes-zóster;Murilo Drummond;https://youtu.be/fOKZstvQ2d8;https://www.canva.com/design/DAHVfAR6RXc/edit?page=9;9;https://drive.google.com/file/d/1xEf2q02umIPMp2JdoZMzJPSKq2nGmYZl/view;https://drive.google.com/uc?export=download&id=1xEf2q02umIPMp2JdoZMzJPSKq2nGmYZl;https://audiovisual-anima.github.io/thumbs-anima/saude/png/101.png;#101 - Murilo Drummond.png
Anima Podcast Saúde;#102;Infertilidade tem cura?;André Vaz;https://youtu.be/xO7ua54kssg;https://www.canva.com/design/DAHVfAR6RXc/edit?page=10;10;https://drive.google.com/file/d/1IafTIw1RjoKiKWS_qlQYv1GqnxmOUOgg/view;https://drive.google.com/uc?export=download&id=1IafTIw1RjoKiKWS_qlQYv1GqnxmOUOgg;https://audiovisual-anima.github.io/thumbs-anima/saude/png/102.png;#102 - André Vaz.png
Anima Podcast Saúde;#103;A beleza da castidade;Mariana Francoti;https://youtu.be/JWDvPyVcXkg;https://www.canva.com/design/DAHVfAR6RXc/edit?page=11;11;https://drive.google.com/file/d/1E6yGAB4gMRG6EHKNr6Y0RIEdtH99zUu5/view;https://drive.google.com/uc?export=download&id=1E6yGAB4gMRG6EHKNr6Y0RIEdtH99zUu5;https://audiovisual-anima.github.io/thumbs-anima/saude/png/103.png;#103 - Mariana Francoti.png
Anima Podcast Saúde;#104;Joanetes: mitos e verdades;José Carlos Cohen;https://youtu.be/ShkyQfp0v4c;https://www.canva.com/design/DAHVfAR6RXc/edit?page=12;12;https://drive.google.com/file/d/1vrYmYxSgDAoSc4P6R_YIZ4RnfIkHN1M0/view;https://drive.google.com/uc?export=download&id=1vrYmYxSgDAoSc4P6R_YIZ4RnfIkHN1M0;https://audiovisual-anima.github.io/thumbs-anima/saude/png/104.png;#104 - José Carlos Cohen.png
Anima Podcast Saúde;#105;Endometriose tem cura?;Igor Chiminacio;https://youtu.be/YOb6D04NeSg;https://www.canva.com/design/DAHVfAR6RXc/edit?page=13;13;https://drive.google.com/file/d/1gWnHQArZ3eqbTBfUyl3BXzBOEQ_pfsMw/view;https://drive.google.com/uc?export=download&id=1gWnHQArZ3eqbTBfUyl3BXzBOEQ_pfsMw;https://audiovisual-anima.github.io/thumbs-anima/saude/png/105.png;#105 - Igor Chiminacio.png
Anima Podcast Saúde;#106;A verdade sobre a hérnia de disco;Luiz Sola;https://youtu.be/94pu0-LhWGA;https://www.canva.com/design/DAHVfAR6RXc/edit?page=14;14;https://drive.google.com/file/d/1DKrSdhrC95LMLtpTr9UFtpUw-vcH1oeB/view;https://drive.google.com/uc?export=download&id=1DKrSdhrC95LMLtpTr9UFtpUw-vcH1oeB;https://audiovisual-anima.github.io/thumbs-anima/saude/png/106.png;#106 - Luiz Sola.png
Anima Podcast Saúde;#107;Esclerose múltipla: como identificar;Marcos Alvarenga;https://youtu.be/W9bu8sclNAc;https://www.canva.com/design/DAHVfAR6RXc/edit?page=15;15;https://drive.google.com/file/d/1QiTzzbz4eehXpHTn63pZTbQBx1s2KIxd/view;https://drive.google.com/uc?export=download&id=1QiTzzbz4eehXpHTn63pZTbQBx1s2KIxd;https://audiovisual-anima.github.io/thumbs-anima/saude/png/107.png;#107 - Marcos Alvarenga.png
Anima Podcast Saúde;#108;Rinoplastia com resultado natural;Leandro Ventura;https://youtu.be/2m5BV_F7he0;https://www.canva.com/design/DAHVfAR6RXc/edit?page=16;16;https://drive.google.com/file/d/1jsEh7OdRARxZHIvmsNAnDjqxEFa9cdS1/view;https://drive.google.com/uc?export=download&id=1jsEh7OdRARxZHIvmsNAnDjqxEFa9cdS1;https://audiovisual-anima.github.io/thumbs-anima/saude/png/108.png;#108 - Leandro Ventura.png
Anima Podcast Saúde;#109;Intolerância à histamina;Sylvia Campos;https://youtu.be/xSttcCbgnl8;https://www.canva.com/design/DAHVfAR6RXc/edit?page=17;17;https://drive.google.com/file/d/1IgaVeED8HRpX_c5b2vFFcBi6VyGNg74u/view;https://drive.google.com/uc?export=download&id=1IgaVeED8HRpX_c5b2vFFcBi6VyGNg74u;https://audiovisual-anima.github.io/thumbs-anima/saude/png/109.png;#109 - Sylvia Campos.png
Anima Podcast Saúde;#110;Os segredos da alta performance;Andréia Batista;https://youtu.be/Gl8cVHi-d24;https://www.canva.com/design/DAHVfAR6RXc/edit?page=18;18;https://drive.google.com/file/d/1juGPLCMAiLP-4Xj6iZr857m-1eU2HrQu/view;https://drive.google.com/uc?export=download&id=1juGPLCMAiLP-4Xj6iZr857m-1eU2HrQu;https://audiovisual-anima.github.io/thumbs-anima/saude/png/110.png;#110 - Andréia Batista.png
Anima Podcast Saúde;#111;Neuromielite óptica: a doença da visão;Regina Alvarenga;https://youtu.be/xbsxI0q6Vrc;https://www.canva.com/design/DAHVfAR6RXc/edit?page=19;19;https://drive.google.com/file/d/1Q7iaHyFAD9QRbxkknkYsd_UnQUn_foO_/view;https://drive.google.com/uc?export=download&id=1Q7iaHyFAD9QRbxkknkYsd_UnQUn_foO_;https://audiovisual-anima.github.io/thumbs-anima/saude/png/111.png;#111 - Regina Alvarenga.png
Anima Podcast Saúde;#112;Sexualidade e namoro na adolescência;Samia Marsili;https://youtu.be/IYXrZpw6pKs;https://www.canva.com/design/DAHVfAR6RXc/edit?page=20;20;https://drive.google.com/file/d/1IAUbmFgshzMQR2DESSIRh8HW8Czp6dgC/view;https://drive.google.com/uc?export=download&id=1IAUbmFgshzMQR2DESSIRh8HW8Czp6dgC;https://audiovisual-anima.github.io/thumbs-anima/saude/png/112.png;#112 - Samia Marsili.png
Anima Podcast Saúde;#113;Lentes de contato estragam os dentes?;Gustavo Bastos;https://youtu.be/XcBu13PUU-w;https://www.canva.com/design/DAHVfAR6RXc/edit?page=21;21;https://drive.google.com/file/d/1BYHZwzyq-UfYpp22SbtDNKkjslNuN7qA/view;https://drive.google.com/uc?export=download&id=1BYHZwzyq-UfYpp22SbtDNKkjslNuN7qA;https://audiovisual-anima.github.io/thumbs-anima/saude/png/113.png;#113 - Gustavo Bastos.png
Anima Podcast Saúde;#114;Quando o desconforto vira alerta;Patrícia Arias;https://youtu.be/9MSrqmtAfes;https://www.canva.com/design/DAHVfAR6RXc/edit?page=22;22;https://drive.google.com/file/d/1GJFJnIPJN36tgMiAFX85tzaOucrXdtyp/view;https://drive.google.com/uc?export=download&id=1GJFJnIPJN36tgMiAFX85tzaOucrXdtyp;https://audiovisual-anima.github.io/thumbs-anima/saude/png/114.png;#114 - Patrícia Arias.png
Anima Podcast Saúde;#115;O lado oculto da FIV;Melissa Abelha;https://youtu.be/9AA2fxfLBGE;https://www.canva.com/design/DAHVfAR6RXc/edit?page=23;23;https://drive.google.com/file/d/1nLUFp5dZB2Tr8eIUws2RsGzAalR0tTTN/view;https://drive.google.com/uc?export=download&id=1nLUFp5dZB2Tr8eIUws2RsGzAalR0tTTN;https://audiovisual-anima.github.io/thumbs-anima/saude/png/115.png;#115 - Melissa Abelha.png
Anima Podcast Saúde;#116;Ginecologia na adolescência;Marcela Pires;https://youtu.be/l32WAobgbWg;https://www.canva.com/design/DAHVfAR6RXc/edit?page=24;24;https://drive.google.com/file/d/1DUGvEP7jN0pekukhPXs8R51y-pFQqlhm/view;https://drive.google.com/uc?export=download&id=1DUGvEP7jN0pekukhPXs8R51y-pFQqlhm;https://audiovisual-anima.github.io/thumbs-anima/saude/png/116.png;#116 - Marcela Pires.png
Anima Podcast Saúde;#117;Câncer de pele no rosto;Marcelo Cury;https://youtu.be/Xmh2EVB9oP4;https://www.canva.com/design/DAHVfAR6RXc/edit?page=25;25;https://drive.google.com/file/d/1kOP3A9mrPM8f1vuDfN2bIkPPF3IP6WYr/view;https://drive.google.com/uc?export=download&id=1kOP3A9mrPM8f1vuDfN2bIkPPF3IP6WYr;https://audiovisual-anima.github.io/thumbs-anima/saude/png/117.png;#117 - Marcelo Cury.png
Anima Podcast Saúde;#118;Quando comer vira sintoma;Higor Caldato;https://youtu.be/r8uUqrJuadM;https://www.canva.com/design/DAHVfAR6RXc/edit?page=26;26;https://drive.google.com/file/d/1N3zn2-X-jW_YoJ3HlJM1Dqoxaxnnj-7B/view;https://drive.google.com/uc?export=download&id=1N3zn2-X-jW_YoJ3HlJM1Dqoxaxnnj-7B;https://audiovisual-anima.github.io/thumbs-anima/saude/png/118.png;#118 - Higor Caldato.png
Anima Podcast Saúde;#119;Quando fazer a colonoscopia?;Guilherme Ravanini;https://youtu.be/lANEQAW78Dc;https://www.canva.com/design/DAHVfAR6RXc/edit?page=27;27;https://drive.google.com/file/d/1LPVYo6CHPRciUqfXqNBciOHq5Qe2rwoV/view;https://drive.google.com/uc?export=download&id=1LPVYo6CHPRciUqfXqNBciOHq5Qe2rwoV;https://audiovisual-anima.github.io/thumbs-anima/saude/png/119.png;#119 - Guilherme Ravanini.png
Anima Podcast Saúde;#120;A solidão mata como 15 cigarros;Lucas Lameirão;https://youtu.be/i8PDDdjwhWE;https://www.canva.com/design/DAHVfAR6RXc/edit?page=28;28;https://drive.google.com/file/d/1Pa_yMBbtcGhDm_fxLxs3P2QLf3eDcS8R/view;https://drive.google.com/uc?export=download&id=1Pa_yMBbtcGhDm_fxLxs3P2QLf3eDcS8R;https://audiovisual-anima.github.io/thumbs-anima/saude/png/120.png;#120 - Lucas Lameirão.png
Anima Podcast Saúde;#121;Cosmético coreano funciona?;Mariana Del Rei;https://youtu.be/-_P_hMFbd9g;https://www.canva.com/design/DAHVfAR6RXc/edit?page=29;29;https://drive.google.com/file/d/1tO-DV3wOLS66eRMPXXsbuK6NvS0pbwmI/view;https://drive.google.com/uc?export=download&id=1tO-DV3wOLS66eRMPXXsbuK6NvS0pbwmI;https://audiovisual-anima.github.io/thumbs-anima/saude/png/121.png;#121 - Mariana Del Rei.png
