Episódio;Marca;Título (thumb);Convidado;Status;Bloco;Canva (aberto);Página Canva;Drive (fechado);Arquivo Drive;PNG final (GitHub);YouTube;Título YouTube;Canva original;Observações
#318;Anima Podcast;Tenho vergonha de falar ao padre;Pe. Cássio;Novo (montado nesta conversa);Novos episódios;https://www.canva.com/design/DAHU6Mrajks/edit;12;;;https://audiovisual-anima.github.io/thumbs-anima/review/novos/e318.png;https://youtu.be/7lIj9cYSNyA;;;Ainda não está no Drive
#317;Anima Podcast;Era a única mulher entre 52 policiais;Martha Rocha;Novo (montado nesta conversa);Novos episódios;https://www.canva.com/design/DAHU6Mrajks/edit;11;;;https://audiovisual-anima.github.io/thumbs-anima/review/novos/e317.png;https://youtu.be/AaZiK2mBg6Q;;;Ainda não está no Drive
#316;Anima Podcast;Ninguém é mais odiado que Jesus;Júlia de Castro;Novo (montado nesta conversa);Novos episódios;https://www.canva.com/design/DAHU6Mrajks/edit;4;;;https://audiovisual-anima.github.io/thumbs-anima/review/novos/e316.png;https://youtu.be/7wjRW-ci8qs;;;Ainda não está no Drive
#315;Anima Podcast;O gênio que nunca foi a uma aula;Juan Fernando Sellés;Novo (montado nesta conversa);Novos episódios;https://www.canva.com/design/DAHU6Mrajks/edit;10;;;https://audiovisual-anima.github.io/thumbs-anima/review/novos/e315.png;https://youtu.be/78zDviYPVEk;;;Ainda não está no Drive
#314;Anima Podcast;O celibato faz o coração explodir;João Malheiro;Novo (montado nesta conversa);Novos episódios;https://www.canva.com/design/DAHU6Mrajks/edit;9;;;https://audiovisual-anima.github.io/thumbs-anima/review/novos/e314.png;https://youtu.be/5XrK5TauITc;;;Ainda não está no Drive
#313;Anima Podcast;Você vai ter que convencer meu marido;Sabrina e Steven J. Gunnell;Novo (montado nesta conversa);Novos episódios;https://www.canva.com/design/DAHU6Mrajks/edit;8;;;https://audiovisual-anima.github.io/thumbs-anima/review/novos/e313.png;https://youtu.be/Ua1IO2Oi4VY;;;Ainda não está no Drive
#312;Anima Podcast;Você vive para quê?;Pe. Christian Mendoza;Novo (montado nesta conversa);Novos episódios;https://www.canva.com/design/DAHU6Mrajks/edit;2;;;https://audiovisual-anima.github.io/thumbs-anima/review/novos/e312.png;https://youtu.be/_jgVHEkFtA8;;;Ainda não está no Drive
#311;Anima Podcast;Do SuperStar à missão pelo forró;Felipe Alcântara;Novo (montado nesta conversa);Novos episódios;https://www.canva.com/design/DAHU6Mrajks/edit;7;;;https://audiovisual-anima.github.io/thumbs-anima/review/novos/e311.png;https://youtu.be/wxS42sVAgOU;;;Ainda não está no Drive
#310;Anima Podcast;Política é coisa de católico?;Enrico Misasi e Reinaldo Alguz;Novo (montado nesta conversa);Novos episódios;https://www.canva.com/design/DAHU6Mrajks/edit;6;;;https://audiovisual-anima.github.io/thumbs-anima/review/novos/e310.png;https://youtu.be/KA2qHxslfPE;;;Ainda não está no Drive
#308;Anima Podcast;A lei do feminicídio não deveria existir;Eduarda Campopiano;Novo (montado nesta conversa);Novos episódios;https://www.canva.com/design/DAHU6Mrajks/edit;5;;;https://audiovisual-anima.github.io/thumbs-anima/review/novos/e308.png;https://youtu.be/94o5D8Mxmzk;;;Ainda não está no Drive
#307;Anima Podcast;A nova ordem mundial;Pe. Pablo Henrique;Casal novo aplicado;Bloco 7 (#301-307);https://www.canva.com/design/DAHT5QR6hjc/edit;7;https://drive.google.com/file/d/1jXIQfFPXSefpJ28vECgzyG85KnLRGfiN/view;#307 - Pe. Pablo Henrique.png;https://audiovisual-anima.github.io/thumbs-anima/review/casal-lote/e307.png;https://youtu.be/IRE-Sev2iag;A nova ordem mundial: você está preparado? | Ep #307 | Com Pe. Pablo Henrique;https://www.canva.com/design/DAHREmcn0wA/edit;Drive tem a versão antiga (casal anterior)
#306;Anima Podcast;A fé transforma o negócio;Raiane Batista;Casal novo aplicado;Bloco 7 (#301-307);https://www.canva.com/design/DAHT5QR6hjc/edit;6;https://drive.google.com/file/d/1T7Q6ST5xrC6d8LElnrrRAsLkytQpi8ip/view;#306 - Raiane Batista.png;https://audiovisual-anima.github.io/thumbs-anima/review/casal-lote/e306.png;https://youtu.be/97LIb3yLMyc;Como construir um NEGÓCIO sem abrir mão dos VALORES CRISTÃOS | Ep #306 | Com Raiane Batista;https://www.canva.com/design/DAHREmcn0wA/edit;Drive tem a versão antiga (casal anterior)
#305;Anima Podcast;A fé que nos sustentou;Clara e Thomaz Magalhães;Casal novo aplicado;Bloco 7 (#301-307);https://www.canva.com/design/DAHT5QR6hjc/edit;5;https://drive.google.com/file/d/1Kd3Jc6InhdJPhYtvzZYecbU58WKYa2nS/view;#305 - Clara e Thomaz Magalhaes.png;https://audiovisual-anima.github.io/thumbs-anima/review/casal-lote/e305.png;https://youtu.be/FvLqzWQTwFg;Fé e Superação: O testemunho que emocionou o Papa | Ep #305 | Com Clara e Thomaz Magalhães;https://www.canva.com/design/DAHREmcn0wA/edit;Drive tem a versão antiga (casal anterior)
#304;Anima Podcast;Aparições de Maria nas Américas;Pe. Francisco Amaral;Casal novo aplicado;Bloco 7 (#301-307);https://www.canva.com/design/DAHT5QR6hjc/edit;4;https://drive.google.com/file/d/1UgcraQajbaUe7UOeEd47sLYwFxU3EP0T/view;#304 - Pe. Francisco Amaral.png;https://audiovisual-anima.github.io/thumbs-anima/review/casal-lote/e304.png;https://youtu.be/o4TOjTP4JPg;Tudo sobre as aparições de Nossa Senhora nas Américas | Ep #304 | Com Padre Francisco Amaral;https://www.canva.com/design/DAHREmcn0wA/edit;Drive tem a versão antiga (casal anterior)
#303;Anima Podcast;Como falar de sexo com os filhos;Andyara Nóbrega;Casal novo aplicado;Bloco 7 (#301-307);https://www.canva.com/design/DAHT5QR6hjc/edit;3;https://drive.google.com/file/d/1g8v0DTUY72LsqIda0_gxWPOZICZf5DzA/view;#303 - Andyara Nóbrega.png;https://audiovisual-anima.github.io/thumbs-anima/review/casal-lote/e303.png;https://youtu.be/89k4YR68vnY;Educação Afetiva e Sexual: Como orientar bem os filhos | Ep #303 | Com Andyara Nóbrega;https://www.canva.com/design/DAHREmcn0wA/edit;Drive tem a versão antiga (casal anterior)
#302;Anima Podcast;Do luto à luz;Ricardo Benvenhu;Casal novo aplicado;Bloco 7 (#301-307);https://www.canva.com/design/DAHT5QR6hjc/edit;2;https://drive.google.com/file/d/1cULCoUbc2KVQQO-Fz1nZI3B3_f_rUupV/view;#302 - Ricardo Benvenhu.png;https://audiovisual-anima.github.io/thumbs-anima/review/casal-lote/e302.png;https://youtu.be/xIDHkIW78tw;DO LUTO À LUZ: Como sobreviver à dor sem perder a fé | Ep #302 | Com Ricardo Benvenhu;https://www.canva.com/design/DAHREmcn0wA/edit;Drive tem a versão antiga (casal anterior)
#301;Anima Podcast;O segredo do casamento feliz;Glória Severiano Ribeiro;Casal novo aplicado;Bloco 7 (#301-307);https://www.canva.com/design/DAHT5QR6hjc/edit;1;https://drive.google.com/file/d/1WuQoYu0BQwQBL7L7M48YFe2qgGmKKcB2/view;#301 - Glória Severiano Ribeiro.png;https://audiovisual-anima.github.io/thumbs-anima/review/casal-lote/e301.png;https://youtu.be/7LnuB75ule8;Fé, Família e Providência Divina: A história inspiradora de Glória Severiano Ribeiro | Ep #301;https://www.canva.com/design/DAHREmcn0wA/edit;Drive tem a versão antiga (casal anterior)
#300;Anima Podcast;O que o Papa disse sobre a IA;Rafael Medeiros;Casal novo aplicado;Master (blocos 4/5 + acervo);https://www.canva.com/design/DAHT5VDGu2o/edit;54;https://drive.google.com/file/d/1Al0Weu4xGzk0NdMgQeAG21TB4MYv3j34/view;#300 - Rafael Medeiros.png;https://audiovisual-anima.github.io/thumbs-anima/review/casal-lote/e300.png;https://youtu.be/Zi9ejxMGXlw;Magnifica Humanitas: Entenda a primeira Encíclica do Papa Leão XIV | Ep #300 | Com Rafael Medeiros;https://www.canva.com/design/DAHQrnlzPa8/edit;Drive tem a versão antiga (casal anterior)
#299;Anima Podcast;Deixei a homossexualidade e virei missionária;Kakau Silva;Casal novo aplicado;Bloco 8 - Arquivo 1;https://www.canva.com/design/DAHT5LIwDx4/edit;1;https://drive.google.com/file/d/1jFLZPBWxSkC2Sx2l9qfX-iQDW1g7wGRn/view;#299 - Kakau Silva.png;https://audiovisual-anima.github.io/thumbs-anima/review/casal-lote/e299.png;https://youtu.be/iLqQFWjPA-4;Ela deixou a homossexualidade e se tornou missionária católica | Ep #299 | Com Kakau Silva;https://www.canva.com/design/DAHRFAok0yc/edit;Drive tem a versão antiga (casal anterior)
#298;Anima Podcast;Menopausa e climatério;André Vinícius;Casal novo aplicado;Bloco 10 - Arquivo 1;https://www.canva.com/design/DAHT5G-VT0s/edit;1;https://drive.google.com/file/d/1jhY8Zeo1sYsrtQ82RFhwP34QCQ8z1AcA/view;#298 - André Vinícius.png;https://audiovisual-anima.github.io/thumbs-anima/review/casal-lote/e298.png;https://youtu.be/MjxIqTW24uA;MENOPAUSA, CLIMATÉRIO e REPOSIÇÃO HORMONAL: O que você precisa saber |Ep#298| Com Dr. André Vinícius;https://www.canva.com/design/DAHRF2DSDi0/edit;Drive tem a versão antiga (casal anterior)
#297;Anima Podcast;O bispo que conheceu Irmã Lúcia;Dom Virgílio Antunes;Casal novo aplicado;Bloco 8 - Arquivo 1;https://www.canva.com/design/DAHT5LIwDx4/edit;2;https://drive.google.com/file/d/1vo1YEKbqG93oxBeg7D2pUv7ypV-vY_aq/view;#297 - Dom Virgílio Antunes.png;https://audiovisual-anima.github.io/thumbs-anima/review/casal-lote/e297.png;https://youtu.be/5uoL6_vo1Zs;Conheça o Bispo que esteve com Irmã Lúcia e Papa João Paulo II | Ep #297 | Com Dom Virgílio Antunes;https://www.canva.com/design/DAHRFAok0yc/edit;Drive tem a versão antiga (casal anterior)
#296;Anima Podcast;Isso fez trocarmos os palcos pela missão;Vivy e Nathan;Casal novo aplicado;Master (blocos 4/5 + acervo);https://www.canva.com/design/DAHT5VDGu2o/edit;23;https://drive.google.com/file/d/1BIkt2xWoezebKJLFpwZNlUXvxVvE7f6z/view;#296 - Vivy e Nathan.png;https://audiovisual-anima.github.io/thumbs-anima/review/casal-lote/e296.png;https://youtu.be/yu39DMxNrgs;Conheça a dupla que transforma pregações em músicas virais | Ep #296 | Com Vivy e Nathan;https://www.canva.com/design/DAHQrnlzPa8/edit;Drive tem a versão antiga (casal anterior)
#295;Anima Podcast;O sucesso não era suficiente;Alvaro e Daniel;Casal novo aplicado;Bloco 8 - Arquivo 2;https://www.canva.com/design/DAHT5IC7CDA/edit;16;https://drive.google.com/file/d/16RImwuOuMsYWztmA7Fmz8B7vbPcC2hnF/view;#295 - Alvaro e Daniel.png;https://audiovisual-anima.github.io/thumbs-anima/review/casal-lote/e295.png;https://youtu.be/CEqb_o9HDYU;Do Sertanejo Universitário para a Música Católica | Ep #295 | Com Alvaro e Daniel;https://www.canva.com/design/DAHRFXzISZs/edit;Drive tem a versão antiga (casal anterior)
#294;Anima Podcast;A maior feira católica do mundo;Kiara Castro;Casal novo aplicado;Master (blocos 4/5 + acervo);https://www.canva.com/design/DAHT5VDGu2o/edit;63;https://drive.google.com/file/d/1pBqIHIc07hJCfYCGfK1v-6YryOKpOi0s/view;#294 - Kiara Castro.png;https://audiovisual-anima.github.io/thumbs-anima/review/casal-lote/e294.png;https://youtu.be/wQR2MOpRfyw;ExpoCatólica: Tudo sobre a MAIOR FEIRA CATÓLICA do mundo | Ep #294 | Com Kiara Castro;https://www.canva.com/design/DAHQrnlzPa8/edit;Drive tem a versão antiga (casal anterior)
#293;Anima Podcast;Um testemunho de fé emocionante;Maria Clara e Enrico Misasi;Casal novo aplicado;Bloco 11 - Arquivo 1;https://www.canva.com/design/DAHT5NXToGQ/edit;1;https://drive.google.com/file/d/1B5_Qf-NogZ7WpNUXhowz8nyy3sHo_HsE/view;#293 - Maria Clara e Enrico Misasi.png;https://audiovisual-anima.github.io/thumbs-anima/review/casal-lote/e293.png;https://youtu.be/rZMVPQWTs1Y;Conheça o testemunho de fé emocionante de Maria Clara e Enrico Misasi | Ep #293;https://www.canva.com/design/DAHRGTMEaX0/edit;Drive tem a versão antiga (casal anterior)
#292;Anima Podcast;Católico x protestante;Ariel Lazari;Casal novo aplicado;Master (blocos 4/5 + acervo);https://www.canva.com/design/DAHT5VDGu2o/edit;55;https://drive.google.com/file/d/1djAkbiGYsIawg-7dv6DjqNx-PRX672R_/view;#292 - Ariel Lazari.png;https://audiovisual-anima.github.io/thumbs-anima/review/casal-lote/e292.png;https://youtu.be/GTfnuvk6T6Y;Católico x Protestante: Quem está mais perto da Igreja Primitiva? | Ep #292 | Com Ariel Lazari;https://www.canva.com/design/DAHQrnlzPa8/edit;Drive tem a versão antiga (casal anterior)
#290;Anima Podcast;O poder do Rosário;Tiago Benetti e Alexandre Machafer;Casal novo aplicado;Bloco 8 - Arquivo 2;https://www.canva.com/design/DAHT5IC7CDA/edit;17;https://drive.google.com/file/d/1RdnlI6uxIQWxhQw8CeEYPoiz3xDJIyF_/view;#290 - Tiago Benetti e Alexandre Machafer.png;https://audiovisual-anima.github.io/thumbs-anima/review/casal-lote/e290.png;https://youtu.be/85quCMuLk20;Como o Rosário transformou um filme e muitas vidas |Ep #290 | Com Tiago Benetti e Alexandre Machafer;https://www.canva.com/design/DAHRFXzISZs/edit;Drive tem a versão antiga (casal anterior)
#289;Anima Podcast;De sambista a salmista;Eugênio Jorge;Casal novo aplicado;Master (blocos 4/5 + acervo);https://www.canva.com/design/DAHT5VDGu2o/edit;56;https://drive.google.com/file/d/1dvsgIUQ6Ay75mzC0PBdl4OZ4E9NPtTzx/view;#289 - Eugenio Jorge.png;https://audiovisual-anima.github.io/thumbs-anima/review/casal-lote/e289.png;https://youtu.be/_NGO89J_NJA;A conversão de Eugênio Jorge | Ep#289 | Com Eugênio Jorge;https://www.canva.com/design/DAHQrnlzPa8/edit;Drive tem a versão antiga (casal anterior)
#288;Anima Podcast;Fui criado para ser pai de santo;Pe. Iágaro Domingos;Casal novo aplicado;Master (blocos 4/5 + acervo);https://www.canva.com/design/DAHT5VDGu2o/edit;57;https://drive.google.com/file/d/1YdcIqplzdtQIL1ZM5xFM_Y8vpRe-Dhrm/view;#288 - Pe. Iagaro Domingos.png;https://audiovisual-anima.github.io/thumbs-anima/review/casal-lote/e288.png;https://youtu.be/4Y0g6KV97v8;PADRE EXORCISTA: A última coisa que o demônio quer é um exorcismo | Ep#288 | Com Pe. Iágaro Domingos;https://www.canva.com/design/DAHQrnlzPa8/edit;Drive tem a versão antiga (casal anterior)
#287;Anima Podcast;Opus Dei: segredos revelados;Pe. Paulo Ramalho;Casal novo aplicado;Master (blocos 4/5 + acervo);https://www.canva.com/design/DAHT5VDGu2o/edit;53;https://drive.google.com/file/d/1_oBkkFx6NjD8AXAFrwQSHe8MyiPMP9Ec/view;#287 - Pe. Paulo Ramalho.png;https://audiovisual-anima.github.io/thumbs-anima/review/casal-lote/e287.png;https://youtu.be/e352PT89Sts;De Engenheiro Civil da USP a Padre do Opus Dei | Ep #287 | Com Pe. Paulo Ramalho;https://www.canva.com/design/DAHQrnlzPa8/edit;Drive tem a versão antiga (casal anterior)
#286;Anima Podcast;O sanfoneiro do forró católico;William Sanfona;Casal novo aplicado;Master (blocos 4/5 + acervo);https://www.canva.com/design/DAHT5VDGu2o/edit;58;https://drive.google.com/file/d/1B623hpE7HSos86IeSmOKo_XRAGtJc-2Z/view;#286 - William Sanfona.png;https://audiovisual-anima.github.io/thumbs-anima/review/casal-lote/e286.png;https://youtu.be/-2lJ3DEgtXY;"Conheça o sanfoneiro que viralizou com ""forró católico"" | Ep #286| Com William Sanfona";https://www.canva.com/design/DAHQrnlzPa8/edit;Drive tem a versão antiga (casal anterior)
#284;Anima Podcast;Quem foi Frei Galvão?;Frei Leandro Costa;Casal novo aplicado;Master (blocos 4/5 + acervo);https://www.canva.com/design/DAHT5VDGu2o/edit;59;https://drive.google.com/file/d/1C1J6XgxtfIoyKvDiHRIQ95PQ0JIyecLn/view;#284 - Frei Leandro Costa.png;https://audiovisual-anima.github.io/thumbs-anima/review/casal-lote/e284.png;https://youtu.be/-NeFv9CSTGI;Frei Galvão: Tudo sobre o primeiro SANTO BRASILEIRO | Ep #284 | Com Frei Leandro Costa;https://www.canva.com/design/DAHQrnlzPa8/edit;Drive tem a versão antiga (casal anterior)
#283;Anima Podcast;Foi por isso que saí da Canção Nova;Paula Guimarães;Casal novo aplicado;Master (blocos 4/5 + acervo);https://www.canva.com/design/DAHT5VDGu2o/edit;52;https://drive.google.com/file/d/1H7vlw17JFIeQ_2mEPq0ZKAPT6II93bbo/view;#283 - Paula Guimaraes.png;https://audiovisual-anima.github.io/thumbs-anima/review/casal-lote/e283.png;https://youtu.be/xABsGOShb7I;Conheça o testemunho de FÉ e RESILIÊNCIA de Paula Guimarães | Ep #283 | Com Paula Guimarães;https://www.canva.com/design/DAHQrnlzPa8/edit;Drive tem a versão antiga (casal anterior)
#282;Anima Podcast;O poder oculto da arte sacra;Rafael Zucato;Casal novo aplicado;Master (blocos 4/5 + acervo);https://www.canva.com/design/DAHT5VDGu2o/edit;60;https://drive.google.com/file/d/1OhP__8oer6uEWzJ2DWau0bz-5BDb_0Rc/view;#282 - Rafael Zucato.png;https://audiovisual-anima.github.io/thumbs-anima/review/casal-lote/e282.png;https://youtu.be/_EC426VlyQM;ICONOGRAFIA CATÓLICA: Transformando símbolos teológicos em arte sacra | Ep #282 | Com Rafael Zucato;https://www.canva.com/design/DAHQrnlzPa8/edit;Drive tem a versão antiga (casal anterior)
#281;Anima Podcast;As 5 atuações do demônio;Diácono Nilzo;Casal novo aplicado;Master (blocos 4/5 + acervo);https://www.canva.com/design/DAHT5VDGu2o/edit;61;https://drive.google.com/file/d/1z14X4YmQHc9udnqEFCWqCo0HKsJowfWq/view;#281 - Diacono Nilzo.png;https://audiovisual-anima.github.io/thumbs-anima/review/casal-lote/e281.png;https://youtu.be/d3ZyNr_Wrco;O que acontece em uma oração de LIBERTAÇÃO | Ep #281 | Com Diácono Nilzo;https://www.canva.com/design/DAHQrnlzPa8/edit;Drive tem a versão antiga (casal anterior)
#280;Anima Podcast;Nunca construa sua casa assim;Alex e Rafa Brasileiro;Casal novo aplicado;Bloco 8 - Arquivo 2;https://www.canva.com/design/DAHT5IC7CDA/edit;18;https://drive.google.com/file/d/1AzCRznEpcU3cQFm4tMnV-4vcSh_tLEvv/view;#280 - Alex e Rafa Brasileiro.png;https://audiovisual-anima.github.io/thumbs-anima/review/casal-lote/e280.png;https://youtu.be/rBblc551x5w;ARQUITETURA E VIDA FAMILIAR: Como transformar sua casa em lar | Ep #280 | Com Alex e Rafa Brasileiro;https://www.canva.com/design/DAHRFXzISZs/edit;Drive tem a versão antiga (casal anterior)
#279;Anima Podcast;Os bastidores do filme de Guido Schaffer;Jayme Monjardim e Suzana Castelo;Casal novo aplicado;Bloco 9 - Arquivo 1;https://www.canva.com/design/DAHT4wC4lb4/edit;1;https://drive.google.com/file/d/1Xw0jBpDy-TD0fw8E5D-qj79ZWak5SgJJ/view;#279 - Jayme Monjardim e Suzana Castelo.png;https://audiovisual-anima.github.io/thumbs-anima/review/casal-lote/e279.png;https://youtu.be/vYHKu4Dei50;Os bastidores do FILME sobre GUIDO Schaffer | Ep #279 | Com Jayme Monjardim e Suzana Castelo;https://www.canva.com/design/DAHRFk8zA-8/edit;Drive tem a versão antiga (casal anterior)
#277;Anima Podcast;Como vencer a ansiedade;Maria Maia;Casal novo aplicado;Master (blocos 4/5 + acervo);https://www.canva.com/design/DAHT5VDGu2o/edit;62;https://drive.google.com/file/d/1YgraXypOwjhFeol9POLXMrWm6z6nNAQP/view;#277 - Maria Maia.png;https://audiovisual-anima.github.io/thumbs-anima/review/casal-lote/e277.png;https://youtu.be/ISO4QeUkRzY;A rotina que te ajuda a vencer ANSIEDADE, PROCRASTINAÇÃO e PERFECCIONISMO | Ep #277 | Com Maria Maia;https://www.canva.com/design/DAHQrnlzPa8/edit;Drive tem a versão antiga (casal anterior)
#275;Anima Podcast;A poderosa intercessão de São José;Diácono Leo Dominus;Casal novo aplicado;Master (blocos 4/5 + acervo);https://www.canva.com/design/DAHT5VDGu2o/edit;64;https://drive.google.com/file/d/1NDRUwhUoos_1mqaxNCN132GJx5uFE-Gs/view;#275 - Diacono Leo Dominus.png;https://audiovisual-anima.github.io/thumbs-anima/review/casal-lote/e275.png;https://youtu.be/ufKKgRg1BXw;Por que os homens PRECISAM se consagrar a São José? | Ep #275 | Com Diácono  Leo Dominus;https://www.canva.com/design/DAHQrnlzPa8/edit;Drive tem a versão antiga (casal anterior)
#274;Anima Podcast;A incrível transformação do Pe. Adriano;Pe. Adriano Zandoná;Casal novo aplicado;Master (blocos 4/5 + acervo);https://www.canva.com/design/DAHT5VDGu2o/edit;65;https://drive.google.com/file/d/1xkOltQVE0rnE7O1CtuvDB7sX5d7H20D0/view;#274 - Pe. Adriano Zandona.png;https://audiovisual-anima.github.io/thumbs-anima/review/casal-lote/e274.png;https://youtu.be/ybDT8ruB-YQ;Conheça a incrível história do Padre Adriano Zandoná | Ep #274 | Com Padre Adriano Zandoná;https://www.canva.com/design/DAHQrnlzPa8/edit;Drive tem a versão antiga (casal anterior)
#273;Anima Podcast;Católico pode usar cristais?;Rosa Maria e Pe. Alan;Casal novo aplicado;Bloco 8 - Arquivo 2;https://www.canva.com/design/DAHT5IC7CDA/edit;19;https://drive.google.com/file/d/1_n1KY_wcJe3Si2baJuUfvu5JRejxc696/view;#273 - Rosa Maria e Pe. Alan.png;https://audiovisual-anima.github.io/thumbs-anima/review/casal-lote/e273.png;https://youtu.be/V3ocn3mCuzI;A medicina de SANTA HILDEGARDA | Ep #273 | Com Rosa Maria Sartori Guerra e Pe. Alan Rodrigues;https://www.canva.com/design/DAHRFXzISZs/edit;Drive tem a versão antiga (casal anterior)
#272;Anima Podcast;A proteína em formato de cruz;Tatiana Sampaio e Bruno Cortes;Casal novo aplicado;Bloco 8 - Arquivo 2;https://www.canva.com/design/DAHT5IC7CDA/edit;20;https://drive.google.com/file/d/1TmUxsyoVenb1bPB8u91JL2AOGhjyJEof/view;#272 - Tatiana Sampaio e Bruno Cortes.png;https://audiovisual-anima.github.io/thumbs-anima/review/casal-lote/e272.png;https://youtu.be/E3YxdXzfEQU;POLILAMININA: O caminho para o FIM DA PARALISIA? | Ep #272 | Com Tatiana Sampaio e Dr. Bruno Cortes;https://www.canva.com/design/DAHRFXzISZs/edit;Drive tem a versão antiga (casal anterior)
#271;Anima Podcast;O maior erro das solteiras;Jota Borgonhoni;Casal novo aplicado;Master (blocos 4/5 + acervo);https://www.canva.com/design/DAHT5VDGu2o/edit;66;https://drive.google.com/file/d/1k02xQ1STvj2QSac-ntmZces3BN-gxSYf/view;#271 - Jota Borgonhoni.png;https://audiovisual-anima.github.io/thumbs-anima/review/casal-lote/e271.png;https://youtu.be/c3omJvDh4U8;O Segredo de quem tem SUCESSO NO AMOR | Ep #271 | Com Jota Borgonhoni;https://www.canva.com/design/DAHQrnlzPa8/edit;Drive tem a versão antiga (casal anterior)
#270;Anima Podcast;O que não te contaram sobre alta performance;Giovane Gávio;Casal novo aplicado;Master (blocos 4/5 + acervo);https://www.canva.com/design/DAHT5VDGu2o/edit;32;https://drive.google.com/file/d/14Z4FMZY-HuCcAHncwhyWWu18ZkkG4JQY/view;#270 - Giovane Gavio.png;https://audiovisual-anima.github.io/thumbs-anima/review/casal-lote/e270.png;https://youtu.be/aXIAodKQZ9c;O que não te contaram sobre ALTA PERFORMANCE | Ep #270 | Com Giovane Gávio;https://www.canva.com/design/DAHQrnlzPa8/edit;Drive tem a versão antiga (casal anterior)
#269;Anima Podcast;Conheça o padre gamer;Pe. Edson Ribeiro;Casal novo aplicado;Master (blocos 4/5 + acervo);https://www.canva.com/design/DAHT5VDGu2o/edit;67;https://drive.google.com/file/d/1jkW7HPNVxMEEM6iCLKCMtTErhqtw8MV0/view;#269 - Pe. Edson Ribeiro.png;https://audiovisual-anima.github.io/thumbs-anima/review/casal-lote/e269.png;https://youtu.be/Mr3Nc19rDxI;Conheça o PADRE que está CONVERTENDO JOVENS através do VIDEOGAME | Ep #269 | Com Pe. Edson Ribeiro;https://www.canva.com/design/DAHQrnlzPa8/edit;Drive tem a versão antiga (casal anterior)
#268;Anima Podcast;Anima e Santo Flow juntos pela 1ª vez;Guto Azevedo e Zulene Parente;Casal novo aplicado;Bloco 9 - Arquivo 1;https://www.canva.com/design/DAHT4wC4lb4/edit;2;https://drive.google.com/file/d/1AhuVbKTCQuSRTffg4rfl0e_LVqXKpBf0/view;#268 - Guto Azevedo e Zulene Parente.png;https://audiovisual-anima.github.io/thumbs-anima/review/casal-lote/e268.png;https://youtu.be/ExBjsGe5h0Q;Anima e Santo Flow juntos pela primeira vez! | Ep #268 | Com Guto Azevedo e Zulene Parente;https://www.canva.com/design/DAHRFk8zA-8/edit;Drive tem a versão antiga (casal anterior)
#267;Anima Podcast;Pare de perder tempo na cozinha;Jeisa Tartari;Casal novo aplicado;Master (blocos 4/5 + acervo);https://www.canva.com/design/DAHT5VDGu2o/edit;68;https://drive.google.com/file/d/1gw4YA-QnA-gqyXBmzxreIK_AVJFtEDy1/view;#267 - Jeisa Tartari.png;https://audiovisual-anima.github.io/thumbs-anima/review/casal-lote/e267.png;https://youtu.be/wI9Ah30HSjE;Conheça o método para se alimentar melhor sem perder tempo na cozinha | Ep #267 | Com Jeisa Tartari;https://www.canva.com/design/DAHQrnlzPa8/edit;Drive tem a versão antiga (casal anterior)
#266;Anima Podcast;O segredo para salvar seu casamento;João Nara;Casal novo aplicado;Master (blocos 4/5 + acervo);https://www.canva.com/design/DAHT5VDGu2o/edit;69;https://drive.google.com/file/d/1oOh4ZIcU8e8dQNjeuJPIDziGkzhhMp-b/view;#266 - Joao Nara.png;https://audiovisual-anima.github.io/thumbs-anima/review/casal-lote/e266.png;https://youtu.be/RhLgbGKbPIg;Teologia, História e Relacionamentos: Como ter um CASAMENTO FELIZ | Ep #266 | Com João Nara;https://www.canva.com/design/DAHQrnlzPa8/edit;Drive tem a versão antiga (casal anterior)
#265;Anima Podcast;Entrei infiltrado na esquerda;João Fernandes;Casal novo aplicado;Master (blocos 4/5 + acervo);https://www.canva.com/design/DAHT5VDGu2o/edit;70;https://drive.google.com/file/d/1YK1TETjccuYfzRkZEMrSC3BCDd0pjWHh/view;#265 - Joao Fernandes.png;https://audiovisual-anima.github.io/thumbs-anima/review/casal-lote/e265.png;https://youtu.be/HpdTF58pKdQ;POLÍTICA X FÉ: O testemunho de um CANDIDATO CATÓLICO | Ep #265 | Com João Fernandes;https://www.canva.com/design/DAHQrnlzPa8/edit;Drive tem a versão antiga (casal anterior)
#264;Anima Podcast;Casamento católico: não cometa esses erros;Simone Medeiros;Casal novo aplicado;Master (blocos 4/5 + acervo);https://www.canva.com/design/DAHT5VDGu2o/edit;71;https://drive.google.com/file/d/1rc6DRYvFZZC_cAZmVZuVjwRA8kmNqZTB/view;#264 - Simone Medeiros.png;https://audiovisual-anima.github.io/thumbs-anima/review/casal-lote/e264.png;https://youtu.be/ELgn6jdGA_I;CASAMENTO CATÓLICO: Tudo que você precisa saber sobre a cerimônia | Ep #264 | Com Simone Medeiros;https://www.canva.com/design/DAHQrnlzPa8/edit;Drive tem a versão antiga (casal anterior)
#263;Anima Podcast;Você está solteira por causa disso;Joyce Pessanha;Casal novo aplicado;Master (blocos 4/5 + acervo);https://www.canva.com/design/DAHT5VDGu2o/edit;72;https://drive.google.com/file/d/1uWP3blyZHznmLSm8tqBgB4QwNhQXoJnm/view;#263 - Joyce Pessanha.png;https://audiovisual-anima.github.io/thumbs-anima/review/casal-lote/e263.png;https://youtu.be/iUJMdwKck-s;Saia da SOLTEIRICE: O SEGREDO para encontrar o HOMEM DA SUA VIDA | Ep #263 | Com Joyce Pessanha;https://www.canva.com/design/DAHQrnlzPa8/edit;Drive tem a versão antiga (casal anterior)
#262;Anima Podcast;Esse foi o erro de Lutero;Filipe Santos;Casal novo aplicado;Master (blocos 4/5 + acervo);https://www.canva.com/design/DAHT5VDGu2o/edit;73;https://drive.google.com/file/d/10oKTAxM869L1-EixQ5ihFdrVWFgYMCh7/view;#262 - Filipe Santos.png;https://audiovisual-anima.github.io/thumbs-anima/review/casal-lote/e262.png;https://youtu.be/z1k7PgBJieU;Entenda o fato histórico que DERRUBA a base do PROTESTANTISMO | Ep #262 | Com Filipe Santos;https://www.canva.com/design/DAHQrnlzPa8/edit;Drive tem a versão antiga (casal anterior)
#261;Anima Podcast;O que não te contaram sobre Santo Agostinho;Joel Gracioso;Casal novo aplicado;Master (blocos 4/5 + acervo);https://www.canva.com/design/DAHT5VDGu2o/edit;74;https://drive.google.com/file/d/1MFEliN7SCChPZPXL7jhryMw0ndFVDTSM/view;#261 - Joel Gracioso.png;https://audiovisual-anima.github.io/thumbs-anima/review/casal-lote/e261.png;https://youtu.be/EanZjNe4c_8;O que NÃO TE CONTARAM sobre Santo Agostinho | Ep #261 | Com Joel Gracioso;https://www.canva.com/design/DAHQrnlzPa8/edit;Drive tem a versão antiga (casal anterior)
#260;Anima Podcast;O que esperar de 2026;Diogo e Vanessa;Casal novo aplicado;Bloco 9 - Arquivo 1;https://www.canva.com/design/DAHT4wC4lb4/edit;3;https://drive.google.com/file/d/1L1C3-LR4e-hb26txhdEjFmhEuP67di_k/view;#260 - Diogo e Vanessa.png;https://audiovisual-anima.github.io/thumbs-anima/review/casal-lote/e260.png;https://youtu.be/455n0bv-y1I;Especial de Ano Novo: Lições para um 2026 incrível | Ep #260 | Com Kenya, Berthaldo, Diogo e Vanessa;https://www.canva.com/design/DAHRFk8zA-8/edit;"Os próprios apresentadores são os convidados; Drive tem a versão antiga (casal anterior)"
#259;Anima Podcast;O nascimento de Jesus;Alvaro Siviero e Sérgio Resende;Casal novo aplicado;Bloco 8 - Arquivo 2;https://www.canva.com/design/DAHT5IC7CDA/edit;21;https://drive.google.com/file/d/1zfmDZLBweIkBpmUQTFY5G3xTtanNhDmw/view;#259 - Alvaro Siviero e Sergio Resende.png;https://audiovisual-anima.github.io/thumbs-anima/review/casal-lote/e259.png;https://youtu.be/7EeH8OGv650;O que NÃO TE CONTARAM sobre o nascimento de Jesus | Ep #259 | Com Alvaro Siviero e Sérgio Resende;https://www.canva.com/design/DAHRFXzISZs/edit;Drive tem a versão antiga (casal anterior)
#258;Anima Podcast;O milagre que virou filme;Marcus e Yanna Varandas;Casal novo aplicado;Bloco 8 - Arquivo 2;https://www.canva.com/design/DAHT5IC7CDA/edit;22;https://drive.google.com/file/d/1E8hLPyjnicj0S4pAn5L41RMtozREYCoV/view;#258 - Marcus e Yanna Varandas.png;https://audiovisual-anima.github.io/thumbs-anima/review/casal-lote/e258.png;https://youtu.be/5IvvhGzAX3k;INEXPLICÁVEL: O MILAGRE que virou filme na Netflix | Ep #258 | Com Marcus e Yanna Varandas;https://www.canva.com/design/DAHRFXzISZs/edit;Drive tem a versão antiga (casal anterior)
#257;Anima Podcast;É por isso que muitos esfriam na fé;Thiago Dutra;Casal novo aplicado;Master (blocos 4/5 + acervo);https://www.canva.com/design/DAHT5VDGu2o/edit;75;https://drive.google.com/file/d/1T_I3OdM4xU_yhm2oCNhZ3mDiShDdCVMY/view;#257 - Thiago Dutra.png;https://audiovisual-anima.github.io/thumbs-anima/review/casal-lote/e257.png;https://youtu.be/ITA_aYs_4pw;Entenda por que muitos católicos esfriam na fé | Ep #257 | Com Thiago Dutra (Exército de Maria);https://www.canva.com/design/DAHQrnlzPa8/edit;Drive tem a versão antiga (casal anterior)
#256;Anima Podcast;Ser bonzinho é o caminho para o inferno;Pedro Augusto;Casal novo aplicado;Master (blocos 4/5 + acervo);https://www.canva.com/design/DAHT5VDGu2o/edit;76;https://drive.google.com/file/d/1uNa8GIrPyGPqb7MymRsgpElmBTH8bbHW/view;#256 - Pedro Augusto.png;https://audiovisual-anima.github.io/thumbs-anima/review/casal-lote/e256.png;https://youtu.be/4NInLStrVKM;Descubra por que ser bonzinho pode destruir sua vida espiritual | Ep #256 | Com Pedro Augusto;https://www.canva.com/design/DAHQrnlzPa8/edit;Drive tem a versão antiga (casal anterior)
#255;Anima Podcast;Esse erro prejudica sua imagem;Alexandra Bastos;Casal novo aplicado;Master (blocos 4/5 + acervo);https://www.canva.com/design/DAHT5VDGu2o/edit;77;https://drive.google.com/file/d/1DOslO-miNa0bIVjlivZp4JcIY5CefbDk/view;#255 - Alexandra Bastos.png;https://audiovisual-anima.github.io/thumbs-anima/review/casal-lote/e255.png;https://youtu.be/xEQsjwoCIKc;Como sua APARÊNCIA impacta seu SUCESSO profissional e financeiro | Ep #255 | Com Alexandra Bastos;https://www.canva.com/design/DAHQrnlzPa8/edit;Drive tem a versão antiga (casal anterior)
#254;Anima Podcast;A jornada de fé de Paloma Bernardi;Paloma Bernardi;Casal novo aplicado;Bloco 11 - Arquivo 1;https://www.canva.com/design/DAHT5NXToGQ/edit;2;https://drive.google.com/file/d/1q8Vo34DQ08KwQx1JjPUg2cE1n62wup0L/view;#254 - Paloma Bernardi.png;https://audiovisual-anima.github.io/thumbs-anima/review/casal-lote/e254.png;https://youtu.be/p76WnRONF94;Santa Teresinha e sinais do céu: a jornada da atriz Paloma Bernardi na fé católica | Ep #254;https://www.canva.com/design/DAHRGTMEaX0/edit;Drive tem a versão antiga (casal anterior)
#253;Anima Podcast;É por isso que você está sempre ansioso;Pedrinho Salomão;Casal novo aplicado;Master (blocos 4/5 + acervo);https://www.canva.com/design/DAHT5VDGu2o/edit;78;https://drive.google.com/file/d/1tGbCVni1u8dWsnyZYKOGjE-drKn4rrVA/view;#253 - Pedrinho Salomao.png;https://audiovisual-anima.github.io/thumbs-anima/review/casal-lote/e253.png;https://youtu.be/Kr1BWS55NrM;ANSIEDADE, DEPRESSÃO E FÉ: Como encontrar sentido no mundo de hoje? | Ep #253 | Com Pedrinho Salomão;https://www.canva.com/design/DAHQrnlzPa8/edit;Drive tem a versão antiga (casal anterior)
#252;Anima Podcast;As profecias de Cimbres para o Brasil;Ione Paiva;Casal novo aplicado;Master (blocos 4/5 + acervo);https://www.canva.com/design/DAHT5VDGu2o/edit;79;https://drive.google.com/file/d/1b11NyuvIrYN_-nCixjrUSrXsMYirG6LF/view;#252 - Ione Paiva.png;https://audiovisual-anima.github.io/thumbs-anima/review/casal-lote/e252.png;https://youtu.be/yuVIJxy9EX8;APARIÇÃO DE CIMBRES e as PROFECIAS de Nossa Senhora para o Brasil | Ep #252 | Com Ione Paiva;https://www.canva.com/design/DAHQrnlzPa8/edit;Drive tem a versão antiga (casal anterior)
#251;Anima Podcast;O cantor coreano que virou católico;Junho Chu;Casal novo aplicado;Master (blocos 4/5 + acervo);https://www.canva.com/design/DAHT5VDGu2o/edit;80;https://drive.google.com/file/d/1RS2v_RvbaJQBoQj1ZIvASR0tdO00m98S/view;#251 - Junho Chu.png;https://audiovisual-anima.github.io/thumbs-anima/review/casal-lote/e251.png;https://youtu.be/4SkFPqKyFI4;O cantor coreano que deixou o ateísmo e virou fenômeno Católico no Brasil | Ep #251 | Com Junho Chu;https://www.canva.com/design/DAHQrnlzPa8/edit;Drive tem a versão antiga (casal anterior)
#250;Anima Podcast;O segredo da estátua de São Miguel;Pe. Márcio Almeida;Casal novo aplicado;Master (blocos 4/5 + acervo);https://www.canva.com/design/DAHT5VDGu2o/edit;81;https://drive.google.com/file/d/19DFj-c-NoWtgUMA28vT1EnTRrCI4pJ_o/view;#250 - Pe. Marcio Almeida.png;https://audiovisual-anima.github.io/thumbs-anima/review/casal-lote/e250.png;https://youtu.be/CctgGtOmdSI;A Batalha Espiritual e a Consagração do Brasil a São Miguel | Ep #250 | Com Pe. Márcio Almeida;https://www.canva.com/design/DAHQrnlzPa8/edit;Drive tem a versão antiga (casal anterior)
#249;Anima Podcast;Maria é corredentora?;Pe. Francisco Amaral;Casal novo aplicado;Master (blocos 4/5 + acervo);https://www.canva.com/design/DAHT5VDGu2o/edit;82;https://drive.google.com/file/d/18ei5gAhLlNIt53p-c5HhpcoVu1ImDm2x/view;#249 - Pe. Francisco Amaral.png;https://audiovisual-anima.github.io/thumbs-anima/review/casal-lote/e249.png;https://youtu.be/O6pkvuXUuwk;O que católicos DEVEM FAZER após o novo documento do Vaticano | Ep #249 | Com Pe. Francisco Amaral;https://www.canva.com/design/DAHQrnlzPa8/edit;Drive tem a versão antiga (casal anterior)
#248;Anima Podcast;Isso fez um pastor virar católico;Altamir Gomes;Casal novo aplicado;Master (blocos 4/5 + acervo);https://www.canva.com/design/DAHT5VDGu2o/edit;51;;;https://audiovisual-anima.github.io/thumbs-anima/review/casal-lote/e248.png;https://youtu.be/9ehvMBwHqU0;Conheça a história do EX-PASTOR protestante que virou CATÓLICO | Ep #248 | Com Altamir Gomes;https://www.canva.com/design/DAHQrnlzPa8/edit;Não encontrado no Drive
#247;Anima Podcast;Parei de gritar com meus filhos;Esther Biselli;Casal novo aplicado;Master (blocos 4/5 + acervo);https://www.canva.com/design/DAHT5VDGu2o/edit;43;;;https://audiovisual-anima.github.io/thumbs-anima/review/casal-lote/e247.png;https://youtu.be/EAn00k33IjI;O SEGREDO para retomar o controle da sua vida e ter PAZ INTERIOR | Ep #247 | Com Esther Biselli;https://www.canva.com/design/DAHQrnlzPa8/edit;Não encontrado no Drive
#246;Anima Podcast;Viver só da Eucaristia?;Cláudio Bomtempo;Casal novo aplicado;Bloco 10 - Arquivo 1;https://www.canva.com/design/DAHT5G-VT0s/edit;2;https://drive.google.com/file/d/110nd5_rk1uBIcruqdIqHrOCSmAoHrm_9/view;#246 - Cláudio Bomtempo.png;https://audiovisual-anima.github.io/thumbs-anima/review/casal-lote/e246.png;https://youtu.be/M9ea_aSvUVE;A HISTÓRIA REAL da mulher que VIVEU SÓ DA EUCARISTIA por 64 anos | Ep#246 | Com Dr. Cláudio Bomtempo;https://www.canva.com/design/DAHRF2DSDi0/edit;Drive tem a versão antiga (casal anterior)
#245;Anima Podcast;Fazer isso é desobedecer a Deus;Matheus Machado;Casal novo aplicado;Master (blocos 4/5 + acervo);https://www.canva.com/design/DAHT5VDGu2o/edit;44;;;https://audiovisual-anima.github.io/thumbs-anima/review/casal-lote/e245.png;https://youtu.be/qNNjTcVK4ac;Como realizar os PLANOS DE DEUS na SUA VIDA | Ep #245 | Com Matheus Machado;https://www.canva.com/design/DAHQrnlzPa8/edit;Não encontrado no Drive
#244;Anima Podcast;Apocalipse: 3 dias de trevas?;Lucas Gelasio;Casal novo aplicado;Master (blocos 4/5 + acervo);https://www.canva.com/design/DAHT5VDGu2o/edit;45;;;https://audiovisual-anima.github.io/thumbs-anima/review/casal-lote/e244.png;https://youtu.be/0xhJLxyZ4k4;APOCALIPSE: O que você PRECISA saber sobre o fim dos tempos | Ep #244 | Com Lucas Gelasio;https://www.canva.com/design/DAHQrnlzPa8/edit;Não encontrado no Drive
#243;Anima Podcast;Ex-grávida de Taubaté;Maria Verônica;Casal novo aplicado;Master (blocos 4/5 + acervo);https://www.canva.com/design/DAHT5VDGu2o/edit;46;;;https://audiovisual-anima.github.io/thumbs-anima/review/casal-lote/e243.png;https://youtu.be/mdFW-1yQFBM;DO INFERNO AO CÉU: A Reviravolta INACREDITÁVEL da Grávida de Taubaté | Ep #243 | Com Maria Verônica;https://www.canva.com/design/DAHQrnlzPa8/edit;Não encontrado no Drive
#242;Anima Podcast;Segredos dos Santuários Marianos;Kenya e Berthaldo;Casal novo aplicado;Bloco 8 - Arquivo 2;https://www.canva.com/design/DAHT5IC7CDA/edit;23;https://drive.google.com/file/d/1Sm6D9Y3_NzTqGIYNE5KG47VF2Ysa76me/view;#242 - Kenya e Berthaldo.png;https://audiovisual-anima.github.io/thumbs-anima/review/casal-lote/e242.png;https://youtu.be/vULBGcoE_sE;Descubra SEGREDOS escondidos nos Santuários Marianos | Ep #242 | Com Kenya e Berthaldo;https://www.canva.com/design/DAHRFXzISZs/edit;Drive tem a versão antiga (casal anterior)
#241;Anima Podcast;Milagres através de Santa Rita;Céci Portugal e Filipe Santos;Casal novo aplicado;Bloco 8 - Arquivo 2;https://www.canva.com/design/DAHT5IC7CDA/edit;24;https://drive.google.com/file/d/1FCDppnLk-_NYmyNyDytyt3lyfIw9kiq-/view;#241 - Ceci Portugal e Filipe Santos.png;https://audiovisual-anima.github.io/thumbs-anima/review/casal-lote/e241.png;https://youtu.be/GAUySehdQzc;Como alcançar MILAGRES através de Santa Rita de Cássia | Ep #241 | Com Céci Portugal e Filipe Santos;https://www.canva.com/design/DAHRFXzISZs/edit;Drive tem a versão antiga (casal anterior)
#240;Anima Podcast;Sem isso, não é TDAH;Raphael Rangel;Casal novo aplicado;Bloco 10 - Arquivo 1;https://www.canva.com/design/DAHT5G-VT0s/edit;3;https://drive.google.com/file/d/17sflWSYzssBVUV7DTvTn09tF1VGluJ78/view;#240 - Raphael Rangel.png;https://audiovisual-anima.github.io/thumbs-anima/review/casal-lote/e240.png;https://youtu.be/VjIGGw3NPZA;TRATAMENTO de TDAH: Por que apenas remédio NÃO funciona | Ep #240 | Com Dr. Raphael Rangel;https://www.canva.com/design/DAHRF2DSDi0/edit;Drive tem a versão antiga (casal anterior)
#239;Anima Podcast;Eu não contrato esquerdista;Tallis Gomes;Casal novo aplicado;Master (blocos 4/5 + acervo);https://www.canva.com/design/DAHT5VDGu2o/edit;47;;;https://audiovisual-anima.github.io/thumbs-anima/review/casal-lote/e239.png;https://youtu.be/79lRxfQ_-bQ;A mentalidade do empresário que desafiou o sistema e criou um império | Ep #239 | Com Tallis Gomes;https://www.canva.com/design/DAHQrnlzPa8/edit;Não encontrado no Drive
#238;Anima Podcast;O testamento escondido de São Carlo Acutis;Pe. Fabio Vieira;Casal novo aplicado;Master (blocos 4/5 + acervo);https://www.canva.com/design/DAHT5VDGu2o/edit;48;;;https://audiovisual-anima.github.io/thumbs-anima/review/casal-lote/e238.png;https://youtu.be/SbtdzZr-COo;O SEGREDO de CARLO ACUTIS para a santidade | Ep #238 | Com Pe. Fabio Vieira;https://www.canva.com/design/DAHQrnlzPa8/edit;Não encontrado no Drive
#237;Anima Podcast;Muito mais que um padre gato;Pe. Jefferson Merighetti;Casal novo aplicado;Master (blocos 4/5 + acervo);https://www.canva.com/design/DAHT5VDGu2o/edit;49;;;https://audiovisual-anima.github.io/thumbs-anima/review/casal-lote/e237.png;https://youtu.be/ejbuMr9sExQ;Vocação, Fama e Anonimato: O padre que viralizou nas redes | Ep #237 | Com Pe. Jefferson Merighetti;https://www.canva.com/design/DAHQrnlzPa8/edit;Não encontrado no Drive
#236;Anima Podcast;O Papa usa isso;Martinho Rocha;Casal novo aplicado;Master (blocos 4/5 + acervo);https://www.canva.com/design/DAHT5VDGu2o/edit;50;;;https://audiovisual-anima.github.io/thumbs-anima/review/casal-lote/e236.png;https://youtu.be/oepkIOL5YXE;Para que serve o INCENSO? Descubra por que ele transforma sua oração! | Ep #236 | Com Martinho Rocha;https://www.canva.com/design/DAHQrnlzPa8/edit;Não encontrado no Drive
#235;Anima Podcast;O lado silencioso do autismo;Thiago Castro;Casal novo aplicado;Bloco 10 - Arquivo 1;https://www.canva.com/design/DAHT5G-VT0s/edit;4;https://drive.google.com/file/d/1U1QkWq3wGVKHHz1n4-so3aO3WoLOPFuf/view;#235 - Thiago Castro.png;https://audiovisual-anima.github.io/thumbs-anima/review/casal-lote/e235.png;https://youtu.be/7qDyO0PtR2k;O que não te contaram sobre Autismo, TDAH e Superdotação | Ep #235 | Com Dr. Thiago Castro;https://www.canva.com/design/DAHRF2DSDi0/edit;Drive tem a versão antiga (casal anterior)
#234;Anima Podcast;Não pecar contra a castidade;José Roberto e Maria Carolina;Casal novo aplicado;Bloco 9 - Arquivo 1;https://www.canva.com/design/DAHT4wC4lb4/edit;4;https://drive.google.com/file/d/1g37bxjXxfA1hY0pB18J0vr4mgpz3E-lo/view;#234 - Jose Roberto e Maria Carolina.png;https://audiovisual-anima.github.io/thumbs-anima/review/casal-lote/e234.png;https://youtu.be/AcS0JtEP1Ic;Como a Graça de Deus age nos RELACIONAMENTOS| Ep#234 |Com José Roberto e Maria Carolina Mello Porto;https://www.canva.com/design/DAHRFk8zA-8/edit;Drive tem a versão antiga (casal anterior)
#233;Anima Podcast;Quando o casamento comeca a morrer;Yasmin Fleming;Casal novo aplicado;Bloco 9 - Arquivo 1;https://www.canva.com/design/DAHT4wC4lb4/edit;5;https://drive.google.com/file/d/1nP6VDljj5LnCwPIVC6HC47V53cMwmKVk/view;#233 - Yasmin Fleming.png;https://audiovisual-anima.github.io/thumbs-anima/review/casal-lote/e233.png;https://youtu.be/6UzvbhpWOl8;Segredos práticos para salvar seu casamento | Ep #233 | Com Yasmin Fleming;https://www.canva.com/design/DAHRFk8zA-8/edit;Drive tem a versão antiga (casal anterior)
#232;Anima Podcast;A boa música é remédio para a alma;Alex Cohen;Casal novo aplicado;Bloco 9 - Arquivo 1;https://www.canva.com/design/DAHT4wC4lb4/edit;6;https://drive.google.com/file/d/1yjZrZ8Y1LB957VHspWMylRs7HppMqoTl/view;#232 - Alex Cohen.png;https://audiovisual-anima.github.io/thumbs-anima/review/casal-lote/e232.png;https://youtu.be/7QB_Edaxla0;Música que toca a alma: O poder de uma composição divina | Ep #232 | Com Alex Cohen;https://www.canva.com/design/DAHRFk8zA-8/edit;Drive tem a versão antiga (casal anterior)
#231;Anima Podcast;O quadro que adoecia as pessoas;Paulo Frade;Casal novo aplicado;Bloco 9 - Arquivo 1;https://www.canva.com/design/DAHT4wC4lb4/edit;7;https://drive.google.com/file/d/1fU5VSJ-RxlmV1peO61Of9m2dBeuMhAc5/view;#231 - Paulo Frade.png;https://audiovisual-anima.github.io/thumbs-anima/review/casal-lote/e231.png;https://youtu.be/AiYmdLGtOzs;O Perigo da ARTE sem ALMA: Quando a beleza se desconecta do Divino | Ep #231 | Com Paulo Frade;https://www.canva.com/design/DAHRFk8zA-8/edit;Drive tem a versão antiga (casal anterior)
#230;Anima Podcast;Se eu estivesse no Irã, estaria morta;Mahsima Nadim;Casal novo aplicado;Bloco 9 - Arquivo 1;https://www.canva.com/design/DAHT4wC4lb4/edit;8;https://drive.google.com/file/d/1JGfHz0ChrCg37ZiVjsEmkNhbWDkmHinD/view;#230 - Mahsima Nadim.png;https://audiovisual-anima.github.io/thumbs-anima/review/casal-lote/e230.png;https://youtu.be/sQNcblHlRNE;O que não te contaram sobre a realidade das mulheres no Irã | Ep #230 | Com Mahsima Nadim;https://www.canva.com/design/DAHRFk8zA-8/edit;Drive tem a versão antiga (casal anterior)
#229;Anima Podcast;A verdade sobre o Sudário;Vera Tostes;Casal novo aplicado;Bloco 9 - Arquivo 1;https://www.canva.com/design/DAHT4wC4lb4/edit;9;https://drive.google.com/file/d/1QgQiWNYUgJTXUdH2T9_0RhMvEgQYJG2R/view;#229 - Vera Tostes.png;https://audiovisual-anima.github.io/thumbs-anima/review/casal-lote/e229.png;https://youtu.be/Wxzi8a2WhGI;O que o SANTO SUDÁRIO revela sobre a crucificação de Jesus? | Ep #229 | Com Vera Tostes;https://www.canva.com/design/DAHRFk8zA-8/edit;Drive tem a versão antiga (casal anterior)
#228;Anima Podcast;Eu estava nas garras de Satanás;Tony Allysson;Casal novo aplicado;Bloco 9 - Arquivo 1;https://www.canva.com/design/DAHT4wC4lb4/edit;10;https://drive.google.com/file/d/1qPnXnxD9RiUFOv_1YajMAY2A8cqvrMAT/view;#228 - Tony Allysson.png;https://audiovisual-anima.github.io/thumbs-anima/review/casal-lote/e228.png;https://youtu.be/f17aAhp76aQ;De roqueiro a missionário: A INCRÍVEL história de Tony Allysson | Ep #228 | Com Tony Allysson;https://www.canva.com/design/DAHRFk8zA-8/edit;Drive tem a versão antiga (casal anterior)
#227;Anima Podcast;Caí protestante, levantei católico;Frei Angelo Faitanin;Casal novo aplicado;Bloco 9 - Arquivo 1;https://www.canva.com/design/DAHT4wC4lb4/edit;11;https://drive.google.com/file/d/1bz56VLtgBRMgNSfavNtCQV2FXkx7azhm/view;#227 - Frei Angelo Faitanin.png;https://audiovisual-anima.github.io/thumbs-anima/review/casal-lote/e227.png;https://youtu.be/PH5mzWC9M1A;Ele era líder PROTESTANTE e se tornou Frei CATÓLICO | Ep #227 | Com Frei Angelo Faitanin;https://www.canva.com/design/DAHRFk8zA-8/edit;Drive tem a versão antiga (casal anterior)
#226;Anima Podcast;Fui ateu e comunista;Gabriel Kanner;Casal novo aplicado;Bloco 9 - Arquivo 1;https://www.canva.com/design/DAHT4wC4lb4/edit;12;https://drive.google.com/file/d/18NR9uIaNO_voEgPBL3xo0tR3GPdqe3pN/view;#226 - Gabriel Kanner.png;https://audiovisual-anima.github.io/thumbs-anima/review/casal-lote/e226.png;https://youtu.be/d7l24KP1_Ok;Ele foi ateu e descobriu que Deus EXISTE | Ep #226 | Com Gabriel Kanner;https://www.canva.com/design/DAHRFk8zA-8/edit;Drive tem a versão antiga (casal anterior)
#225;Anima Podcast;Não entre no digital sem isso;Ítalo Marsili;Casal novo aplicado;Bloco 9 - Arquivo 1;https://www.canva.com/design/DAHT4wC4lb4/edit;13;https://drive.google.com/file/d/1u0LSoybkG3qR0j1hiLg7JZlRLlrLzd6Z/view;#225 - Ítalo Marsili.png;https://audiovisual-anima.github.io/thumbs-anima/review/casal-lote/e225.png;https://youtu.be/gJjZvbFBass;O que ninguém te conta sobre o mercado digital | Ep #225 | Com Ítalo Marsili;https://www.canva.com/design/DAHRFk8zA-8/edit;Drive tem a versão antiga (casal anterior)
#224;Anima Podcast;Seu casamento pode ser nulo?;Pe. Alex Nogueira;Casal novo aplicado;Bloco 9 - Arquivo 1;https://www.canva.com/design/DAHT4wC4lb4/edit;14;https://drive.google.com/file/d/1Yrw6wBtdC_dTIRtUJned2dJXk33A_dN_/view;#224 - Pe. Alex Nogueira.png;https://audiovisual-anima.github.io/thumbs-anima/review/casal-lote/e224.png;https://youtu.be/QkSNKLt79Js;Divórcio na Igreja? Entenda como funciona a Nulidade Matrimonial | Ep. #224 | com Pe. Alex Nogueira;https://www.canva.com/design/DAHRFk8zA-8/edit;Drive tem a versão antiga (casal anterior)
#223;Anima Podcast;Vá mais rápido para o Céu;Pe. Renato Teixeira;Casal novo aplicado;Bloco 9 - Arquivo 1;https://www.canva.com/design/DAHT4wC4lb4/edit;15;https://drive.google.com/file/d/18pfQL79TILSokPs_SN3xawLsvbcamBtF/view;#223 - Pe. Renato Teixeira.png;https://audiovisual-anima.github.io/thumbs-anima/review/casal-lote/e223.png;https://youtu.be/JmSQRMpqWjg;INDULGÊNCIA: O segredo para acelerar sua chegada ao céu | Ep #223 | Com Pe. Renato Teixeira;https://www.canva.com/design/DAHRFk8zA-8/edit;Drive tem a versão antiga (casal anterior)
#222;Anima Podcast;O Rock é satânico?;Danilo Lopes;Casal novo aplicado;Bloco 9 - Arquivo 1;https://www.canva.com/design/DAHT4wC4lb4/edit;16;https://drive.google.com/file/d/1666U-63fVeO9KwXH0RqQQ00K0-FXTBHB/view;#222 - Danilo Lopes.png;https://audiovisual-anima.github.io/thumbs-anima/review/casal-lote/e222.png;https://youtu.be/PaOlD-oMbd0;Músico Revela Experiências Reais com Possessão Demoníaca | Ep #222 | Com Danilo Lopes;https://www.canva.com/design/DAHRFk8zA-8/edit;Drive tem a versão antiga (casal anterior)
#221;Anima Podcast;"O ""chip da beleza"" é uma farsa?";Diogo Viana;Casal novo aplicado;Bloco 10 - Arquivo 1;https://www.canva.com/design/DAHT5G-VT0s/edit;5;https://drive.google.com/file/d/1Vk6cDHgS_tPYm8ttn6-BLSsQNE2WL5Dn/view;#221 - Diogo Viana.png;https://audiovisual-anima.github.io/thumbs-anima/review/casal-lote/e221.png;https://youtu.be/1UrrzhjXxc4;O que toda mulher precisa saber sobre MENOPAUSA | Ep #221 | Com Dr. Diogo Viana;https://www.canva.com/design/DAHRF2DSDi0/edit;Drive tem a versão antiga (casal anterior)
#220;Anima Podcast;Escalando até o Céu;Luciano Bandeira;Casal novo aplicado;Bloco 9 - Arquivo 1;https://www.canva.com/design/DAHT4wC4lb4/edit;17;https://drive.google.com/file/d/1QjQork56p4iNCz9zYGOBSpu-I_KCTJk9/view;#220 - Luciano Bandeira.png;https://audiovisual-anima.github.io/thumbs-anima/review/casal-lote/e220.png;https://youtu.be/1et5n81WNZk;Histórias de Santos Que Transformam Vidas | Ep #220 | Com Luciano Bandeira;https://www.canva.com/design/DAHRFk8zA-8/edit;Drive tem a versão antiga (casal anterior)
#219;Anima Podcast;A arma contra a gula;Isa Latuf;Casal novo aplicado;Bloco 9 - Arquivo 1;https://www.canva.com/design/DAHT4wC4lb4/edit;18;https://drive.google.com/file/d/1kyha3dVTzbW1uiREFsqi_eH2Qj9Zo-8g/view;#219 - Isa Latuf Jardim.png;https://audiovisual-anima.github.io/thumbs-anima/review/casal-lote/e219.png;https://youtu.be/80M2-epM2-E;O segredo para EMAGRECER e vencer a compulsão | Ep #219 | Com Isa Latuf Jardim;https://www.canva.com/design/DAHRFk8zA-8/edit;Drive tem a versão antiga (casal anterior)
#218;Anima Podcast;Como superar a dor e o sofrimento;Luis Enrique Carmelo;Casal novo aplicado;Bloco 9 - Arquivo 1;https://www.canva.com/design/DAHT4wC4lb4/edit;19;https://drive.google.com/file/d/1V_IcfFUAGxI0Nub38DUgWNfDw8gKhYKm/view;#218 - Luis Enrique Carmelo.png;https://audiovisual-anima.github.io/thumbs-anima/review/casal-lote/e218.png;https://youtu.be/e9OMSLJBvSE;Como Transformar o VAZIO EXISTENCIAL em Propósito de Vida | Ep #218 | Com Luis Enrique Carmelo;https://www.canva.com/design/DAHRFk8zA-8/edit;Drive tem a versão antiga (casal anterior)
#217;Anima Podcast;A Santa Carona;Guilherme Cadoiss;Casal novo aplicado;Bloco 9 - Arquivo 1;https://www.canva.com/design/DAHT4wC4lb4/edit;20;https://drive.google.com/file/d/1L0n5nghY7DN59uOirzhvmsCZCaX6wVmn/view;#217 - Guilherme Cadoiss.png;https://audiovisual-anima.github.io/thumbs-anima/review/casal-lote/e217.png;https://youtu.be/ICmfpPS_1yI;Estratégias INOVADORAS Para Atrair Mais Fiéis Pela Internet | Ep #217 | Com Guilherme Cadoiss;https://www.canva.com/design/DAHRFk8zA-8/edit;Drive tem a versão antiga (casal anterior)
#216;Anima Podcast;Encontrei Deus no fundo do poço;Alam Carrion;Casal novo aplicado;Bloco 9 - Arquivo 1;https://www.canva.com/design/DAHT4wC4lb4/edit;21;https://drive.google.com/file/d/1wjX6JxIKWw0qlq_Ba0XCRjaexVMOWYHH/view;#216 - Alam Carrion.png;https://audiovisual-anima.github.io/thumbs-anima/review/casal-lote/e216.png;https://youtu.be/90Ti41Kikmk;De Jovem Rebelde a Evangelizador Católico na Internet | Ep #216 | Com Alam Carrion;https://www.canva.com/design/DAHRFk8zA-8/edit;Drive tem a versão antiga (casal anterior)
#215;Anima Podcast;Câncer de mama: 85% é evitável;Daniel Buttros;Casal novo aplicado;Bloco 10 - Arquivo 1;https://www.canva.com/design/DAHT5G-VT0s/edit;6;https://drive.google.com/file/d/1gaClcSn0Xa1I0vC4mlZmX6i4B96u8hhq/view;#215 - Daniel Buttros.png;https://audiovisual-anima.github.io/thumbs-anima/review/casal-lote/e215.png;https://youtu.be/Dw_tIh4ZBtw;Fé e Medicina: O caminho que Transforma Vidas no Combate ao Câncer | Ep #215 | Com Dr Daniel Buttros;https://www.canva.com/design/DAHRF2DSDi0/edit;Drive tem a versão antiga (casal anterior)
#214;Anima Podcast;Os 4 desejos ocultos das mulheres;Mari Vabo;Casal novo aplicado;Bloco 9 - Arquivo 1;https://www.canva.com/design/DAHT4wC4lb4/edit;22;https://drive.google.com/file/d/1F2NiAsJyuKohxl8rSlJSiwiogfuj5P7B/view;#214 - Mari Vabo.png;https://audiovisual-anima.github.io/thumbs-anima/review/casal-lote/e214.png;https://youtu.be/67Kfkz8d_HI;Segredos da Mente Feminina Que Todo Homem Precisa Saber | Ep #214 | Com Mari Vabo;https://www.canva.com/design/DAHRFk8zA-8/edit;Drive tem a versão antiga (casal anterior)
#213;Anima Podcast;Padre Paulo Ricardo é herege?;Pedro Affonseca;Casal novo aplicado;Bloco 9 - Arquivo 1;https://www.canva.com/design/DAHT4wC4lb4/edit;23;https://drive.google.com/file/d/1b1J7eUlmUV87jWisVLSWOlmW38lPEmod/view;#213 - Pedro Affonseca.png;https://audiovisual-anima.github.io/thumbs-anima/review/casal-lote/e213.png;https://youtu.be/IpU7stKF4AE;CENTRO DOM BOSCO vs. Arquidiocese do Rio: Entenda a Polêmica | Ep #213 | Com Pedro Affonseca;https://www.canva.com/design/DAHRFk8zA-8/edit;Drive tem a versão antiga (casal anterior)
#212;Anima Podcast;Os segredos de um casamento feliz;Kenya Camerotte e Berthaldo Soares;Casal novo aplicado;Bloco 11 - Arquivo 1;https://www.canva.com/design/DAHT5NXToGQ/edit;3;https://drive.google.com/file/d/1q2QwDgOx4KhIwnN_c4eIakoX2u12CVD2/view;#212 - Kenya Camerotte e Berthaldo Soares.png;https://audiovisual-anima.github.io/thumbs-anima/review/casal-lote/e212.png;https://youtu.be/NCwn2ChWqe0;Os segredos de um CASAMENTO FELIZ | Ep #212 | Com Kenya Camerotte e Berthaldo Soares;https://www.canva.com/design/DAHRGTMEaX0/edit;Drive tem a versão antiga (casal anterior)
#211;Anima Podcast;A verdade sombria sobre o funk;Alvaro Siviero;Casal novo aplicado;Bloco 9 - Arquivo 1;https://www.canva.com/design/DAHT4wC4lb4/edit;24;https://drive.google.com/file/d/1t-O7ztEibJqADSCYFxycUSlKn6kY_3ze/view;#211 - Alvaro Siviero.png;https://audiovisual-anima.github.io/thumbs-anima/review/casal-lote/e211.png;https://youtu.be/8F4dA0MzLHE;Como a MÚSICA que Você Ouve Molda Sua Vida e sua Mente | Ep #211 | Com Alvaro Siviero;https://www.canva.com/design/DAHRFk8zA-8/edit;Drive tem a versão antiga (casal anterior)
#210;Anima Podcast;Música católica furando a bolha;Herrison Pontes e Jessica Dias;Casal novo aplicado;Bloco 9 - Arquivo 1;https://www.canva.com/design/DAHT4wC4lb4/edit;25;https://drive.google.com/file/d/1GJBOKzuWEgn-5223xjmvF-vhYfjwpHId/view;#210 - Herrison Pontes e Jessica Dias.png;https://audiovisual-anima.github.io/thumbs-anima/review/casal-lote/e210.png;https://youtu.be/kEwArRzu6vQ;A Música Que Está Revolucionando a Adoração Católica | Ep #210 | com Herrison Pontes e Jessica Dias;https://www.canva.com/design/DAHRFk8zA-8/edit;Drive tem a versão antiga (casal anterior)
#209;Anima Podcast;O lado sombrio da internet que ameaça crianças;Bel Martins;Casal novo aplicado;Master (blocos 4/5 + acervo);https://www.canva.com/design/DAHT5VDGu2o/edit;22;https://drive.google.com/file/d/1layWMa1f1vt2l6-ce1JrAup3tvHQi1YL/view;#209 - Bel Martins.png;https://audiovisual-anima.github.io/thumbs-anima/review/casal-lote/e209.png;https://youtu.be/M-TlQaeuwYc;Como Proteger Seus Filhos dos Perigos Ocultos da Internet | Ep #209 | Com Bel Martins;https://www.canva.com/design/DAHQrnlzPa8/edit;Drive tem a versão antiga (casal anterior)
#208;Anima Podcast;Usava 40 pedras de crack por dia e sobrevivi para contar;João Blota;Casal novo aplicado;Master (blocos 4/5 + acervo);https://www.canva.com/design/DAHT5VDGu2o/edit;21;https://drive.google.com/file/d/1jBp9QZU2RBV9akHF3SGvzzKlwJNqDer3/view;#208 - João Blota.png;https://audiovisual-anima.github.io/thumbs-anima/review/casal-lote/e208.png;https://youtu.be/8ypvOIu8sq4;Da Destruição à Reconstrução: Como Superar o Vício | Ep #208 | Com João Blota;https://www.canva.com/design/DAHQrnlzPa8/edit;Drive tem a versão antiga (casal anterior)
#207;Anima Podcast;Dinheiro e fé: o maior erro que os católicos cometem;Marcelo Malta;Casal novo aplicado;Master (blocos 4/5 + acervo);https://www.canva.com/design/DAHT5VDGu2o/edit;20;https://drive.google.com/file/d/1GvVt4t3QBRw5JX87a3gvUstE-V6h1Q0x/view;#207 - Marcelo Malta.png;https://audiovisual-anima.github.io/thumbs-anima/review/casal-lote/e207.png;https://youtu.be/M9uD2J8gH_0;Fé e Dinheiro: Descubra o que te impede de prosperar | Ep #207 | Com Marcelo Malta;https://www.canva.com/design/DAHQrnlzPa8/edit;Drive tem a versão antiga (casal anterior)
#206;Anima Podcast;O que a IA realmente significa para o futuro;Ramon Palomo;Casal novo aplicado;Master (blocos 4/5 + acervo);https://www.canva.com/design/DAHT5VDGu2o/edit;13;https://drive.google.com/file/d/1a9jNdGyX4Ay46gclI6nxsm9q1u2ZC0Og/view;#206 - Ramon Palomo.png;https://audiovisual-anima.github.io/thumbs-anima/review/casal-lote/e206.png;https://youtu.be/w0aQlgRtrOg;Como a IA vai transformar sua vida e seu trabalho | Ep #206 | com Ramon Palomo;https://www.canva.com/design/DAHQrnlzPa8/edit;Drive tem a versão antiga (casal anterior)
#205;Anima Podcast;Bebês reborn: moda inocente ou fuga da realidade?;Simone Fuzaro;Casal novo aplicado;Master (blocos 4/5 + acervo);https://www.canva.com/design/DAHT5VDGu2o/edit;14;https://drive.google.com/file/d/1dmVvs5f_ruJiFFFwnWqXCgh8hSyZEACE/view;#205 - Simone Fuzaro.png;https://audiovisual-anima.github.io/thumbs-anima/review/casal-lote/e205.png;https://youtu.be/sBnnhMYuL20;A febre dos BEBÊS REBORN e os desafios da maternidade moderna | Ep #205 | com Simone Fuzaro;https://www.canva.com/design/DAHQrnlzPa8/edit;Drive tem a versão antiga (casal anterior)
#204;Anima Podcast;Família Cristelo: música, amor e fé;Glaucio e Tay Cristelo;Novo (montado nesta conversa);Novos episódios;https://www.canva.com/design/DAHU6Mrajks/edit;13;;;https://audiovisual-anima.github.io/thumbs-anima/review/novos/e204.png;https://youtu.be/kjXTDqY_91M;;;"Ainda não está no Drive; subtítulo encosta nos convidados — revisar"
#203;Anima Podcast;De R$800 na feira a 175 lojas;Renato Villarinho;Casal novo aplicado;Master (blocos 4/5 + acervo);https://www.canva.com/design/DAHT5VDGu2o/edit;15;https://drive.google.com/file/d/1_KCgZJ9hb8Re2yb6wHc_nI0CDH1LLPQs/view;#203 - Renato Villarinho.png;https://audiovisual-anima.github.io/thumbs-anima/review/casal-lote/e203.png;;;https://www.canva.com/design/DAHQrnlzPa8/edit;Drive tem a versão antiga (casal anterior)
#202;Anima Podcast;A rotina que forja a mente;Vitor Becker;Casal novo aplicado;Master (blocos 4/5 + acervo);https://www.canva.com/design/DAHT5VDGu2o/edit;16;https://drive.google.com/file/d/1zYqty2L7BfH6MC1VZghlejnpcEs1ohqq/view;#202 - Vitor Becker.png;https://audiovisual-anima.github.io/thumbs-anima/review/casal-lote/e202.png;https://youtu.be/CScKu0D7I-s;Delegado revela a HABILIDADE MAIS IMPORTANTE Para o SUCESSO | Ep#202 | com Vitor Becker;https://www.canva.com/design/DAHQrnlzPa8/edit;Drive tem a versão antiga (casal anterior)
#201;Anima Podcast;Milagres ainda acontecem? Como a Igreja investiga?;Dom Roberto Lopes;Casal novo aplicado;Master (blocos 4/5 + acervo);https://www.canva.com/design/DAHT5VDGu2o/edit;17;https://drive.google.com/file/d/1rX-tkJFxwbsmPMj8TSOC6CC_EegWgdh6/view;#201 - Dom Roberto Lopes.png;https://audiovisual-anima.github.io/thumbs-anima/review/casal-lote/e201.png;https://youtu.be/aatnVaXe4Jc;Os Segredos da Santidade: Descubra o Caminho para Ser Santo Hoje | Ep #201 com Dom Roberto Lopes;https://www.canva.com/design/DAHQrnlzPa8/edit;Drive tem a versão antiga (casal anterior)
#200;Anima Podcast;Como tudo começou;Breno Faria;Casal novo aplicado;Master (blocos 4/5 + acervo);https://www.canva.com/design/DAHT5VDGu2o/edit;18;https://drive.google.com/file/d/1eJUlAcHHtxWpa3aZGr9KIylgdIyPYkDn/view;#200 - Breno Faria.png;https://audiovisual-anima.github.io/thumbs-anima/review/casal-lote/e200.png;https://youtu.be/upsXFz4JiOc;“Café com teu pai”: O que as MULHERES PRECISAM SABER sobre os homens | Ep #200 | com Breno Faria;https://www.canva.com/design/DAHQrnlzPa8/edit;Drive tem a versão antiga (casal anterior)
#199;Anima Podcast;Proteja seus filhos do perigo espiritual;Angela Abdo;Casal novo aplicado;Master (blocos 4/5 + acervo);https://www.canva.com/design/DAHT5VDGu2o/edit;19;https://drive.google.com/file/d/1YNNIL3kqm85EppjYeBSd-K7cAWe6tMrV/view;#199 - Angela Abdo.png;https://audiovisual-anima.github.io/thumbs-anima/review/casal-lote/e199.png;https://youtu.be/mD6KPc7yP68;O PODER da Oração de Mães que TRANSFORMA FILHOS | Ep #199 | com Angela Abdo;https://www.canva.com/design/DAHQrnlzPa8/edit;Drive tem a versão antiga (casal anterior)
#198;Anima Podcast;Conclave 2025: tudo sobre a eleição do novo Papa;Monsenhor Sérgio;Casal novo aplicado;Master (blocos 4/5 + acervo);https://www.canva.com/design/DAHT5VDGu2o/edit;12;https://drive.google.com/file/d/1xnIPrkzXnVM1nsvZFkcu7CPiLArAOa99/view;#198 - Monsenhor Sérgio.png;https://audiovisual-anima.github.io/thumbs-anima/review/casal-lote/e198.png;https://youtu.be/RrNxoPUYAXc;O Futuro da Igreja Católica: Decisões Cruciais no Conclave de 2025 l EP #198 l com Monsenhor Sérgio;https://www.canva.com/design/DAHQrnlzPa8/edit;Drive tem a versão antiga (casal anterior)
#197;Anima Podcast;Anabolizante deixa impotente?;Diogo Wink;Casal novo aplicado;Bloco 10 - Arquivo 1;https://www.canva.com/design/DAHT5G-VT0s/edit;7;https://drive.google.com/file/d/1LG3WE_CFbOKeAjmsz6B7xWcAYjInMNYg/view;#197 - Diogo Wink.png;https://audiovisual-anima.github.io/thumbs-anima/review/casal-lote/e197.png;https://youtu.be/od8FYbS0ufI;A Verdade Sobre a FERTILIDADE MASCULINA que Ninguém Conta l EP #197 l com Dr. Diogo Wink;https://www.canva.com/design/DAHRF2DSDi0/edit;Drive tem a versão antiga (casal anterior)
#196;Anima Podcast;A era da IA: como não ficar para trás;Rica Barros;Casal novo aplicado;Master (blocos 4/5 + acervo);https://www.canva.com/design/DAHT5VDGu2o/edit;2;https://drive.google.com/file/d/1PI8iMNVz66GCHj2cr4rmNcqxQ-ZLhGRr/view;#196 - Rica Barros.png;https://audiovisual-anima.github.io/thumbs-anima/review/casal-lote/e196.png;https://youtu.be/Ysjmhr24yeA;O que você precisa saber sobre INTELIGÊNCIA ARTIFICIAL l EP #196 l Rica Barros;https://www.canva.com/design/DAHQrnlzPa8/edit;Drive tem a versão antiga (casal anterior)
#195;Anima Podcast;A filosofia proibida nas universidades;Renato Moraes;Casal novo aplicado;Master (blocos 4/5 + acervo);https://www.canva.com/design/DAHT5VDGu2o/edit;3;https://drive.google.com/file/d/1Uyt-J6Su8xmcZRgQ0fZpjAGAqu5IMKzV/view;#195 - Renato Moraes.png;https://audiovisual-anima.github.io/thumbs-anima/review/casal-lote/e195.png;https://youtu.be/McC0-PowZz4;A Filosofia que as Universidades não ensinam | Ep #195 | com Renato Moraes;https://www.canva.com/design/DAHQrnlzPa8/edit;Drive tem a versão antiga (casal anterior)
#194;Anima Podcast;Falso santo: a verdade sobre o narcisista;Elizabeth Pimentel;Casal novo aplicado;Master (blocos 4/5 + acervo);https://www.canva.com/design/DAHT5VDGu2o/edit;4;https://drive.google.com/file/d/1SJ8t522X5gSNDJn1Uh7jNMhy-4Zi8lMF/view;#194 - Elizabeth Pimentel.png;https://audiovisual-anima.github.io/thumbs-anima/review/casal-lote/e194.png;https://youtu.be/3PNdI4wcG-w;Narcisismo: O Mal Que Destrói Relacionamentos | Ep #194 | com Elizabeth Pimentel;https://www.canva.com/design/DAHQrnlzPa8/edit;Drive tem a versão antiga (casal anterior)
#193;Anima Podcast;Aparência importa?;Willian Celso;Casal novo aplicado;Master (blocos 4/5 + acervo);https://www.canva.com/design/DAHT5VDGu2o/edit;5;https://drive.google.com/file/d/1ITaahZ5JD4XYtA975VlSuQ054r2QsUfk/view;#193 - Willian Celso.png;https://audiovisual-anima.github.io/thumbs-anima/review/casal-lote/e193.png;https://youtu.be/1tDkwhh_Ogw;O Segredo do Posicionamento que Transforma Vidas l Ep #193 l com Willian Celso;https://www.canva.com/design/DAHQrnlzPa8/edit;Drive tem a versão antiga (casal anterior)
#192;Anima Podcast;Onde está isso na Bíblia?;Ariel Lazari;Casal novo aplicado;Master (blocos 4/5 + acervo);https://www.canva.com/design/DAHT5VDGu2o/edit;6;https://drive.google.com/file/d/1m4h7VQ1t6jNRnzBfj8yL_pgROvVof4Hf/view;#192 - Ariel Lazari.png;https://audiovisual-anima.github.io/thumbs-anima/review/casal-lote/e192.png;https://youtu.be/BGhJGzfqam4;ARQUEOLOGIA BÍBLICA revela ERROS da Reforma Protestante | Ep #192 | com Ariel Lazari;https://www.canva.com/design/DAHQrnlzPa8/edit;Drive tem a versão antiga (casal anterior)
#191;Anima Podcast;O que seus filhos escondem?;Elizabete Possidente;Casal novo aplicado;Bloco 10 - Arquivo 1;https://www.canva.com/design/DAHT5G-VT0s/edit;8;https://drive.google.com/file/d/1LuAWIzoSsnDsQT3L6Wa1k_47K5CgZ7_j/view;#191 - Elizabete Possidente.png;https://audiovisual-anima.github.io/thumbs-anima/review/casal-lote/e191.png;https://youtu.be/_M4ZRsZZc4s;Série “Adolescência” - Sinais de alerta para os pais l Ep #191 l com Dra. Elizabete Possidente;https://www.canva.com/design/DAHRF2DSDi0/edit;Drive tem a versão antiga (casal anterior)
#190;Anima Podcast;Fátima: polêmicas e curiosidades;Pe. Cabecinhas e Marco Daniel;Casal novo aplicado;Bloco 8 - Arquivo 2;https://www.canva.com/design/DAHT5IC7CDA/edit;25;https://drive.google.com/file/d/1quKEwTOLNih5icP1uOAVD-wO4_XVFnFj/view;#190 - Pe. Cabecinhas e Marco Daniel.png;https://audiovisual-anima.github.io/thumbs-anima/review/casal-lote/e190.png;https://youtu.be/pIHcdS-Ozw4;Fátima: Polêmicas e curiosidades reveladas l Ep  #190 l com Padre Cabecinhas e Marco Daniel Duarte;https://www.canva.com/design/DAHRFXzISZs/edit;Drive tem a versão antiga (casal anterior)
#189;Anima Podcast;Fé vs. obsessão;Diego Costa;Casal novo aplicado;Master (blocos 4/5 + acervo);https://www.canva.com/design/DAHT5VDGu2o/edit;7;https://drive.google.com/file/d/1zv8MUmVth9A51mB3iZZoyqtm7UoEcYaE/view;#189 - Diego Costa.png;https://audiovisual-anima.github.io/thumbs-anima/review/casal-lote/e189.png;https://youtu.be/M21Sf56eikk;TOC Religioso e Escrúpulos – Como se libertar l Ep #189 l com Diego Costa;https://www.canva.com/design/DAHQrnlzPa8/edit;Drive tem a versão antiga (casal anterior)
#187;Anima Podcast;É por isso que muitos casamentos acabam...;Carol Tizziani;Casal novo aplicado;Master (blocos 4/5 + acervo);https://www.canva.com/design/DAHT5VDGu2o/edit;8;https://drive.google.com/file/d/1SZPrkYJ2gVqrQmzkVVzpav7YDU8zmdtw/view;#187 - Carol Tizziani.png;https://audiovisual-anima.github.io/thumbs-anima/review/casal-lote/e187.png;https://youtu.be/nUVDZD9rNiA;O Segredo para um Casamento Feliz e Duradouro l Ep #187 l com Carol Tizziani;https://www.canva.com/design/DAHQrnlzPa8/edit;Drive tem a versão antiga (casal anterior)
#186;Anima Podcast;Possessão demoníaca: relatos reais;Frei Juan Antônio;Casal novo aplicado;Master (blocos 4/5 + acervo);https://www.canva.com/design/DAHT5VDGu2o/edit;9;https://drive.google.com/file/d/1pLy7j_SefH49WSdTC5sZPx1T6BSLfOjB/view;#186 - Frei Juan Antônio.png;https://audiovisual-anima.github.io/thumbs-anima/review/casal-lote/e186.png;https://youtu.be/b6esSkOW0us;O que acontece em um EXORCISMO? | Ep. #186 | com Frei Juan Antônio;https://www.canva.com/design/DAHQrnlzPa8/edit;Drive tem a versão antiga (casal anterior)
#185;Anima Podcast;Do crime para a cruz;Wellington Perciliano;Casal novo aplicado;Master (blocos 4/5 + acervo);https://www.canva.com/design/DAHT5VDGu2o/edit;10;https://drive.google.com/file/d/1LdLKAye4X5S72C9qdw1_GLSX4RtH9RZy/view;#185 - Wellington Perciliano.png;https://audiovisual-anima.github.io/thumbs-anima/review/casal-lote/e185.png;https://youtu.be/WjN636Ih0VU;Do crime para a cruz  | Ep. #185 | com  Wellington Perciliano;https://www.canva.com/design/DAHQrnlzPa8/edit;Drive tem a versão antiga (casal anterior)
#184;Anima Podcast;Ano jubilar e porta santa;Frei Juan Manuel;Casal novo aplicado;Master (blocos 4/5 + acervo);https://www.canva.com/design/DAHT5VDGu2o/edit;11;https://drive.google.com/file/d/1IIj1ozJL2Ow7Su5mOSoE0GI7cIcf7N-S/view;#184 - Frei Juan Manuel.png;https://audiovisual-anima.github.io/thumbs-anima/review/casal-lote/e184.png;https://youtu.be/CP2pa0EcHao;Os benefícios do Ano Jubilar para Sua Vida | Ep. #184 | com Frei Juan Manuel;https://www.canva.com/design/DAHQrnlzPa8/edit;Drive tem a versão antiga (casal anterior)
#183;Anima Podcast;O que queres com isso?;Pe. Antônio Maria;Casal novo aplicado;Bloco 6 + Cohort 3;https://www.canva.com/design/DAHT5YkS6QU/edit;2;https://drive.google.com/file/d/1bw_x5J47VQbEqYnWRgZiFzymBzs9WL7k/view;#183 - Pe. Antônio Maria.png;https://audiovisual-anima.github.io/thumbs-anima/review/casal-lote/e183.png;https://youtu.be/NR6jwtnWvzE;O que queres com isso? | Ep. #183 | com Pe. Antônio Maria;https://www.canva.com/design/DAHQ-2Nd4Ac/edit;Drive tem a versão antiga (casal anterior)
#181;Anima Podcast;Melhores momentos: Anjos;Rafael Brito;Casal novo aplicado;Bloco 9 - Arquivo 2;https://www.canva.com/design/DAHT5IrBs84/edit;1;https://drive.google.com/file/d/1NHpkhXqxVn0jTwE7aP3g1B_cOs6hX4Pv/view;#181 - Rafael Brito.png;https://audiovisual-anima.github.io/thumbs-anima/review/casal-lote/e181.png;https://youtu.be/2HnGh6PAVy0;Melhores momentos: Anjos | Ep. #181 | com Rafael Brito;https://www.canva.com/design/DAHRFt0VXa4/edit;Drive tem a versão antiga (casal anterior)
#180;Anima Podcast;Eu era espírita, mas isso me mudou;Rodrigo Astolfi;Casal novo aplicado;Bloco 10 - Arquivo 1;https://www.canva.com/design/DAHT5G-VT0s/edit;9;https://drive.google.com/file/d/1AvfyeN9JcnwHY8ZeP9Fpg2oQPHKEHf-x/view;#180 - Rodrigo Astolfi.png;https://audiovisual-anima.github.io/thumbs-anima/review/casal-lote/e180.png;https://youtu.be/uSYcqIXdxrA;Eu era espírita mas isso me fez mudar  | Ep. #180 | com Dr. Rodrigo Astolfi;https://www.canva.com/design/DAHRF2DSDi0/edit;Drive tem a versão antiga (casal anterior)
#179;Anima Podcast;Contra a inveja, faça isso...;Irmã Zélia;Casal novo aplicado;Bloco 6 + Cohort 3;https://www.canva.com/design/DAHT5YkS6QU/edit;4;https://drive.google.com/file/d/1r3uByobOyL8eV7yf-1jA_2tc5UF-5mgp/view;#179 - Irmã Zélia.png;https://audiovisual-anima.github.io/thumbs-anima/review/casal-lote/e179.png;https://youtu.be/C9-mGhGrGz4;Contra a inveja faça isso!  | Ep. #179 | com Irmã Zélia;https://www.canva.com/design/DAHQ-2Nd4Ac/edit;Drive tem a versão antiga (casal anterior)
#178;Anima Podcast;Santa Edith Stein;Magna Rocha;Casal novo aplicado;Bloco 6 + Cohort 3;https://www.canva.com/design/DAHT5YkS6QU/edit;6;https://drive.google.com/file/d/1K1SEy-nGU2WeLkNBelXC9OcUMcmyfmgR/view;#178 - Magna Rocha.png;https://audiovisual-anima.github.io/thumbs-anima/review/casal-lote/e178.png;https://youtu.be/bdViCk6HWXs;A judia que virou Santa!  | Ep. #178 | com Magna Rocha;https://www.canva.com/design/DAHQ-2Nd4Ac/edit;Drive tem a versão antiga (casal anterior)
#177;Anima Podcast;A fé é uma virtude da inteligência;Roberto Mallet;Casal novo aplicado;Bloco 6 + Cohort 3;https://www.canva.com/design/DAHT5YkS6QU/edit;8;https://drive.google.com/file/d/1F92t0CUPk5xNaGky_te97LavzNBOz-Is/view;#177 - Roberto Mallet.png;https://audiovisual-anima.github.io/thumbs-anima/review/casal-lote/e177.png;https://youtu.be/siu-WZJP3bo;A fé é uma virtude da inteligência | Ep. #177 | com Roberto Mallet;https://www.canva.com/design/DAHQ-2Nd4Ac/edit;Drive tem a versão antiga (casal anterior)
#176;Anima Podcast;Como saber os temperamentos pode te ajudar;Ronaldo Amorim;Casal novo aplicado;Bloco 6 + Cohort 3;https://www.canva.com/design/DAHT5YkS6QU/edit;11;https://drive.google.com/file/d/1v4fcZPor5GNYX4IMmtyVY5FnF51LhOdk/view;#176 - Ronaldo Amorim.png;https://audiovisual-anima.github.io/thumbs-anima/review/casal-lote/e176.png;https://youtu.be/zZCATTT1_FQ;Desvendando os temperamentos | Ep. #176 | com Ronaldo Amorim;https://www.canva.com/design/DAHQ-2Nd4Ac/edit;Drive tem a versão antiga (casal anterior)
#175;Anima Podcast;Do leito da morte à praia no mesmo dia;Raquel Carpenter;Casal novo aplicado;Bloco 6 + Cohort 3;https://www.canva.com/design/DAHT5YkS6QU/edit;12;https://drive.google.com/file/d/1MIEWKa-EPhpbJsBl1rlRUTDqCmnytthn/view;#175 - Raquel Carpenter.png;https://audiovisual-anima.github.io/thumbs-anima/review/casal-lote/e175.png;https://youtu.be/Jh5_3kro1n8;Do leito da morte à praia no mesmo dia | Ep. #175 | com Raquel Carpenter;https://www.canva.com/design/DAHQ-2Nd4Ac/edit;Drive tem a versão antiga (casal anterior)
#173;Anima Podcast;Toda vida importa!;Mariangela Consoli;Casal novo aplicado;Bloco 6 + Cohort 3;https://www.canva.com/design/DAHT5YkS6QU/edit;13;https://drive.google.com/file/d/15ojvQuHxqgl999O-aKmnhqOrCNUoyZ95/view;#173 - Mariangela Consoli.png;https://audiovisual-anima.github.io/thumbs-anima/review/casal-lote/e173.png;https://youtu.be/P59pacYN4Ek;A missão da Associação Guadalupe | Ep. #173 | com Associação Guadalupe ( Mariangela Consoli);https://www.canva.com/design/DAHQ-2Nd4Ac/edit;Drive tem a versão antiga (casal anterior)
#172;Anima Podcast;Da Canção Nova para o mundo;Pe. Evandro Lima;Casal novo aplicado;Bloco 6 + Cohort 3;https://www.canva.com/design/DAHT5YkS6QU/edit;14;https://drive.google.com/file/d/1asVBv5asIhVk6NpA7TQKdmwe436M6YcK/view;#172 - Pe. Evandro Lima.png;https://audiovisual-anima.github.io/thumbs-anima/review/casal-lote/e172.png;https://youtu.be/Xx9SeIM_ndk;Comunicação que Transforma Vidas | Ep. #172 | com Pe. Evandro Lima;https://www.canva.com/design/DAHQ-2Nd4Ac/edit;Drive tem a versão antiga (casal anterior)
#171;Anima Podcast;Amor que supera tudo;Camila e Felipe Oliveira;Casal novo aplicado;Frames + Duplas;https://www.canva.com/design/DAHT5NdLe6g/edit;7;https://drive.google.com/file/d/1uUPUTD_WcGmqF7AB9-Rv49TwG02gMXRb/view;#171 - Camila e Felipe Oliveira.png;https://audiovisual-anima.github.io/thumbs-anima/review/casal-lote/e171.png;https://youtu.be/VY3P7B7Zvzg;Amor que supera tudo | Ep. #171 | com Camila e Felipe Oliveira;https://www.canva.com/design/DAHREc3WPcM/edit;Drive tem a versão antiga (casal anterior)
#170;Anima Podcast;A cidade fundada por Nossa Senhora;Pe. Leandro Rêgo;Casal novo aplicado;Frames + Duplas;https://www.canva.com/design/DAHT5NdLe6g/edit;1;https://drive.google.com/file/d/1U8SkKd6OsD5ZM9ByqSQmx3e0zHx3YKF_/view;#170 - Pe. Leandro Rêgo.png;https://audiovisual-anima.github.io/thumbs-anima/review/casal-lote/e170.png;https://youtu.be/jwX4_13gCoM;A Cidade Fundada Por Nossa Senhora | Ep. #170 | com Pe. Leandro Rêgo;https://www.canva.com/design/DAHREc3WPcM/edit;Drive tem a versão antiga (casal anterior)
#169;Anima Podcast;O que não te contaram sobre a Bíblia;João Cláudio Rufino;Casal novo aplicado;Bloco 6 + Cohort 3;https://www.canva.com/design/DAHT5YkS6QU/edit;15;https://drive.google.com/file/d/1JSQ7Dv-NP5sw5BL8fRTTsRNDwZD0ehTE/view;#169 - João Cláudio Rufino.png;https://audiovisual-anima.github.io/thumbs-anima/review/casal-lote/e169.png;https://youtu.be/cHNXQRDei2E;Especialista na Bíblia fala toda a verdade | Ep. #169 | com João Cláudio Rufino;https://www.canva.com/design/DAHQ-2Nd4Ac/edit;Drive tem a versão antiga (casal anterior)
#168;Anima Podcast;A oficina do Diabo;Brasil Paralelo;Casal novo aplicado;Frames + Duplas;https://www.canva.com/design/DAHT5NdLe6g/edit;8;https://drive.google.com/file/d/14ProJptqlKF2_oqgMnAkbWIqPZW432sQ/view;#168 - Brasil Paralelo.png;https://audiovisual-anima.github.io/thumbs-anima/review/casal-lote/e168.png;https://youtu.be/lwusZO3QioA;Oficina do Diabo  | Ep. #168 | com Brasil Paralelo ( Filipe Valerim e Henrique Viana );https://www.canva.com/design/DAHREc3WPcM/edit;Drive tem a versão antiga (casal anterior)
#167;Anima Podcast;A crise e a esperança;Pe. Leandro Rasera;Casal novo aplicado;Frames + Duplas;https://www.canva.com/design/DAHT5NdLe6g/edit;2;https://drive.google.com/file/d/1iA3cyHzrqGtnKfxpo6XldM6sKrmkLBIQ/view;#167 - Pe. Leandro Rasera.png;https://audiovisual-anima.github.io/thumbs-anima/review/casal-lote/e167.png;https://youtu.be/xINB0dCaQ1E;A crise e a esperança  | Ep. #167 | com   Pe. Leandro Rasera;https://www.canva.com/design/DAHREc3WPcM/edit;Drive tem a versão antiga (casal anterior)
#166;Anima Podcast;Ciência e espiritualidade;Mateus Simon;Casal novo aplicado;Bloco 6 + Cohort 3;https://www.canva.com/design/DAHT5YkS6QU/edit;16;https://drive.google.com/file/d/1Norv_PTVvzPDngTKVQzkQeocbzdXhsJD/view;#166 - Mateus Simon.png;https://audiovisual-anima.github.io/thumbs-anima/review/casal-lote/e166.png;https://youtu.be/dvSCpY09bvQ;Ansiedade e fé  | Ep. #166 | com  Mateus Simon;https://www.canva.com/design/DAHQ-2Nd4Ac/edit;Drive tem a versão antiga (casal anterior)
#165;Anima Podcast;Carreira de sucesso sem sacrificar sua família;Eduardo Martins;Casal novo aplicado;Bloco 6 + Cohort 3;https://www.canva.com/design/DAHT5YkS6QU/edit;17;https://drive.google.com/file/d/1a1zJuL7O2Fy4dk6F8zAmJ_s5hvMEH4gl/view;#165 - Eduardo Martins.png;https://audiovisual-anima.github.io/thumbs-anima/review/casal-lote/e165.png;https://youtu.be/FEnlK0XVXi4;O segredo da liderança, carreira e família bem-sucedida  | Ep. #165 | com Eduardo Martins;https://www.canva.com/design/DAHQ-2Nd4Ac/edit;Drive tem a versão antiga (casal anterior)
#164;Anima Podcast;Melhores momentos de 2024;Diogo e Vanessa;Casal novo aplicado;Bloco 9 - Arquivo 2;https://www.canva.com/design/DAHT5IrBs84/edit;2;https://drive.google.com/file/d/1k-w-wTDpn0hiGsAzm37SXnK46dmNKKug/view;#164 - Diogo e Vanessa.png;https://audiovisual-anima.github.io/thumbs-anima/review/casal-lote/e164.png;https://youtu.be/Kf5qRt_jKd0;Retrospectiva 2024: Momentos marcantes da Anima!  | Ep. #164 | com Kenya, Berthaldo, Diogo e Vanessa;https://www.canva.com/design/DAHRFt0VXa4/edit;Drive tem a versão antiga (casal anterior)
#163;Anima Podcast;O verdadeiro significado do Natal;Rafael Brito;Casal novo aplicado;Bloco 6 + Cohort 3;https://www.canva.com/design/DAHT5YkS6QU/edit;33;https://drive.google.com/file/d/1lg7qT48SnRvmRG0pDreK60XsPw4uW6fE/view;#163 - Rafael Brito.png;https://audiovisual-anima.github.io/thumbs-anima/review/casal-lote/e163.png;https://youtu.be/JpV4Hbv6BBU;O verdadeiro significado do natal  | Ep. #163 | com Rafael Brito;https://www.canva.com/design/DAHQ-2Nd4Ac/edit;Drive tem a versão antiga (casal anterior)
#162;Anima Podcast;O que houve com Noé e o dilúvio;Edmilson Cruz;Casal novo aplicado;Bloco 6 + Cohort 3;https://www.canva.com/design/DAHT5YkS6QU/edit;18;https://drive.google.com/file/d/1sO8HewFG096olman0ypmBIefiih7jSBm/view;#162 - Edmilson Cruz.png;https://audiovisual-anima.github.io/thumbs-anima/review/casal-lote/e162.png;https://youtu.be/FxsWVO9Ev0I;A história que você não aprende na escola  | Ep. #162 | com Edmilson Cruz;https://www.canva.com/design/DAHQ-2Nd4Ac/edit;Drive tem a versão antiga (casal anterior)
#161;Anima Podcast;Querer é poder?;José Neto;Casal novo aplicado;Bloco 6 + Cohort 3;https://www.canva.com/design/DAHT5YkS6QU/edit;19;https://drive.google.com/file/d/15ra1_hgNMFnL52zAjYSYBSQtnrizKJLe/view;#161 - José Neto.png;https://audiovisual-anima.github.io/thumbs-anima/review/casal-lote/e161.png;https://youtu.be/THWzAIX7JDo;Querer é poder?  | Ep. #161 | com José Neto;https://www.canva.com/design/DAHQ-2Nd4Ac/edit;Drive tem a versão antiga (casal anterior)
#160;Anima Podcast;Meu pai morreu 3 vezes;João Brother;Casal novo aplicado;Bloco 6 + Cohort 3;https://www.canva.com/design/DAHT5YkS6QU/edit;20;https://drive.google.com/file/d/1-HYtU1B4FnLtDJCRAaN0-Kik8aY5RuUd/view;#160 - João Brother.png;https://audiovisual-anima.github.io/thumbs-anima/review/casal-lote/e160.png;https://youtu.be/yEQIFbbu76Y;Meu pai morreu 3 vezes!  | Ep. #160 | com João Brother;https://www.canva.com/design/DAHQ-2Nd4Ac/edit;Drive tem a versão antiga (casal anterior)
#159;Anima Podcast;Das redes de vôlei para as redes de pesca;Amábile Koester;Casal novo aplicado;Bloco 6 + Cohort 3;https://www.canva.com/design/DAHT5YkS6QU/edit;21;https://drive.google.com/file/d/1r9_92Kq0fkNCMwhse3LTNfycWWpY-hYj/view;#159 - Amábile Koester.png;https://audiovisual-anima.github.io/thumbs-anima/review/casal-lote/e159.png;https://youtu.be/gDOiBDbxqQU;Das redes de vôlei para as redes de pesca  | Ep. #159 | com Amábile Tereza Koester;https://www.canva.com/design/DAHQ-2Nd4Ac/edit;Drive tem a versão antiga (casal anterior)
#158;Anima Podcast;Católico pode ser supersticioso?;Flávio Andrade;Casal novo aplicado;Bloco 6 + Cohort 3;https://www.canva.com/design/DAHT5YkS6QU/edit;22;https://drive.google.com/file/d/1vEaMPBdi7eFSjdy-dStkb7DzGgx9XMTO/view;#158 - Flávio Andrade.png;https://audiovisual-anima.github.io/thumbs-anima/review/casal-lote/e158.png;https://youtu.be/5GxfNVGbecg;Católico pode ser supersticioso?  | Ep. #158 | com Flávio Andrade;https://www.canva.com/design/DAHQ-2Nd4Ac/edit;Drive tem a versão antiga (casal anterior)
#157;Anima Podcast;O que não te contaram sobre finanças;Matheus Machado;Casal novo aplicado;Frames + Duplas;https://www.canva.com/design/DAHT5NdLe6g/edit;3;https://drive.google.com/file/d/1H1U3d0NhFNhMTU0xzKJeEnIXxwSdrQVV/view;#157 - Matheus Machado.png;https://audiovisual-anima.github.io/thumbs-anima/review/casal-lote/e157.png;https://youtu.be/cFg7fO0oFHY;O que não te contaram sobre finanças | Ep. #157 | com Matheus Machado;https://www.canva.com/design/DAHREc3WPcM/edit;Drive tem a versão antiga (casal anterior)
#156;Anima Podcast;Como se preparar para o casamento;André e Karina Parreira;Casal novo aplicado;Frames + Duplas;https://www.canva.com/design/DAHT5NdLe6g/edit;9;https://drive.google.com/file/d/13Y6O-HUKfQEUU3AeJZ3bG-dFUSXVNXrj/view;#156 - Andre e Karina Parreira.png;https://audiovisual-anima.github.io/thumbs-anima/review/casal-lote/e156.png;https://youtu.be/sfEqVOROzH4;Como se preparar bem para o casamento | Ep. #156  | com   André e Karina Parreira;https://www.canva.com/design/DAHREc3WPcM/edit;Drive tem a versão antiga (casal anterior)
#155;Anima Podcast;A fé que move multidões;Aline Brasil;Casal novo aplicado;Bloco 6 + Cohort 3;https://www.canva.com/design/DAHT5YkS6QU/edit;23;https://drive.google.com/file/d/1p2iTrqvQsZDGO4Vb1Ay3o6pjzgOue8b9/view;#155 - Aline Brasil.png;https://audiovisual-anima.github.io/thumbs-anima/review/casal-lote/e155.png;https://youtu.be/SR6hK-glRMY;Canções que curam | Ep. #155 | com  Aline Brasil;https://www.canva.com/design/DAHQ-2Nd4Ac/edit;Drive tem a versão antiga (casal anterior)
#154;Anima Podcast;De menino pobre a sacerdote que atrai os jovens;Pe. Tony Moreira;Casal novo aplicado;Bloco 6 + Cohort 3;https://www.canva.com/design/DAHT5YkS6QU/edit;24;https://drive.google.com/file/d/11RjKjZZ5DXNlvrhEUhAHmyjm6_PqG0S5/view;#154 - Pe. Tony Moreira.png;https://audiovisual-anima.github.io/thumbs-anima/review/casal-lote/e154.png;https://youtu.be/Zvtj-MppDI4;De menino pobre a sacerdote que atrai os jovens | Ep. #154 | com Pe. Tony Moreira;https://www.canva.com/design/DAHQ-2Nd4Ac/edit;Drive tem a versão antiga (casal anterior)
#153;Anima Podcast;Ser livre é diferente de ter livre arbítrio;Maria Nazaré;Casal novo aplicado;Bloco 6 + Cohort 3;https://www.canva.com/design/DAHT5YkS6QU/edit;25;https://drive.google.com/file/d/1Jmr5PIEKTsYEvqgnakyRv1FptXVogyVE/view;#153 - Maria Nazaré.png;https://audiovisual-anima.github.io/thumbs-anima/review/casal-lote/e153.png;https://youtu.be/o0GmEWlirck;Os três níveis da liberdade | Ep. #153 | com  Maria Nazaré Lins Barbosa;https://www.canva.com/design/DAHQ-2Nd4Ac/edit;Drive tem a versão antiga (casal anterior)
#152;Anima Podcast;2ª virgindade? O que é isso?;Andrea Biselli;Casal novo aplicado;Frames + Duplas;https://www.canva.com/design/DAHT5NdLe6g/edit;4;https://drive.google.com/file/d/1H_-sL4ChEZfiLBPPfDDnpBLUuWHgxyu4/view;#152 - Andrea Biselli.png;https://audiovisual-anima.github.io/thumbs-anima/review/casal-lote/e152.png;https://youtu.be/4Hon4ZWVe7U;2ª virgindade? O que é isso? | Ep. #152 | com Andrea Biselli;https://www.canva.com/design/DAHREc3WPcM/edit;Drive tem a versão antiga (casal anterior)
#151;Anima Podcast;Casas frias e vazias fazem parte do plano;Rafa e Alex Brasileiro;Casal novo aplicado;Frames + Duplas;https://www.canva.com/design/DAHT5NdLe6g/edit;10;https://drive.google.com/file/d/1ObxMXGCtDtp66QtJmu8jcYpzkulkd6ME/view;#151 - Rafa e Alex Brasileiro.png;https://audiovisual-anima.github.io/thumbs-anima/review/casal-lote/e151.png;https://youtu.be/IfhrF2Km7q0;Casas frias e vazias fazem parte de um plano | Ep. #151 | com  Rafa e Alex Brasileiro;https://www.canva.com/design/DAHREc3WPcM/edit;Drive tem a versão antiga (casal anterior)
#150;Anima Podcast;Homens frágeis e feminismo;Roberta Castro;Casal novo aplicado;Bloco 10 - Arquivo 1;https://www.canva.com/design/DAHT5G-VT0s/edit;10;https://drive.google.com/file/d/1k1xnbuLV9ebccHsXLb0LnTX8WtfcLrZt/view;#150 - Roberta Castro.png;https://audiovisual-anima.github.io/thumbs-anima/review/casal-lote/e150.png;https://youtu.be/3IU7fB7BVlQ;Sexo, filhos e muito mais | Ep. #150 | com  Dra. Roberta Castro;https://www.canva.com/design/DAHRF2DSDi0/edit;Drive tem a versão antiga (casal anterior)
#149;Anima Podcast;Convertido pelos meus pacientes;Saulo Barbosa;Casal novo aplicado;Bloco 10 - Arquivo 1;https://www.canva.com/design/DAHT5G-VT0s/edit;11;https://drive.google.com/file/d/1B7--_t0MYCryuyqsCVeTA0dy3Oy-6dU-/view;#149 - Saulo Barbosa.png;https://audiovisual-anima.github.io/thumbs-anima/review/casal-lote/e149.png;https://youtu.be/0r2w72v09bA;Descobri a verdade na igreja Católica | Ep. #149 | com Dr. Saulo Barbosa;https://www.canva.com/design/DAHRF2DSDi0/edit;Drive tem a versão antiga (casal anterior)
#148;Anima Podcast;Como perdoei o assassino;Ju Gava;Casal novo aplicado;Bloco 6 + Cohort 3;https://www.canva.com/design/DAHT5YkS6QU/edit;26;https://drive.google.com/file/d/1J1frs1I4adnTKRaoBEHmnFJDqLgQVjAo/view;#148 - Ju Gava.png;https://audiovisual-anima.github.io/thumbs-anima/review/casal-lote/e148.png;https://youtu.be/TfgcfInqBhA;A fé transformou o luto em força até para perdoar | Ep. #148 | com Ju Gava;https://www.canva.com/design/DAHQ-2Nd4Ac/edit;Drive tem a versão antiga (casal anterior)
#147;Anima Podcast;Os segredos do direito canônico;Pe. Demétrio Gomes;Casal novo aplicado;Bloco 6 + Cohort 3;https://www.canva.com/design/DAHT5YkS6QU/edit;27;https://drive.google.com/file/d/1uu8VaDXoOI1MgkTXwPMBzfySiPQtdm_t/view;#147 - Pe. Demétrio Gomes.png;https://audiovisual-anima.github.io/thumbs-anima/review/casal-lote/e147.png;https://youtu.be/DvZdYF6fxIg;Segredos do direito canônico e da vida pastoral | Ep. #147 | com Pe.  Demétrio Gomes;https://www.canva.com/design/DAHQ-2Nd4Ac/edit;Drive tem a versão antiga (casal anterior)
#146;Anima Podcast;O mistério oculto de São Justino;Pe. André Luiz;Casal novo aplicado;Bloco 6 + Cohort 3;https://www.canva.com/design/DAHT5YkS6QU/edit;28;https://drive.google.com/file/d/1RWut8SRH2NFaZupKMsCmzyHC5UcWWVAG/view;#146 - Pe. André Luiz.png;https://audiovisual-anima.github.io/thumbs-anima/review/casal-lote/e146.png;https://youtu.be/bRZOvxsZ4hU;Fé, Ciência e Tradição | Ep. #146 | com Pe. André Luiz Rodrigues;https://www.canva.com/design/DAHQ-2Nd4Ac/edit;Drive tem a versão antiga (casal anterior)
#145;Anima Podcast;A verdade por trás da cura;Maria Dulce Arruda;Casal novo aplicado;Bloco 6 + Cohort 3;https://www.canva.com/design/DAHT5YkS6QU/edit;29;https://drive.google.com/file/d/16YtBpgq8M39HWwBBtBQMB9LPFhxltQAV/view;#145 - Maria Dulce Arruda.png;https://audiovisual-anima.github.io/thumbs-anima/review/casal-lote/e145.png;https://youtu.be/5XWP6Krz_Xk;Superando a tragédia: A verdade por trás da cura | Ep. #145  | com  Maria Dulce Arruda;https://www.canva.com/design/DAHQ-2Nd4Ac/edit;Drive tem a versão antiga (casal anterior)
#144;Anima Podcast;Tudo sobre a Santa Missa;Padre Balbino;Casal novo aplicado;Bloco 6 + Cohort 3;https://www.canva.com/design/DAHT5YkS6QU/edit;30;https://drive.google.com/file/d/13TN1pEdOkKTXLnzV3nxY1Zj8UQTO2-mp/view;#144 - Padre Balbino.png;https://audiovisual-anima.github.io/thumbs-anima/review/casal-lote/e144.png;https://youtu.be/2jGP0TXkxqU;Tudo sobre a Santa Missa - Parte 6 | Ep. #144 | com Padre Balbino;https://www.canva.com/design/DAHQ-2Nd4Ac/edit;Drive tem a versão antiga (casal anterior)
#143;Anima Podcast;Estão matando os cristãos;Ana Manente;Casal novo aplicado;Bloco 6 + Cohort 3;https://www.canva.com/design/DAHT5YkS6QU/edit;31;https://drive.google.com/file/d/1cXBXGlz6Ms6OCbMow8J2EiOSW4nVK2iM/view;#143 - Ana Manente.png;https://audiovisual-anima.github.io/thumbs-anima/review/casal-lote/e143.png;https://youtu.be/S-_Yj5X4dQE;Estão matando os cristãos | Ep. #143 | com Ana Manente;https://www.canva.com/design/DAHQ-2Nd4Ac/edit;Drive tem a versão antiga (casal anterior)
#142;Anima Podcast;Especial São Rafael Arcanjo;Rafael Brito;Casal novo aplicado;Bloco 6 + Cohort 3;https://www.canva.com/design/DAHT5YkS6QU/edit;34;https://drive.google.com/file/d/1rk3MpKinY3sm1PP7MRiFC1TMWH_AyzTj/view;#142 - Rafael Brito.png;https://audiovisual-anima.github.io/thumbs-anima/review/casal-lote/e142.png;https://youtu.be/TG5MYGEXpNY;Especial São Rafael Arcanjo | Ep. #142 | com Rafael Brito;https://www.canva.com/design/DAHQ-2Nd4Ac/edit;Drive tem a versão antiga (casal anterior)
#141;Anima Podcast;Milagres no Sertão;Pe. Fabrício Timóteo;Casal novo aplicado;Bloco 6 + Cohort 3;https://www.canva.com/design/DAHT5YkS6QU/edit;1;https://drive.google.com/file/d/13AZ531VjIzYlBP00JJpyUADtaYW96bsF/view;#141 - Pe. Fabrício Timóteo.png;https://audiovisual-anima.github.io/thumbs-anima/review/casal-lote/e141.png;https://youtu.be/O-CYeJApBag;Milagres no Sertão | Ep. #141 | com  Padre Fabrício Timóteo;https://www.canva.com/design/DAHQ-2Nd4Ac/edit;Drive tem a versão antiga (casal anterior)
#140;Anima Podcast;Perdi meus 4 membros mas não perdi a fé;Jessyca Oliveira;Casal novo aplicado;Frames + Duplas;https://www.canva.com/design/DAHT5NdLe6g/edit;6;https://drive.google.com/file/d/12g1s2-ywmHW0j1mywwskMxU4Z_iqpsOz/view;#140 - Jessyca Oliveira.png;https://audiovisual-anima.github.io/thumbs-anima/review/casal-lote/e140.png;https://youtu.be/sPfqCSMl7i4;"Perdi meus 4 membros mas não perdi a fé | Ep. #140 | com  Jessyca ""Jessyborg"" Oliveira";https://www.canva.com/design/DAHREc3WPcM/edit;Drive tem a versão antiga (casal anterior)
#139;Anima Podcast;Jesus foi no motel me salvar;Marcelo Braggion;Casal novo aplicado;Bloco 6 + Cohort 3;https://www.canva.com/design/DAHT5YkS6QU/edit;3;https://drive.google.com/file/d/1cfeR97hAIE7O3GI6RkOmoIxyUNExTmOm/view;#139 - Marcelo Braggion.png;https://audiovisual-anima.github.io/thumbs-anima/review/casal-lote/e139.png;https://youtu.be/G-e9dQ5ArPc;Jesus foi no motel me salvar | Ep. #139 | com  Marcelo Braggion;https://www.canva.com/design/DAHQ-2Nd4Ac/edit;Drive tem a versão antiga (casal anterior)
#138;Anima Podcast;Especial São Gabriel Arcanjo;Rafael Brito;Casal novo aplicado;Bloco 6 + Cohort 3;https://www.canva.com/design/DAHT5YkS6QU/edit;10;https://drive.google.com/file/d/1sAn1vyZiSag3C_B7-5AxoSE25fkWPQnf/view;#138 - Rafael Brito.png;https://audiovisual-anima.github.io/thumbs-anima/review/casal-lote/e138.png;https://youtu.be/3RS40ExqazU;Especial São Gabriel Arcanjo | Ep. #138 | com Rafael Brito;https://www.canva.com/design/DAHQ-2Nd4Ac/edit;Drive tem a versão antiga (casal anterior)
#137;Anima Podcast;A sabedoria de Santo Tomás de Aquino;Sidney Silveira;Casal novo aplicado;Frames + Duplas;https://www.canva.com/design/DAHT5NdLe6g/edit;5;https://drive.google.com/file/d/1dHQ3gKETQWPzmuj_17CM3Hi-ISqOfDhk/view;#137 - Sidney Silveira.png;https://audiovisual-anima.github.io/thumbs-anima/review/casal-lote/e137.png;https://youtu.be/AP6lSjgyYhI;A Sabedoria de Santo Tomás de Aquino | Ep. #137 | com Sidney Silveira;https://www.canva.com/design/DAHREc3WPcM/edit;Drive tem a versão antiga (casal anterior)
#136;Anima Podcast;Maternidade sem ansiedade;Araceli Alcântara;Casal novo aplicado;Bloco 6 + Cohort 3;https://www.canva.com/design/DAHT5YkS6QU/edit;5;https://drive.google.com/file/d/1-8DyG7ISV7GWfkU2qCsYo6MZeHORQS-8/view;#136 - Araceli Alcântara.png;https://audiovisual-anima.github.io/thumbs-anima/review/casal-lote/e136.png;https://youtu.be/En0_MbBtGZU;"Maternidade, Ansiedade e o Método ""Bem Grávida"" | Ep. #136 | com  Araceli Alcântara";https://www.canva.com/design/DAHQ-2Nd4Ac/edit;Drive tem a versão antiga (casal anterior)
#135;Anima Podcast;Especial São Miguel Arcanjo;Rafael Brito;Casal novo aplicado;Bloco 6 + Cohort 3;https://www.canva.com/design/DAHT5YkS6QU/edit;32;https://drive.google.com/file/d/1j8UMk5nJScO0r461CBy125Og7usVtqbt/view;#135b - Rafael Brito.png;https://audiovisual-anima.github.io/thumbs-anima/review/casal-lote/e135.png;https://youtu.be/QhH44Ldvfog;SEGREDOS DA SEMANA SANTA: O que não te contaram sobre o Tríduo Pascal | Ep #135 | Com Padre Balbino;https://www.canva.com/design/DAHQ-2Nd4Ac/edit;"Duas versões no Canva (Rafael Brito / Padre Balbino); Drive tem a versão antiga (casal anterior)"
#135;Anima Podcast;Segredos da Semana Santa;Padre Balbino;Casal novo aplicado;Balbino (dedicado);https://www.canva.com/design/DAHT5a_hIdc/edit;1;https://drive.google.com/file/d/16ei9o-mm1wl8qznPIt1yN_k4H_J6TM2T/view;#135a - Padre Balbino.png;https://audiovisual-anima.github.io/thumbs-anima/review/casal-lote/e135.png;https://youtu.be/QhH44Ldvfog;SEGREDOS DA SEMANA SANTA: O que não te contaram sobre o Tríduo Pascal | Ep #135 | Com Padre Balbino;https://www.canva.com/design/DAHREPCZ--Y/edit;"Duas versões no Canva (Rafael Brito / Padre Balbino); Drive tem a versão antiga (casal anterior)"
#134;Anima Podcast;Da Disney para a Igreja;Arte Piedosa;Casal novo aplicado;Frames + Duplas;https://www.canva.com/design/DAHT5NdLe6g/edit;11;https://drive.google.com/file/d/1DwMCtMopBB-yA6NNFi9UNGIcLB_5hr6C/view;#134 - Arte Piedosa.png;https://audiovisual-anima.github.io/thumbs-anima/review/casal-lote/e134.png;https://youtu.be/8Z6v7JsJJNY;Da Disney para a Igreja | Ep. #134 | com Arte Piedosa (Emerson José e Denis Russo);https://www.canva.com/design/DAHREc3WPcM/edit;Drive tem a versão antiga (casal anterior)
#133;Anima Podcast;Tudo sobre Santa Teresinha;Dom Milton Kenan Jr.;Casal novo aplicado;Bloco 6 + Cohort 3;https://www.canva.com/design/DAHT5YkS6QU/edit;7;https://drive.google.com/file/d/1WgZYXM9dWLM-TK9-WyF0Pvyd5JkGtSgo/view;#133 - Dom Milton Kenan Jr..png;https://audiovisual-anima.github.io/thumbs-anima/review/casal-lote/e133.png;https://youtu.be/WGotFriP9Vo;Tudo sobre Santa Teresinha | Ep. #133 | com Dom Milton Kenan Júnior;https://www.canva.com/design/DAHQ-2Nd4Ac/edit;Drive tem a versão antiga (casal anterior)
#132;Anima Podcast;Ex-ateu revela a verdade;Guilherme Freire;Casal novo aplicado;Bloco 6 + Cohort 3;https://www.canva.com/design/DAHT5YkS6QU/edit;9;https://drive.google.com/file/d/1zvv1pOmu01f5XLCbkdyGzTw1Ydr8fOiQ/view;#132 - Guilherme Freire.png;https://audiovisual-anima.github.io/thumbs-anima/review/casal-lote/e132.png;https://youtu.be/r1hmx82ZZQY;Ex-ateu e mestre em filosofia revela a verdade!  | Ep. #132 | com Guilherme Freire;https://www.canva.com/design/DAHQ-2Nd4Ac/edit;Drive tem a versão antiga (casal anterior)
#131;Anima Podcast;Tudo sobre a Santa Missa - Parte 5;Padre Balbino;Casal novo aplicado;Balbino (dedicado);https://www.canva.com/design/DAHT5a_hIdc/edit;2;https://drive.google.com/file/d/1EUudvhTMvnD-FB8PXf_eHd0PcENPdYlb/view;#131 - Padre Balbino.png;https://audiovisual-anima.github.io/thumbs-anima/review/casal-lote/e131.png;https://youtu.be/BcV4yT1Bv1k;Tudo sobre a Santa Missa - Parte 5 | Ep. #131 | com Padre Balbino;https://www.canva.com/design/DAHREPCZ--Y/edit;Drive tem a versão antiga (casal anterior)
#130;Anima Podcast;Tudo sobre a Santa Missa;Padre Balbino;Casal novo aplicado;Bloco 8 - Arquivo 1;https://www.canva.com/design/DAHT5LIwDx4/edit;3;https://drive.google.com/file/d/1XX80xwv3nar4yv42zEd4w2Q9K-gedqvu/view;#130 - Padre Balbino.png;https://audiovisual-anima.github.io/thumbs-anima/review/casal-lote/e130.png;https://youtu.be/SgmZRvLnRfc;Tudo sobre a Santa Missa - Parte 4 | Ep. #130 | com Padre Balbino;https://www.canva.com/design/DAHRFAok0yc/edit;Drive tem a versão antiga (casal anterior)
#129;Anima Podcast;Fiz 10 milhões e continuei vazia;Valeska Bruzzi;Casal novo aplicado;Bloco 8 - Arquivo 1;https://www.canva.com/design/DAHT5LIwDx4/edit;4;https://drive.google.com/file/d/1VYAt6ggNANF77GjcIeQ052psnGJ4o1ZX/view;#129 - Valeska Bruzzi.png;https://audiovisual-anima.github.io/thumbs-anima/review/casal-lote/e129.png;https://youtu.be/dUYao44NzRk;A conversão de Valeska Bruzzi, fenômeno do digital | Ep. #129 | com Valeska Bruzzi;https://www.canva.com/design/DAHRFAok0yc/edit;Drive tem a versão antiga (casal anterior)
#128;Anima Podcast;A música que toca corações;Ziza Fernandes;Casal novo aplicado;Bloco 8 - Arquivo 1;https://www.canva.com/design/DAHT5LIwDx4/edit;5;https://drive.google.com/file/d/1j3clacZtZyVgqYeMixgLL7EJGt1BRfaa/view;#128 - Ziza Fernandes.png;https://audiovisual-anima.github.io/thumbs-anima/review/casal-lote/e128.png;https://youtu.be/4LbsRAByOkA;A psicóloga que toca corações através da música! | Ep. #128 | com Ziza Fernandes;https://www.canva.com/design/DAHRFAok0yc/edit;Drive tem a versão antiga (casal anterior)
#127;Anima Podcast;Tudo sobre o jejum;Eduardo Oliveira;Casal novo aplicado;Bloco 8 - Arquivo 1;https://www.canva.com/design/DAHT5LIwDx4/edit;6;https://drive.google.com/file/d/1Wl0Cus7CvzsD-1oa3THwaA4OaZCFi7pt/view;#127 - Eduardo Oliveira.png;https://audiovisual-anima.github.io/thumbs-anima/review/casal-lote/e127.png;https://youtu.be/WVnV1lUcryg;Tudo sobre o jejum: a penitência universal | Ep. #127 | com Eduardo Oliveira;https://www.canva.com/design/DAHRFAok0yc/edit;Drive tem a versão antiga (casal anterior)
#126;Anima Podcast;O alimento mais antigo do mundo;Chef Marcelo Horta;Casal novo aplicado;Bloco 8 - Arquivo 1;https://www.canva.com/design/DAHT5LIwDx4/edit;7;https://drive.google.com/file/d/1lcjsawd_pONZlxr7M0Bll3-PAUKohdhR/view;#126 - Chef Marcelo Horta.png;https://audiovisual-anima.github.io/thumbs-anima/review/casal-lote/e126.png;https://youtu.be/QDdjwJA9OEw;Transformando Vidas com Pães | Ep. #126 | com Chef Marcelo Horta;https://www.canva.com/design/DAHRFAok0yc/edit;Drive tem a versão antiga (casal anterior)
#125;Anima Podcast;O anjo nos abandona quando pecamos?;Rafael Brito;Casal novo aplicado;Bloco 8 - Arquivo 1;https://www.canva.com/design/DAHT5LIwDx4/edit;8;https://drive.google.com/file/d/10AZ_XZX9C2foYFGlJi8ahSyK6il2oL5h/view;#125 - Rafael Brito.png;https://audiovisual-anima.github.io/thumbs-anima/review/casal-lote/e125.png;https://youtu.be/o-47C5ckeqg;Tudo que você sempre quis saber sobre anjos e demônios | Ep. #125 | com Rafael Brito;https://www.canva.com/design/DAHRFAok0yc/edit;Drive tem a versão antiga (casal anterior)
#124;Anima Podcast;Não passe vergonha na Missa;Padre Balbino;Casal novo aplicado;Bloco 8 - Arquivo 1;https://www.canva.com/design/DAHT5LIwDx4/edit;9;https://drive.google.com/file/d/1w4xzvEgxD0HkEMrptNQYUdB_aL-LeAzx/view;#124 - Padre Balbino.png;https://audiovisual-anima.github.io/thumbs-anima/review/casal-lote/e124.png;https://youtu.be/mEgamDpoJ4w;Tudo sobre a Santa Missa - Parte 3 | Ep. #124 | com Padre Balbino;https://www.canva.com/design/DAHRFAok0yc/edit;Drive tem a versão antiga (casal anterior)
#122;Anima Podcast;Sou infértil e vi que foi um plano de Deus;Bruna Gutstein;Casal novo aplicado;Bloco 8 - Arquivo 1;https://www.canva.com/design/DAHT5LIwDx4/edit;10;https://drive.google.com/file/d/16Sz58XnftI73ORXbkD6S9xhU6_pWuC6r/view;#122 - Bruna Gutstein.png;https://audiovisual-anima.github.io/thumbs-anima/review/casal-lote/e122.png;https://youtu.be/T7_vAZviZg8;Como a Fé Católica Transforma a Adoção | Ep. #122 | com Bruna Gutstein;https://www.canva.com/design/DAHRFAok0yc/edit;Drive tem a versão antiga (casal anterior)
#120;Anima Podcast;De funkeiro briguento a devoto de Cristo;Eduardo Badu;Casal novo aplicado;Bloco 8 - Arquivo 1;https://www.canva.com/design/DAHT5LIwDx4/edit;11;https://drive.google.com/file/d/1D9hhGKHMEVklLHxlw-PQz8bnZWwQqT42/view;#120 - Eduardo Badu.png;https://audiovisual-anima.github.io/thumbs-anima/review/casal-lote/e120.png;https://youtu.be/mqRpT62b11s;Como é se converter aos 17 anos? | Ep. #120 | com Eduardo Badu;https://www.canva.com/design/DAHRFAok0yc/edit;Drive tem a versão antiga (casal anterior)
#119;Anima Podcast;Os erros que quase todos cometem na Missa;Padre Balbino;Casal novo aplicado;Bloco 8 - Arquivo 1;https://www.canva.com/design/DAHT5LIwDx4/edit;12;https://drive.google.com/file/d/15yW7KUsE4aYH2rg0kKZtyyIhfQKriqwy/view;#119 - Padre Balbino.png;https://audiovisual-anima.github.io/thumbs-anima/review/casal-lote/e119.png;https://youtu.be/uoMijlGl3e8;Tudo sobre a Santa Missa - Parte 2 | Ep. #119 | com Padre Balbino;https://www.canva.com/design/DAHRFAok0yc/edit;Drive tem a versão antiga (casal anterior)
#118;Anima Podcast;Ele adotou 46 filhos com deficiência;Tânio Tavares;Casal novo aplicado;Bloco 8 - Arquivo 1;https://www.canva.com/design/DAHT5LIwDx4/edit;13;https://drive.google.com/file/d/1swAaJiyz_cW0S0-JIh2VX_cZR0yyGqzK/view;#118 - Tânio Tavares.png;https://audiovisual-anima.github.io/thumbs-anima/review/casal-lote/e118.png;https://youtu.be/We3PNaqZGiM;A importância da adoção | Ep. #118 | com Tônio Tavares;https://www.canva.com/design/DAHRFAok0yc/edit;Drive tem a versão antiga (casal anterior)
#117;Anima Podcast;De monja a expert;Ana Paula Perci;Casal novo aplicado;Bloco 8 - Arquivo 1;https://www.canva.com/design/DAHT5LIwDx4/edit;14;https://drive.google.com/file/d/1_novG4WZWP9koDbm1DNCYgMA44TcYSOV/view;#117 - Ana Paula Perci.png;https://audiovisual-anima.github.io/thumbs-anima/review/casal-lote/e117.png;https://youtu.be/7cUHF2UtbXs;"""Minha história tinha tudo pra dar errado..."" | Ep. #117 | com Ana Paula Perci";https://www.canva.com/design/DAHRFAok0yc/edit;Drive tem a versão antiga (casal anterior)
#116;Anima Podcast;Jesus me chamou numa pista de atletismo;Padre Rodrigo Vieira;Casal novo aplicado;Bloco 8 - Arquivo 1;https://www.canva.com/design/DAHT5LIwDx4/edit;15;https://drive.google.com/file/d/1Rlq0tqdNro7n3-Dcy13d7RiORKjDNIuY/view;#116 - Padre Rodrigo Vieira.png;https://audiovisual-anima.github.io/thumbs-anima/review/casal-lote/e116.png;https://youtu.be/ckGxSqCbsrY;Como o esporte pode nos aproximar de Deus | Ep. #116 | com Padre Rodrigo Vieira;https://www.canva.com/design/DAHRFAok0yc/edit;Drive tem a versão antiga (casal anterior)
#115;Anima Podcast;Fui expulso;Diego Falcão;Casal novo aplicado;Bloco 8 - Arquivo 1;https://www.canva.com/design/DAHT5LIwDx4/edit;16;https://drive.google.com/file/d/1Gj-itFXAAX_o-oqOk13C47RIqZSiZnkz/view;#115 - Diego Falcão.png;https://audiovisual-anima.github.io/thumbs-anima/review/casal-lote/e115.png;https://youtu.be/jiKjpWaAeQw;Como o técnico da seleção foi demitido por ser pró-vida | Ep. #115 | com Diego Falcão;https://www.canva.com/design/DAHRFAok0yc/edit;Drive tem a versão antiga (casal anterior)
#114;Anima Podcast;Quando o desconforto vira alerta;Patrícia Arias;Casal novo aplicado;Bloco 10 - Arquivo 1;https://www.canva.com/design/DAHT5G-VT0s/edit;12;https://drive.google.com/file/d/1GJFJnIPJN36tgMiAFX85tzaOucrXdtyp/view;#114 - Patrícia Arias.png;https://audiovisual-anima.github.io/thumbs-anima/review/casal-lote/e114.png;https://youtu.be/9MSrqmtAfes;Muito Além da Hemorróida: O Guia das Doenças Orificiais | Ep #114 | com Dra. Patrícia Arias;https://www.canva.com/design/DAHRF2DSDi0/edit;Drive tem a versão antiga (casal anterior)
#113;Anima Podcast;Lentes de contato estragam os dentes?;Gustavo Bastos;Casal novo aplicado;Bloco 10 - Arquivo 1;https://www.canva.com/design/DAHT5G-VT0s/edit;13;https://drive.google.com/file/d/1BYHZwzyq-UfYpp22SbtDNKkjslNuN7qA/view;#113 - Gustavo Bastos.png;https://audiovisual-anima.github.io/thumbs-anima/review/casal-lote/e113.png;https://youtu.be/XcBu13PUU-w;Tudo sobre clareamento e lentes de contato dental | Ep #113 | com Dr. Gustavo Bastos;https://www.canva.com/design/DAHRF2DSDi0/edit;Drive tem a versão antiga (casal anterior)
#112;Anima Podcast;Sexualidade e namoro na adolescência;Samia Marsili;Casal novo aplicado;Bloco 9 - Arquivo 2;https://www.canva.com/design/DAHT5IrBs84/edit;3;https://drive.google.com/file/d/1IAUbmFgshzMQR2DESSIRh8HW8Czp6dgC/view;#112 - Samia Marsili.png;https://audiovisual-anima.github.io/thumbs-anima/review/casal-lote/e112.png;https://youtu.be/IYXrZpw6pKs;Sexualidade e namoro na adolescência e seus impactos no corpo e na alma | Ep#112 | com Samia Marsili;https://www.canva.com/design/DAHRFt0VXa4/edit;Drive tem a versão antiga (casal anterior)
#111;Anima Podcast;Neuromielite óptica: a doença da visão;Regina Alvarenga;Casal novo aplicado;Bloco 10 - Arquivo 1;https://www.canva.com/design/DAHT5G-VT0s/edit;14;https://drive.google.com/file/d/1Q7iaHyFAD9QRbxkknkYsd_UnQUn_foO_/view;#111 - Regina Alvarenga.png;https://audiovisual-anima.github.io/thumbs-anima/review/casal-lote/e111.png;https://youtu.be/xbsxI0q6Vrc;Neuromielite Óptica: Conheça DOENÇA GRAVE que destrói a VISÃO | Ep #111 | com Dra. Regina Alvarenga;https://www.canva.com/design/DAHRF2DSDi0/edit;Drive tem a versão antiga (casal anterior)
#110;Anima Podcast;Os segredos da alta performance;Andréia Batista;Casal novo aplicado;Bloco 9 - Arquivo 2;https://www.canva.com/design/DAHT5IrBs84/edit;4;https://drive.google.com/file/d/1juGPLCMAiLP-4Xj6iZr857m-1eU2HrQu/view;#110 - Andréia Batista.png;https://audiovisual-anima.github.io/thumbs-anima/review/casal-lote/e110.png;https://youtu.be/Gl8cVHi-d24;Mente de Campeão: O Que Separa um Atleta Comum de um Ídolo Mundial? | Ep #110 | com Andréia Batista;https://www.canva.com/design/DAHRFt0VXa4/edit;Drive tem a versão antiga (casal anterior)
#109;Anima Podcast;Intolerância à histamina;Sylvia Campos;Casal novo aplicado;Bloco 9 - Arquivo 2;https://www.canva.com/design/DAHT5IrBs84/edit;5;https://drive.google.com/file/d/1IgaVeED8HRpX_c5b2vFFcBi6VyGNg74u/view;#109 - Sylvia Campos.png;https://audiovisual-anima.github.io/thumbs-anima/review/casal-lote/e109.png;https://youtu.be/xSttcCbgnl8;Intolerância à Histamina e Síndrome de Ativação Mastocitária | Ep #109 | com Sylvia Campos;https://www.canva.com/design/DAHRFt0VXa4/edit;Drive tem a versão antiga (casal anterior)
#108;Anima Podcast;Rinoplastia com resultado natural;Leandro Ventura;Casal novo aplicado;Bloco 10 - Arquivo 1;https://www.canva.com/design/DAHT5G-VT0s/edit;15;https://drive.google.com/file/d/1jsEh7OdRARxZHIvmsNAnDjqxEFa9cdS1/view;#108 - Leandro Ventura.png;https://audiovisual-anima.github.io/thumbs-anima/review/casal-lote/e108.png;https://youtu.be/2m5BV_F7he0;Rinoplastia: Como conseguir um resultado natural | Ep #108 | com Dr. Leandro Ventura;https://www.canva.com/design/DAHRF2DSDi0/edit;Drive tem a versão antiga (casal anterior)
#107;Anima Podcast;Esclerose múltipla: como identificar;Marcos Alvarenga;Casal novo aplicado;Bloco 10 - Arquivo 1;https://www.canva.com/design/DAHT5G-VT0s/edit;16;https://drive.google.com/file/d/1QiTzzbz4eehXpHTn63pZTbQBx1s2KIxd/view;#107 - Marcos Alvarenga.png;https://audiovisual-anima.github.io/thumbs-anima/review/casal-lote/e107.png;https://youtu.be/W9bu8sclNAc;ESCLEROSE MÚLTIPLA: Como diagnosticar e tratar a doença | Ep #107 | com Dr. Marcos Alvarenga;https://www.canva.com/design/DAHRF2DSDi0/edit;Drive tem a versão antiga (casal anterior)
#106;Anima Podcast;A verdade sobre a hérnia de disco;Luiz Sola;Casal novo aplicado;Bloco 10 - Arquivo 1;https://www.canva.com/design/DAHT5G-VT0s/edit;17;https://drive.google.com/file/d/1DKrSdhrC95LMLtpTr9UFtpUw-vcH1oeB/view;#106 - Luiz Sola.png;https://audiovisual-anima.github.io/thumbs-anima/review/casal-lote/e106.png;https://youtu.be/94pu0-LhWGA;O que não te contaram sobre HÉRNIA DE DISCO | Ep #106 | com Dr. Luiz Sola;https://www.canva.com/design/DAHRF2DSDi0/edit;Drive tem a versão antiga (casal anterior)
#105;Anima Podcast;Endometriose tem cura?;Igor Chiminacio;Casal novo aplicado;Bloco 10 - Arquivo 1;https://www.canva.com/design/DAHT5G-VT0s/edit;18;https://drive.google.com/file/d/1gWnHQArZ3eqbTBfUyl3BXzBOEQ_pfsMw/view;#105 - Igor Chiminacio.png;https://audiovisual-anima.github.io/thumbs-anima/review/casal-lote/e105.png;https://youtu.be/YOb6D04NeSg;Como tratar corretamente a ENDOMETRIOSE? | Ep #105 | com Dr. Igor Chiminacio;https://www.canva.com/design/DAHRF2DSDi0/edit;Drive tem a versão antiga (casal anterior)
#104;Anima Podcast;Joanetes: mitos e verdades;José Carlos Cohen;Casal novo aplicado;Bloco 10 - Arquivo 1;https://www.canva.com/design/DAHT5G-VT0s/edit;19;https://drive.google.com/file/d/1vrYmYxSgDAoSc4P6R_YIZ4RnfIkHN1M0/view;#104 - José Carlos Cohen.png;https://audiovisual-anima.github.io/thumbs-anima/review/casal-lote/e104.png;https://youtu.be/ShkyQfp0v4c;JOANETE: O que seus pés revelam sobre sua saúde | Ep #104 | com Dr. José Carlos Cohen;https://www.canva.com/design/DAHRF2DSDi0/edit;Drive tem a versão antiga (casal anterior)
#103;Anima Podcast;A beleza da castidade;Mariana Francoti;Casal novo aplicado;Bloco 10 - Arquivo 1;https://www.canva.com/design/DAHT5G-VT0s/edit;20;https://drive.google.com/file/d/1E6yGAB4gMRG6EHKNr6Y0RIEdtH99zUu5/view;#103 - Mariana Francoti.png;https://audiovisual-anima.github.io/thumbs-anima/review/casal-lote/e103.png;https://youtu.be/JWDvPyVcXkg;Fertilidade e FÉ | Ep #103 | com Dra. Mariana Francoti;https://www.canva.com/design/DAHRF2DSDi0/edit;Drive tem a versão antiga (casal anterior)
#102;Anima Podcast;Infertilidade tem cura?;André Vaz;Casal novo aplicado;Bloco 10 - Arquivo 1;https://www.canva.com/design/DAHT5G-VT0s/edit;21;https://drive.google.com/file/d/1IafTIw1RjoKiKWS_qlQYv1GqnxmOUOgg/view;#102 - André Vaz.png;https://audiovisual-anima.github.io/thumbs-anima/review/casal-lote/e102.png;https://youtu.be/xO7ua54kssg;FERTILIDADE e HIDROTUBAÇÃO: o que você precisa saber | Ep #102 | com Dr. André Vaz;https://www.canva.com/design/DAHRF2DSDi0/edit;Drive tem a versão antiga (casal anterior)
#101;Anima Podcast;O erro no herpes-zóster;Murilo Drummond;Casal novo aplicado;Bloco 10 - Arquivo 1;https://www.canva.com/design/DAHT5G-VT0s/edit;22;https://drive.google.com/file/d/1xEf2q02umIPMp2JdoZMzJPSKq2nGmYZl/view;#101 - Murilo Drummond.png;https://audiovisual-anima.github.io/thumbs-anima/review/casal-lote/e101.png;https://youtu.be/fOKZstvQ2d8;HERPES-ZÓSTER: O que é, como tratar e os segredos da prevenção | Ep #101 | com Dr. Murilo Drummond;https://www.canva.com/design/DAHRF2DSDi0/edit;Drive tem a versão antiga (casal anterior)
#100;Anima Podcast;Como vencer o bruxismo;Andrea Melo;Casal novo aplicado;Bloco 10 - Arquivo 1;https://www.canva.com/design/DAHT5G-VT0s/edit;23;https://drive.google.com/file/d/1Dz7T59G_Aiv6OYxR_jDmyENQRKOEkbaO/view;#100 - Andrea Melo.png;https://audiovisual-anima.github.io/thumbs-anima/review/casal-lote/e100.png;https://youtu.be/jgZBHQKEaew;O que você precisa saber sobre BRUXISMO | Ep #100 | com Dra. Andrea Melo;https://www.canva.com/design/DAHRF2DSDi0/edit;Drive tem a versão antiga (casal anterior)
#99;Anima Podcast;Tudo sobre a labirintite;Fernando Goslin;Casal novo aplicado;Bloco 10 - Arquivo 1;https://www.canva.com/design/DAHT5G-VT0s/edit;24;https://drive.google.com/file/d/1y2rok6Moe1eVtJOHWURRw_D-JiZtMvPb/view;#99 - Fernando Goslin.png;https://audiovisual-anima.github.io/thumbs-anima/review/casal-lote/e99.png;https://youtu.be/tdq6ZqwaTw8;Labirintite ou tontura? O erro comum que quase todo mundo comete | Ep #99 | com Dr. Fernando Goslin;https://www.canva.com/design/DAHRF2DSDi0/edit;Drive tem a versão antiga (casal anterior)
#98;Anima Podcast;Alopecia e a queda de cabelo;Graça Tavares;Casal novo aplicado;Bloco 10 - Arquivo 1;https://www.canva.com/design/DAHT5G-VT0s/edit;25;https://drive.google.com/file/d/1IJzRca9YK4msiPZsALJ284YZ0indwAr8/view;#98 - Graça Tavares.png;https://audiovisual-anima.github.io/thumbs-anima/review/casal-lote/e98.png;https://youtu.be/c86k7ixe7ss;QUEDA DE CABELO: As causas que ninguém te conta | Ep #98 | com Dra. Graça Tavares;https://www.canva.com/design/DAHRF2DSDi0/edit;Drive tem a versão antiga (casal anterior)
#97;Anima Podcast;Ultrassom normal, sem gravidez?;Clariana Maurente;Casal novo aplicado;Bloco 10 - Arquivo 2;https://www.canva.com/design/DAHT5ESs_-o/edit;1;https://drive.google.com/file/d/13JTBykkdBFgQqMTb_VguAF859jkFrGGu/view;#97 - Clariana Maurente.png;https://audiovisual-anima.github.io/thumbs-anima/review/casal-lote/e97.png;https://youtu.be/mA_BIqwURDY;FALSO NORMAL: O Laudo de Ultrassom que te Impede de Engravidar | Ep #97 | com Dra. Clariana Maurente;https://www.canva.com/design/DAHRF01jwwE/edit;Drive tem a versão antiga (casal anterior)
#96;Anima Podcast;A nova era da cirurgia plástica;Casal Plástica;Casal novo aplicado;Bloco 9 - Arquivo 2;https://www.canva.com/design/DAHT5IrBs84/edit;6;https://drive.google.com/file/d/1OjP191QHmd3jcKcYKK-xsluhPR3JS07e/view;#96 - Casal Plástica.png;https://audiovisual-anima.github.io/thumbs-anima/review/casal-lote/e96.png;https://youtu.be/UXcCV2QPW2Q;O FIM DOS EXAGEROS: A nova era da cirurgia plástica | Ep #96 | com Casal Plástica;https://www.canva.com/design/DAHRFt0VXa4/edit;Drive tem a versão antiga (casal anterior)
#95;Anima Podcast;Mitos sobre o câncer de mama;Marcela Nardi;Casal novo aplicado;Bloco 10 - Arquivo 2;https://www.canva.com/design/DAHT5ESs_-o/edit;2;https://drive.google.com/file/d/1ZEKMXW8XPyhLT6ykM1W6bQ-woW4SEq6k/view;#95 - Marcela Nardi.png;https://audiovisual-anima.github.io/thumbs-anima/review/casal-lote/e95.png;https://youtu.be/d9BQAqCd1q0;Câncer de Mama: O que não te contaram | Ep #95 | com Dra. Marcela Nardi;https://www.canva.com/design/DAHRF01jwwE/edit;Drive tem a versão antiga (casal anterior)
#94;Anima Podcast;Saúde mental da mulher;Juliana Neves;Casal novo aplicado;Bloco 10 - Arquivo 2;https://www.canva.com/design/DAHT5ESs_-o/edit;3;https://drive.google.com/file/d/1YdtbEloWbq7lyyI04xDQk6jg2PNPR3lC/view;#94 - Juliana Neves.png;https://audiovisual-anima.github.io/thumbs-anima/review/casal-lote/e94.png;https://youtu.be/I3QOhZFNIRE;SAÚDE da MULHER: O que não te contaram sobre hormônios e emoções | Ep #94 | com Dra. Juliana Neves;https://www.canva.com/design/DAHRF01jwwE/edit;Drive tem a versão antiga (casal anterior)
#93;Anima Podcast;Tudo sobre a escoliose;Pedro Paschoal;Casal novo aplicado;Bloco 10 - Arquivo 2;https://www.canva.com/design/DAHT5ESs_-o/edit;4;https://drive.google.com/file/d/1At0OMg-FPW9fN5kK8vT1Taw-fgcKC2PE/view;#93 - Pedro Paschoal.png;https://audiovisual-anima.github.io/thumbs-anima/review/casal-lote/e93.png;https://youtu.be/FKX6rR9FyTE;ESCOLIOSE: Tudo o que você precisa saber | Ep #93 | com Dr. Pedro Paschoal;https://www.canva.com/design/DAHRF01jwwE/edit;Drive tem a versão antiga (casal anterior)
#92;Anima Podcast;Seu filho não fala? O motivo;Mariana de Oliveira;Casal novo aplicado;Bloco 10 - Arquivo 2;https://www.canva.com/design/DAHT5ESs_-o/edit;5;https://drive.google.com/file/d/1Uu6BZE5MjvZKFlfIkF1ALG6ETVd_P_CM/view;#92 - Mariana de Oliveira.png;https://audiovisual-anima.github.io/thumbs-anima/review/casal-lote/e92.png;https://youtu.be/OB-WmP_38Rg;5 Sinais de alerta no DESENVOLVIMENTO DA FALA | Ep #92 | com Dra. Mariana de Oliveira;https://www.canva.com/design/DAHRF01jwwE/edit;Drive tem a versão antiga (casal anterior)
#91;Anima Podcast;Por que seu filho vive doente;Nathalia Vianna;Casal novo aplicado;Bloco 10 - Arquivo 2;https://www.canva.com/design/DAHT5ESs_-o/edit;6;https://drive.google.com/file/d/111JI6OgI2Qz5Nx2x0HNxrz_7BHrfebGb/view;#91 - Nathalia Vianna.png;https://audiovisual-anima.github.io/thumbs-anima/review/casal-lote/e91.png;https://youtu.be/9lgdH_iHy2c;Seu filho vive doente? 3 Sinais de que ele pode estar inflamado | Ep #91 | com Dra. Nathalia Vianna;https://www.canva.com/design/DAHRF01jwwE/edit;Drive tem a versão antiga (casal anterior)
#90;Anima Podcast;A pele dos sonhos;Larissa Botelho;Casal novo aplicado;Bloco 10 - Arquivo 2;https://www.canva.com/design/DAHT5ESs_-o/edit;7;https://drive.google.com/file/d/13LYrpy6JNCJq8vq2f8avzUGH7DXHvODY/view;#90 - Larissa Botelho.png;https://audiovisual-anima.github.io/thumbs-anima/review/casal-lote/e90.png;https://youtu.be/J0u3MBhW4Hc;O Guia para conquistar a PELE DOS SONHOS | Ep #90 | com Dra. Larissa Botelho;https://www.canva.com/design/DAHRF01jwwE/edit;Drive tem a versão antiga (casal anterior)
#89;Anima Podcast;Epidemia de autismo?;Tielle Machado;Casal novo aplicado;Bloco 10 - Arquivo 2;https://www.canva.com/design/DAHT5ESs_-o/edit;8;https://drive.google.com/file/d/1gl-9un3PETyktO6qN_FRmxVoJ2vl8b8z/view;#89 - Tielle Machado.png;https://audiovisual-anima.github.io/thumbs-anima/review/casal-lote/e89.png;https://youtu.be/m3qu6J4cK7E;EPIDEMIA DE AUTISMO? A Verdade sobre o aumento de casos | Ep #89 | com Dra. Tielle Machado;https://www.canva.com/design/DAHRF01jwwE/edit;Drive tem a versão antiga (casal anterior)
#88;Anima Podcast;Criança acordando à noite;Larissa Abreu;Casal novo aplicado;Bloco 10 - Arquivo 2;https://www.canva.com/design/DAHT5ESs_-o/edit;9;https://drive.google.com/file/d/1J-HUgvrHF1uDGcbnp9HoOUqccJIRRCS3/view;#88 - Larissa Abreu.png;https://audiovisual-anima.github.io/thumbs-anima/review/casal-lote/e88.png;https://youtu.be/2VGAFbSyEMI;SONO RUIM na INFÂNCIA: As CONSEQUÊNCIAS que ninguém te conta | Ep #88 | com Dra. Larissa Abreu;https://www.canva.com/design/DAHRF01jwwE/edit;Drive tem a versão antiga (casal anterior)
#87;Anima Podcast;O fim do efeito sanfona;Luis Trocado;Casal novo aplicado;Bloco 10 - Arquivo 2;https://www.canva.com/design/DAHT5ESs_-o/edit;10;https://drive.google.com/file/d/1paQS506_4UxGLXJ9rf7eGDrRCfMv-2nz/view;#87 - Luis Trocado.png;https://audiovisual-anima.github.io/thumbs-anima/review/casal-lote/e87.png;https://youtu.be/V-XlAv90XdM;EMAGRECIMENTO Definitivo: O SEGREDO para acabar com o efeito sanfona | Ep #87 | com Dr. Luis Trocado;https://www.canva.com/design/DAHRF01jwwE/edit;Drive tem a versão antiga (casal anterior)
#86;Anima Podcast;Vitiligo tem cura?;Paulo Luzio;Casal novo aplicado;Bloco 10 - Arquivo 2;https://www.canva.com/design/DAHT5ESs_-o/edit;11;https://drive.google.com/file/d/1smBjd69sf1eRicjPaM2-KTRv6DA9YFET/view;#86 - Paulo Luzio.png;https://audiovisual-anima.github.io/thumbs-anima/review/casal-lote/e86.png;https://youtu.be/490bxOEmmvc;Guia do VITILIGO: Causas, Mitos e Tratamentos que Funcionam | Ep #86 | com Dr. Paulo Luzio;https://www.canva.com/design/DAHRF01jwwE/edit;Drive tem a versão antiga (casal anterior)
#85;Anima Podcast;O que as unhas dizem da saúde;Miguel Ceccarelli;Casal novo aplicado;Bloco 10 - Arquivo 2;https://www.canva.com/design/DAHT5ESs_-o/edit;12;https://drive.google.com/file/d/1L_cf69SoewZQvKpSDfJ7oq-JH_hXs8pk/view;#85 - Miguel Ceccarelli.png;https://audiovisual-anima.github.io/thumbs-anima/review/casal-lote/e85.png;https://youtu.be/4ApDYi8vByw;Descubra o que suas UNHAS dizem sobre SUA SAÚDE | Ep #85 | com Dr. Miguel Ceccarelli;https://www.canva.com/design/DAHRF01jwwE/edit;Drive tem a versão antiga (casal anterior)
#84;Anima Podcast;Como preparar sua casa para o Natal;Ana Luisa Rego Macedo;Casal novo aplicado;Bloco 9 - Arquivo 2;https://www.canva.com/design/DAHT5IrBs84/edit;7;https://drive.google.com/file/d/1Ing0IQNMG4AMRtrb4c_j37ONLXMjuNbO/view;#84 - Ana Luisa Rego Macedo.png;https://audiovisual-anima.github.io/thumbs-anima/review/casal-lote/e84.png;https://youtu.be/mRoSuyWs7OQ;Como preparar sua casa para o Natal | Ep #84 | com Ana Luisa Rego Macedo;https://www.canva.com/design/DAHRFt0VXa4/edit;Drive tem a versão antiga (casal anterior)
#83;Anima Podcast;Autoimune causa infertilidade?;Carolina Meireles;Casal novo aplicado;Bloco 10 - Arquivo 2;https://www.canva.com/design/DAHT5ESs_-o/edit;13;https://drive.google.com/file/d/1EM5YJ_61SHe6NK-_3V6ZFzh2J9oBN1d0/view;#83 - Carolina Meireles.png;https://audiovisual-anima.github.io/thumbs-anima/review/casal-lote/e83.png;https://youtu.be/jf0KhTqo1sY;SEGREDOS DA FERTILIDADE: Como engravidar tendo DOENÇA AUTOIMUNE | Ep#83 | com Dra. Carolina Meireles;https://www.canva.com/design/DAHRF01jwwE/edit;Drive tem a versão antiga (casal anterior)
#82;Anima Podcast;Remédio pra dormir?;Gleison Guimarães;Casal novo aplicado;Bloco 10 - Arquivo 2;https://www.canva.com/design/DAHT5ESs_-o/edit;14;https://drive.google.com/file/d/1cfH6CR0ZOM4bln0e4_rwVcKLrI0m3pyi/view;#82 - Gleison Guimarães.png;https://audiovisual-anima.github.io/thumbs-anima/review/casal-lote/e82.png;https://youtu.be/nZCs5lDt6p0;Você precisa de remédio pra dormir? | Ep. #82 | com Dr. Gleison Guimarães;https://www.canva.com/design/DAHRF01jwwE/edit;Drive tem a versão antiga (casal anterior)
#81;Anima Podcast;Acordar cansado não é normal;Gleison Guimarães;Casal novo aplicado;Bloco 10 - Arquivo 2;https://www.canva.com/design/DAHT5ESs_-o/edit;15;https://drive.google.com/file/d/1Ilxuvhsy1RZC8P8ghiKSbGIS3fG4dX6P/view;#81 - Gleison Guimarães.png;https://audiovisual-anima.github.io/thumbs-anima/review/casal-lote/e81.png;https://youtu.be/-pO1vLrBOVc;"O Segredo do ""Super Sono"" Reparador | Ep #81 | com Dr. Gleison Guimarães";https://www.canva.com/design/DAHRF01jwwE/edit;Drive tem a versão antiga (casal anterior)
#80;Anima Podcast;O fim do metabolismo lento;Flavia Verocai;Casal novo aplicado;Bloco 10 - Arquivo 2;https://www.canva.com/design/DAHT5ESs_-o/edit;16;https://drive.google.com/file/d/1LxUMDloGqTHq0jvtGFrtV0v9XTV3pB15/view;#80 - Flavia Verocai.png;https://audiovisual-anima.github.io/thumbs-anima/review/casal-lote/e80.png;https://youtu.be/-Lk3417I2CM;O FIM DO METABOLISMO LENTO: O que NÃO TE CONTARAM sobre seu corpo | Ep #80 | com Dra. Flavia Verocai;https://www.canva.com/design/DAHRF01jwwE/edit;Drive tem a versão antiga (casal anterior)
#79;Anima Podcast;Suicídio: sinais de alerta;Thiago Andrade;Casal novo aplicado;Bloco 9 - Arquivo 2;https://www.canva.com/design/DAHT5IrBs84/edit;8;https://drive.google.com/file/d/1yoYOmcwwe9TzAc01sRi3GWx5tu0f21_M/view;#79 - Thiago Andrade.png;https://audiovisual-anima.github.io/thumbs-anima/review/casal-lote/e79.png;https://youtu.be/WX2MaWVMOB8;Além da doença mental: o sofrimento existencial por trás do suicídio | Ep #79 | com Thiago Andrade;https://www.canva.com/design/DAHRFt0VXa4/edit;Drive tem a versão antiga (casal anterior)
#78;Anima Podcast;A dieta que ajuda a vencer o câncer;Paula Pratti;Casal novo aplicado;Bloco 9 - Arquivo 2;https://www.canva.com/design/DAHT5IrBs84/edit;9;https://drive.google.com/file/d/1Mk4q_BOoPLK2prWubpAfxBA8zUodyYYT/view;#78 - Paula Pratti.png;https://audiovisual-anima.github.io/thumbs-anima/review/casal-lote/e78.png;https://youtu.be/-0YbUDGjs-0;NUTRIÇÃO ONCOLÓGICA: Alimentos que ajudam a VENCER o CÂNCER | Ep #78 | com Paula Pratti;https://www.canva.com/design/DAHRFt0VXa4/edit;Drive tem a versão antiga (casal anterior)
#77;Anima Podcast;Autismo e TDAH é modinha?;Carolina Scarabucci;Casal novo aplicado;Bloco 9 - Arquivo 2;https://www.canva.com/design/DAHT5IrBs84/edit;10;https://drive.google.com/file/d/1mKEjmwwqzMmKW0Damx7O7Az0VWuYmUie/view;#77 - Carolina Scarabucci.png;https://audiovisual-anima.github.io/thumbs-anima/review/casal-lote/e77.png;https://youtu.be/9NASsAZudM8;AUTISMO e TDAH: O segredo da neurodivergência que a escola não vê | Ep #77 | com Carolina Scarabucci;https://www.canva.com/design/DAHRFt0VXa4/edit;Drive tem a versão antiga (casal anterior)
#76;Anima Podcast;A cura para o cansaço não é dormir;João Malheiro;Casal novo aplicado;Bloco 9 - Arquivo 2;https://www.canva.com/design/DAHT5IrBs84/edit;11;https://drive.google.com/file/d/1kNX-tr4YyZF-MT20pUV-6Mnmh2HeU2GH/view;#76 - João Malheiro.png;https://audiovisual-anima.github.io/thumbs-anima/review/casal-lote/e76.png;https://youtu.be/jDMZSktGsII;Virtude da ORDEM: A Chave para ter uma VIDA SAUDÁVEL e FELIZ | Ep #76 | com João Malheiro;https://www.canva.com/design/DAHRFt0VXa4/edit;Drive tem a versão antiga (casal anterior)
#75;Anima Podcast;Hábitos que causam cegueira;João Paulo Lomelino;Casal novo aplicado;Bloco 10 - Arquivo 2;https://www.canva.com/design/DAHT5ESs_-o/edit;17;https://drive.google.com/file/d/1LM3o_NYtSrvzVRp3ZU1om7mn_guRrr7Q/view;#75 - João Paulo Lomelino.png;https://audiovisual-anima.github.io/thumbs-anima/review/casal-lote/e75.png;https://youtu.be/9vn92mLV9QY;SAÚDE dos OLHOS: Como PRESERVAR sua visão | Ep #75 | com Dr. João Paulo Lomelino;https://www.canva.com/design/DAHRF01jwwE/edit;Drive tem a versão antiga (casal anterior)
#74;Anima Podcast;Acabando com a saúde das crianças;Renata Fróes;Casal novo aplicado;Bloco 10 - Arquivo 2;https://www.canva.com/design/DAHT5ESs_-o/edit;18;https://drive.google.com/file/d/1Ud7sJpbZYxShnK8Z7EYWSmFbWU2Lu2uL/view;#74 - Renata Fróes.png;https://audiovisual-anima.github.io/thumbs-anima/review/casal-lote/e74.png;https://youtu.be/m0-luCqnDHI;O segredo para parar de ir à emergência com seu filho | Ep #74 | com Drª Renata Fróes;https://www.canva.com/design/DAHRF01jwwE/edit;Drive tem a versão antiga (casal anterior)
#73;Anima Podcast;7 erros que te impedem de ser mãe;Moniele Cunha;Casal novo aplicado;Bloco 9 - Arquivo 2;https://www.canva.com/design/DAHT5IrBs84/edit;12;https://drive.google.com/file/d/1s00JhUsSNZjweJNOd6_LEfmDH9hr_6go/view;#73 - Moniele Cunha.png;https://audiovisual-anima.github.io/thumbs-anima/review/casal-lote/e73.png;https://youtu.be/poqREYKg0Oo;A Rota da FERTILIDADE: Como preparar seu corpo para ENGRAVIDAR | Ep #73 | com Moniele Cunha;https://www.canva.com/design/DAHRFt0VXa4/edit;Drive tem a versão antiga (casal anterior)
#72;Anima Podcast;Lipedema não é só gordura;Georgia Dorigon;Casal novo aplicado;Bloco 10 - Arquivo 2;https://www.canva.com/design/DAHT5ESs_-o/edit;19;https://drive.google.com/file/d/1Es-WFzuIQIeOYK5h-lcVGBsYYJNefCdq/view;#72 - Georgia Dorigon.png;https://audiovisual-anima.github.io/thumbs-anima/review/casal-lote/e72.png;https://youtu.be/WU4bCHMVpm4;O que ninguém te contou sobre o LIPEDEMA | Ep #72 | com Drª Georgia Dorigon;https://www.canva.com/design/DAHRF01jwwE/edit;Drive tem a versão antiga (casal anterior)
#71;Anima Podcast;Largou a cidade e foi morar no campo;Lygia Pimentel;Casal novo aplicado;Bloco 8 - Arquivo 1;https://www.canva.com/design/DAHT5LIwDx4/edit;17;https://drive.google.com/file/d/1m_gDkOKYPXUMT9ILGpysx0S3IRhRy3aH/view;#71 - Lygia Pimentel.png;https://audiovisual-anima.github.io/thumbs-anima/review/casal-lote/e71.png;https://youtu.be/v4TblZue1m0;Por que uma investidora largou a cidade e foi morar no campo? | Ep. #71 | com Lygia Pimentel;https://www.canva.com/design/DAHRFAok0yc/edit;Drive tem a versão antiga (casal anterior)
#70;Anima Podcast;Os melhores estímulos para as crianças;Thiago Castro;Casal novo aplicado;Bloco 8 - Arquivo 1;https://www.canva.com/design/DAHT5LIwDx4/edit;18;https://drive.google.com/file/d/1e4rqN7x3A7nX9VsAIRggG0ToXv5iZgEI/view;#70 - Thiago Castro.png;https://audiovisual-anima.github.io/thumbs-anima/review/casal-lote/e70.png;https://youtu.be/DN_3OfaLXtg;Os melhores estímulos para nossas crianças | Ep. #70 | com Thiago Castro;https://www.canva.com/design/DAHRFAok0yc/edit;Drive tem a versão antiga (casal anterior)
#69;Anima Podcast;O Purgatório existe? O que os anjos fazem?;Loo Burnett;Casal novo aplicado;Bloco 8 - Arquivo 1;https://www.canva.com/design/DAHT5LIwDx4/edit;19;https://drive.google.com/file/d/1GV4ga7KPTbcEwixH70cBXMzkbIUhyr0E/view;#69 - Loo Burnett.png;https://audiovisual-anima.github.io/thumbs-anima/review/casal-lote/e69.png;https://youtu.be/EDa1EvrCpPE;Purgatório existe? O que os anjos fazem? | Ep. #69 | com Loo Burnett;https://www.canva.com/design/DAHRFAok0yc/edit;Drive tem a versão antiga (casal anterior)
#68;Anima Podcast;Como ler e entender a Bíblia;Victor Sales Pinheiro;Casal novo aplicado;Bloco 8 - Arquivo 1;https://www.canva.com/design/DAHT5LIwDx4/edit;20;https://drive.google.com/file/d/1j5V3H8NC0_RHx3gZYWjySeSfeqJMBvj2/view;#68 - Victor Sales Pinheiro.png;https://audiovisual-anima.github.io/thumbs-anima/review/casal-lote/e68.png;https://youtu.be/J28wiVi-XDE;Como ler e entender a Bíblia? | Ep. #68 | com Victor Sales Pinheiro;https://www.canva.com/design/DAHRFAok0yc/edit;Drive tem a versão antiga (casal anterior)
#67;Anima Podcast;Rito Romano antigo: entenda a diferença;Dom Fernando Rifan;Casal novo aplicado;Bloco 8 - Arquivo 1;https://www.canva.com/design/DAHT5LIwDx4/edit;21;https://drive.google.com/file/d/1NM4lk4FN8KlOt6Fw0XZnhOHcNzWHvEzw/view;#67 - Dom Fernando Rifan.png;https://audiovisual-anima.github.io/thumbs-anima/review/casal-lote/e67.png;https://youtu.be/ZuheHFdttO0;Rito Romano antigo. Entenda a diferença | Ep. #67 | com Dom Fernando Rifan;https://www.canva.com/design/DAHRFAok0yc/edit;Drive tem a versão antiga (casal anterior)
#66;Anima Podcast;Círio de Nazaré: a grande festa;Monsenhor Agostinho;Casal novo aplicado;Bloco 8 - Arquivo 1;https://www.canva.com/design/DAHT5LIwDx4/edit;22;https://drive.google.com/file/d/1b5l2B4W9ujLBl6LWJKUQ1Cq2GvKYaHII/view;#66 - Monsenhor Agostinho.png;https://audiovisual-anima.github.io/thumbs-anima/review/casal-lote/e66.png;https://youtu.be/i4pWLI89PuE;Círio de Nazaré. O que você sabe dessa grande festa? | Ep. #66 | com Monsenhor Agostinho;https://www.canva.com/design/DAHRFAok0yc/edit;Drive tem a versão antiga (casal anterior)
#65;Anima Podcast;O título escondido de Nossa Senhora;Simone Marquetto;Casal novo aplicado;Bloco 8 - Arquivo 1;https://www.canva.com/design/DAHT5LIwDx4/edit;23;https://drive.google.com/file/d/1_Sz-JCoRDiRemEr6entNIRAQ2_CUqaoL/view;#65 - Simone Marquetto.png;https://audiovisual-anima.github.io/thumbs-anima/review/casal-lote/e65.png;https://youtu.be/TGPNTBS7eq4;Você sabia desse título de Nossa Senhora? | Ep. #65 | com Simone Marquetto;https://www.canva.com/design/DAHRFAok0yc/edit;Drive tem a versão antiga (casal anterior)
#63;Anima Podcast;Decifrando os casais;Padre Julinho;Casal novo aplicado;Bloco 8 - Arquivo 1;https://www.canva.com/design/DAHT5LIwDx4/edit;24;https://drive.google.com/file/d/1SAaz7sT5BGseEAxUb9qRNbPBs7uxTMDb/view;#63 - Padre Julinho.png;https://audiovisual-anima.github.io/thumbs-anima/review/casal-lote/e63.png;https://youtu.be/kinKtjQNKBM;Decifrando os casais | Ep. #63 | com Padre Julinho;https://www.canva.com/design/DAHRFAok0yc/edit;Drive tem a versão antiga (casal anterior)
#62;Anima Podcast;Como rezar pela conversão de alguém;Diácono Romulo Canuto;Casal novo aplicado;Bloco 8 - Arquivo 1;https://www.canva.com/design/DAHT5LIwDx4/edit;25;https://drive.google.com/file/d/1EB05DNl5WjjPtGwJ7qAY6IDbA0Zp4Qjl/view;#62 - Diácono Romulo Canuto.png;https://audiovisual-anima.github.io/thumbs-anima/review/casal-lote/e62.png;https://youtu.be/t2IYNW5O618;Como rezar para a conversão de alguém? | Ep. #62 | com Diácono Romulo Canuto;https://www.canva.com/design/DAHRFAok0yc/edit;Drive tem a versão antiga (casal anterior)
#61;Anima Podcast;A orquestra católica do Rio;Maestro Carlos Pimenta;Casal novo aplicado;Bloco 8 - Arquivo 2;https://www.canva.com/design/DAHT5IC7CDA/edit;1;https://drive.google.com/file/d/1dw3E-WdpDIhbg9BlcnKbQ84AjxfoFFuR/view;#61 - Maestro Carlos Pimenta.png;https://audiovisual-anima.github.io/thumbs-anima/review/casal-lote/e61.png;https://youtu.be/LFxNM_5H2Io;Você sabe que existe uma Orquestra Católica no Rio? | Ep. #61 | com Maestro Carlos Pimenta;https://www.canva.com/design/DAHRFXzISZs/edit;Drive tem a versão antiga (casal anterior)
#60;Anima Podcast;N. Sra. das Lágrimas: você conhece?;Raphael Tonon;Casal novo aplicado;Bloco 8 - Arquivo 2;https://www.canva.com/design/DAHT5IC7CDA/edit;2;https://drive.google.com/file/d/1wnFnmch4YrkuinoPGe1JkuhC_xIww0tg/view;#60 - Raphael Tonon.png;https://audiovisual-anima.github.io/thumbs-anima/review/casal-lote/e60.png;https://youtu.be/BgE8X0sby3k;Nossa Sra. das Lágrimas, conhece? | Ep. #60 | com Raphael Tonon;https://www.canva.com/design/DAHRFXzISZs/edit;Drive tem a versão antiga (casal anterior)
#59;Anima Podcast;É possível paz entre Israel e Palestina?;Prof. Paulo Velasco;Casal novo aplicado;Bloco 8 - Arquivo 2;https://www.canva.com/design/DAHT5IC7CDA/edit;3;https://drive.google.com/file/d/1NcHF6lo7jcKYanHcsykhQnDa0V5uE0H1/view;#59 - Prof. Paulo Velasco.png;https://audiovisual-anima.github.io/thumbs-anima/review/casal-lote/e59.png;https://youtu.be/U9gKdm5lYgE;É possível haver paz entre Israel e Palestina? | Ep. #59 | com Prof. Paulo Velasco;https://www.canva.com/design/DAHRFXzISZs/edit;Drive tem a versão antiga (casal anterior)
#58;Anima Podcast;O chamado de Deus para a conversão;Pe. Heitor de Menezes;Casal novo aplicado;Bloco 8 - Arquivo 2;https://www.canva.com/design/DAHT5IC7CDA/edit;4;https://drive.google.com/file/d/1lsMuilOZXMByzXJqpgy9Gg5T0mVScrCK/view;#58 - Pe. Heitor de Menezes.png;https://audiovisual-anima.github.io/thumbs-anima/review/casal-lote/e58.png;https://youtu.be/jv0wGRgqMmQ;Ouça o chamado de Deus para a sua conversão | Ep. #58 | com Padre Heitor de Menezes;https://www.canva.com/design/DAHRFXzISZs/edit;Drive tem a versão antiga (casal anterior)
#57;Anima Podcast;A vontade de Deus é a nossa paz;Pe. Antônio José;Casal novo aplicado;Bloco 8 - Arquivo 2;https://www.canva.com/design/DAHT5IC7CDA/edit;5;https://drive.google.com/file/d/1AKcWaXkYxG3CkcuaFpphpMgCMT1aG4DH/view;#57 - Pe. Antônio José.png;https://audiovisual-anima.github.io/thumbs-anima/review/casal-lote/e57.png;https://youtu.be/PwMqTbp73tE;A vontade de Deus é a nossa paz | Ep. #57 | com Padre Antônio José;https://www.canva.com/design/DAHRFXzISZs/edit;Drive tem a versão antiga (casal anterior)
#56;Anima Podcast;Prefiro perder a eleição do que minha alma;Chris Tonietto;Casal novo aplicado;Bloco 8 - Arquivo 2;https://www.canva.com/design/DAHT5IC7CDA/edit;6;https://drive.google.com/file/d/1XGKkX3mKSsmpEEJEKQcw1u5dsd24Uss-/view;#56 - Chris Tonietto.png;https://audiovisual-anima.github.io/thumbs-anima/review/casal-lote/e56.png;https://youtu.be/--k3kqTMbiI;Prefiro perder as eleições do que minha alma | Ep. #56 | com Chris Tonietto;https://www.canva.com/design/DAHRFXzISZs/edit;Drive tem a versão antiga (casal anterior)
#55;Anima Podcast;Adoção espiritual: salve bebês do aborto;Dom Tiago Stanislaw;Casal novo aplicado;Bloco 8 - Arquivo 2;https://www.canva.com/design/DAHT5IC7CDA/edit;7;https://drive.google.com/file/d/1hYaD0flwKhhrdKM0NYpjwS9VoatmNfIQ/view;#55 - Dom Tiago Stanislaw.png;https://audiovisual-anima.github.io/thumbs-anima/review/casal-lote/e55.png;https://youtu.be/LeymeZyrRz8;Adoção Espiritual, como salvar bebês do abort0! | Ep. #55 | com Dom Tiago Stanislaw;https://www.canva.com/design/DAHRFXzISZs/edit;Drive tem a versão antiga (casal anterior)
#54;Anima Podcast;Sou um milagre;Eliana Ribeiro;Casal novo aplicado;Bloco 8 - Arquivo 2;https://www.canva.com/design/DAHT5IC7CDA/edit;8;https://drive.google.com/file/d/1xlst4wsAnY7dzO2amS0o5mE3mPmkWWjD/view;#54 - Eliana Ribeiro.png;https://audiovisual-anima.github.io/thumbs-anima/review/casal-lote/e54.png;https://youtu.be/ehu71Z13r40;Sou um milagre | Ep. #54 | com Eliana Ribeiro;https://www.canva.com/design/DAHRFXzISZs/edit;Drive tem a versão antiga (casal anterior)
#53;Anima Podcast;Como ter sucesso no digital;Arno Alcântara;Casal novo aplicado;Bloco 8 - Arquivo 2;https://www.canva.com/design/DAHT5IC7CDA/edit;9;https://drive.google.com/file/d/1eEJkxmQ0Z-rdAvew0GILKFBbFpdBbp25/view;#53 - Arno Alcântara.png;https://audiovisual-anima.github.io/thumbs-anima/review/casal-lote/e53.png;https://youtu.be/chMAWFHLpCY;Como ser invisível e ter sucesso no digital | Ep. #53 | com Arno Alcântara;https://www.canva.com/design/DAHRFXzISZs/edit;Drive tem a versão antiga (casal anterior)
#52;Anima Podcast;Política e catolicismo se misturam?;Márcio Gualberto;Casal novo aplicado;Bloco 8 - Arquivo 2;https://www.canva.com/design/DAHT5IC7CDA/edit;10;https://drive.google.com/file/d/1f-enb3b680amPKiXU-wlNcpADjLoXXRx/view;#52 - Márcio Gualberto.png;https://audiovisual-anima.github.io/thumbs-anima/review/casal-lote/e52.png;https://youtu.be/zqPElXiMasw;Política e catolicismo se misturam? | Ep. #52 | com Márcio Gualberto;https://www.canva.com/design/DAHRFXzISZs/edit;Drive tem a versão antiga (casal anterior)
#50;Anima Podcast;O feminismo é um movimento comunista;Mariana Brito;Casal novo aplicado;Bloco 8 - Arquivo 2;https://www.canva.com/design/DAHT5IC7CDA/edit;11;https://drive.google.com/file/d/1r2zRbt3tNlgfV_JOhT8r-9u5UHMus1P0/view;#50 - Mariana Brito.png;https://audiovisual-anima.github.io/thumbs-anima/review/casal-lote/e50.png;https://youtu.be/KasFbisjZzY;O feminismo é um movimento comunista | Ep. #50 | com Mariana Brito;https://www.canva.com/design/DAHRFXzISZs/edit;Drive tem a versão antiga (casal anterior)
#49;Anima Podcast;Meu anjo da guarda me salvou;Joaquim Carvalho Pedra;Casal novo aplicado;Bloco 8 - Arquivo 2;https://www.canva.com/design/DAHT5IC7CDA/edit;12;https://drive.google.com/file/d/1jCh7_C8YUfra1OP0R6lz33s7r1fTjzHk/view;#49 - Joaquim Carvalho Pedra.png;https://audiovisual-anima.github.io/thumbs-anima/review/casal-lote/e49.png;https://youtu.be/WEcwpXRiudA;Meu anjo da guarda me salvou de um sequestro | Ep. #49 | com Joaquim Carvalho Pedra;https://www.canva.com/design/DAHRFXzISZs/edit;Drive tem a versão antiga (casal anterior)
#48;Anima Podcast;De ex-pastor a católico;Prof. Eduardo Faria;Casal novo aplicado;Bloco 8 - Arquivo 2;https://www.canva.com/design/DAHT5IC7CDA/edit;13;https://drive.google.com/file/d/1041O_Uu_Jd-iFH7y_I3pYzSRuChcWNA4/view;#48 - Prof. Eduardo Faria.png;https://audiovisual-anima.github.io/thumbs-anima/review/casal-lote/e48.png;https://youtu.be/_urbYhkOqwc;De ex-pastor a católico | Ep. #48 | com Professor Eduardo Faria;https://www.canva.com/design/DAHRFXzISZs/edit;Drive tem a versão antiga (casal anterior)
#47;Anima Podcast;Antifeminista, eu? Claro!;Pietra Bertolazzi;Casal novo aplicado;Bloco 8 - Arquivo 2;https://www.canva.com/design/DAHT5IC7CDA/edit;14;https://drive.google.com/file/d/1vS09HnB6G1VVzGqbRQiEV8ofuoZ_DzKo/view;#47 - Pietra Bertolazzi.png;https://audiovisual-anima.github.io/thumbs-anima/review/casal-lote/e47.png;https://youtu.be/ahq0x-dkY48;Antifeminista eu? Claro! | Ep. #47 | com Pietra Bertolazzi;https://www.canva.com/design/DAHRFXzISZs/edit;Drive tem a versão antiga (casal anterior)
#46;Anima Podcast;Cristianismo é de matriz africana?;Patricia Silva;Casal novo aplicado;Bloco 11 - Arquivo 1;https://www.canva.com/design/DAHT5NXToGQ/edit;4;https://drive.google.com/file/d/1Z53yzpEgIOwZcWCQG03cZEFNa5phiX7A/view;#46 - Patricia Silva.png;https://audiovisual-anima.github.io/thumbs-anima/review/casal-lote/e46.png;https://youtu.be/0SUj7WOExgw;Cristianismo é de matriz africana? | Ep. #46 | com Patricia Silva | Preta de Rodinhas;https://www.canva.com/design/DAHRGTMEaX0/edit;Drive tem a versão antiga (casal anterior)
#45;Anima Podcast;Bebês viram lixo hospitalar;Henrique Lima;Casal novo aplicado;Bloco 8 - Arquivo 2;https://www.canva.com/design/DAHT5IC7CDA/edit;15;https://drive.google.com/file/d/1q_0wQi1Y8koGcdWPW5W7cqYAk3wZ_Fmg/view;#45 - Henrique Lima.png;https://audiovisual-anima.github.io/thumbs-anima/review/casal-lote/e45.png;https://youtu.be/P4wBM7Jslpk;Bebês viram lixo hospitalar! | Ep. #45 | com Henrique Lima;https://www.canva.com/design/DAHRFXzISZs/edit;Drive tem a versão antiga (casal anterior)
#44;Anima Podcast;Ultrassom na gravidez;Heron Werner;Casal novo aplicado;Bloco 10 - Arquivo 2;https://www.canva.com/design/DAHT5ESs_-o/edit;20;https://drive.google.com/file/d/1jpRPWGPfHP0UTcXgWnuEXs5jYQ6RG8wE/view;#44 - Heron Werner.png;https://audiovisual-anima.github.io/thumbs-anima/review/casal-lote/e44.png;https://youtu.be/dz8NPQAx2kY;Ultrassom na gravidez: quando e por quê?  | Ep. #44 | com Dr. Heron Werner;https://www.canva.com/design/DAHRF01jwwE/edit;Drive tem a versão antiga (casal anterior)
#43;Anima Podcast;Varizes: causas e soluções;Carina Brandão;Casal novo aplicado;Bloco 10 - Arquivo 2;https://www.canva.com/design/DAHT5ESs_-o/edit;21;https://drive.google.com/file/d/1xoNI81H9XsDF0SoYFb5p-B3beywrk12E/view;#43 - Carina Brandão.png;https://audiovisual-anima.github.io/thumbs-anima/review/casal-lote/e43.png;https://youtu.be/NKNN4XZsHE8;Suas veias podem estar em risco!  | Ep. #43 | com Drª. Carina Brandão;https://www.canva.com/design/DAHRF01jwwE/edit;Drive tem a versão antiga (casal anterior)
#42;Anima Podcast;Burnout;Paula Campozan;Casal novo aplicado;Bloco 10 - Arquivo 2;https://www.canva.com/design/DAHT5ESs_-o/edit;22;https://drive.google.com/file/d/1VkWmCpVdlfhrul5_jAzQIkFVkx8_xj1p/view;#42 - Paula Campozan.png;https://audiovisual-anima.github.io/thumbs-anima/review/casal-lote/e42.png;https://youtu.be/0NKwFQhp52s;Síndrome de Burnout | Ep. #42 | com Drª. Paula Campozan;https://www.canva.com/design/DAHRF01jwwE/edit;Drive tem a versão antiga (casal anterior)
#41;Anima Podcast;Endometriose: quando operar?;Lucas Vinhas;Casal novo aplicado;Bloco 10 - Arquivo 2;https://www.canva.com/design/DAHT5ESs_-o/edit;23;https://drive.google.com/file/d/1NPWb432dp5RUt8rbohXDhtGZHoFfSZjf/view;#41 - Lucas Vinhas.png;https://audiovisual-anima.github.io/thumbs-anima/review/casal-lote/e41.png;https://youtu.be/oypPw2mzMQM;O Impacto da cirurgia de endometriose na dor e na fertilidade | Ep. #41 | com Dr. Lucas Vinhas;https://www.canva.com/design/DAHRF01jwwE/edit;Drive tem a versão antiga (casal anterior)
#40;Anima Podcast;Nutrição para cada temperamento;Carol Barros;Casal novo aplicado;Bloco 10 - Arquivo 2;https://www.canva.com/design/DAHT5ESs_-o/edit;24;https://drive.google.com/file/d/1rNkm7m0Rb6rzWTYoCVri1_JGv1qWHSIJ/view;#40 - Carol Barros.png;https://audiovisual-anima.github.io/thumbs-anima/review/casal-lote/e40.png;https://youtu.be/fEO-0upusZo;Alimentação e temperamentos | Ep. #40 | com Drª Carol Barros;https://www.canva.com/design/DAHRF01jwwE/edit;Drive tem a versão antiga (casal anterior)
#39;Anima Podcast;Depressão: a doença do século XXI;Dario Leitão;Casal novo aplicado;Bloco 10 - Arquivo 2;https://www.canva.com/design/DAHT5ESs_-o/edit;25;https://drive.google.com/file/d/1ibkXc3GZHa0KHmElM94J7MjtpuMRUlLk/view;#39 - Dario Leitão.png;https://audiovisual-anima.github.io/thumbs-anima/review/casal-lote/e39.png;https://youtu.be/DNJoE3Hkghk;Superando a depressão | Ep. #39 | com Dr. Dario Leitão;https://www.canva.com/design/DAHRF01jwwE/edit;Drive tem a versão antiga (casal anterior)
#38;Anima Podcast;Tudo sobre a saúde infantil;Ana Carolina Goulart;Casal novo aplicado;Bloco 11 - Arquivo 1;https://www.canva.com/design/DAHT5NXToGQ/edit;5;https://drive.google.com/file/d/1V5Q3vKqTxc6IHkkEWX4OQJ58AZCXBDl7/view;#38 - Ana Carolina Goulart.png;https://audiovisual-anima.github.io/thumbs-anima/review/casal-lote/e38.png;https://youtu.be/IsbQ-eWGqzg;Saúde Infantil | Ep. #38 | com Dra. Ana Carolina Goulart;https://www.canva.com/design/DAHRGTMEaX0/edit;Drive tem a versão antiga (casal anterior)
#37;Anima Podcast;Tudo sobre o Alzheimer;Henrique Cal;Casal novo aplicado;Bloco 11 - Arquivo 1;https://www.canva.com/design/DAHT5NXToGQ/edit;6;https://drive.google.com/file/d/1O9JMVU94qFBajyGIfwxmn2JNgC71ZKkw/view;#37 - Henrique Cal.png;https://audiovisual-anima.github.io/thumbs-anima/review/casal-lote/e37.png;https://youtu.be/NSuZ5pkcNoY;A Doença de Alzheimer | Ep. #37 | com Dr. Henrique Cal;https://www.canva.com/design/DAHRGTMEaX0/edit;Drive tem a versão antiga (casal anterior)
#36;Anima Podcast;Tudo sobre a saúde respiratória;Renato Azambuja;Casal novo aplicado;Bloco 11 - Arquivo 1;https://www.canva.com/design/DAHT5NXToGQ/edit;7;https://drive.google.com/file/d/1p60dmTqEZtRBS6zS3KtNiuXyY-tdxrvr/view;#36 - Renato Azambuja.png;https://audiovisual-anima.github.io/thumbs-anima/review/casal-lote/e36.png;https://youtu.be/4AD-aQZhzW4;Saúde Respiratória | Ep. #36 | com  Dr.  Renato Azambuja;https://www.canva.com/design/DAHRGTMEaX0/edit;Drive tem a versão antiga (casal anterior)
#35;Anima Podcast;Cuide bem dos seus olhos;Leonardo Fontana;Casal novo aplicado;Bloco 11 - Arquivo 1;https://www.canva.com/design/DAHT5NXToGQ/edit;8;https://drive.google.com/file/d/182xb0r-Na-3DkTiYv1VtkjrLmADqdEZn/view;#35 - Leonardo Fontana.png;https://audiovisual-anima.github.io/thumbs-anima/review/casal-lote/e35.png;https://youtu.be/OtKur3NXcuA;Enxergue o futuro: Cuide bem dos seus olhos | Ep. #35 | com  Dr.  Leonardo Fontana;https://www.canva.com/design/DAHRGTMEaX0/edit;Drive tem a versão antiga (casal anterior)
#34;Anima Podcast;A saúde mental do seu filho;Marcelo Masruha;Casal novo aplicado;Bloco 11 - Arquivo 1;https://www.canva.com/design/DAHT5NXToGQ/edit;9;https://drive.google.com/file/d/1JLIT7bsWgqR7AKctO5WI6f54Ytknv6jW/view;#34 - Marcelo Masruha.png;https://audiovisual-anima.github.io/thumbs-anima/review/casal-lote/e34.png;https://youtu.be/V4-mUPCkQZQ;Os problemas de saúde mental que seu filho pode ter | Ep. #34 | com  Dr. Marcelo Masruha;https://www.canva.com/design/DAHRGTMEaX0/edit;Drive tem a versão antiga (casal anterior)
#33;Anima Podcast;Cuide bem do seu coração;Rodrigo Reis;Casal novo aplicado;Bloco 11 - Arquivo 1;https://www.canva.com/design/DAHT5NXToGQ/edit;10;https://drive.google.com/file/d/1CXNalPbKewDVi-ln76R1dfS5MIq27jFo/view;#33 - Rodrigo Reis.png;https://audiovisual-anima.github.io/thumbs-anima/review/casal-lote/e33.png;https://youtu.be/3UieliKQi90;Aprenda sobre a saúde do seu coração | Ep. #33 | com  Dr. Rodrigo Reis;https://www.canva.com/design/DAHRGTMEaX0/edit;Drive tem a versão antiga (casal anterior)
#32;Anima Podcast;Dormir bem transforma tudo;Isabel Braga;Casal novo aplicado;Bloco 11 - Arquivo 1;https://www.canva.com/design/DAHT5NXToGQ/edit;11;https://drive.google.com/file/d/1_GWlnDrcX2WFhz61kCCsCg3xbuLjg1SW/view;#32 - Isabel Braga.png;https://audiovisual-anima.github.io/thumbs-anima/review/casal-lote/e32.png;https://youtu.be/tvj54udXdzc;Como dormir bem pode transformar sua vida | Ep. #32 | com Dra. Isabel Braga;https://www.canva.com/design/DAHRGTMEaX0/edit;Drive tem a versão antiga (casal anterior)
#31;Anima Podcast;Câncer de pele: diagnóstico precoce;Caroline Brandão;Casal novo aplicado;Bloco 9 - Arquivo 2;https://www.canva.com/design/DAHT5IrBs84/edit;13;https://drive.google.com/file/d/1-s67KIwkUCqSedo6t8GgSbJbuwsvMYLC/view;#31 - Caroline Brandão.png;https://audiovisual-anima.github.io/thumbs-anima/review/casal-lote/e31.png;https://youtu.be/GPRtg_kwVZk;Prevenção e cura: Tudo sobre câncer de pele | Ep. #31 | com Caroline Brandão;https://www.canva.com/design/DAHRFt0VXa4/edit;Drive tem a versão antiga (casal anterior)
#30;Anima Podcast;Infertilidade: quando buscar a terapia?;Felipe Magalhães;Casal novo aplicado;Bloco 9 - Arquivo 2;https://www.canva.com/design/DAHT5IrBs84/edit;14;https://drive.google.com/file/d/18Kud4w9rSMO3pn8S0MYWsJFPd8hHHU6u/view;#30 - Felipe Magalhães.png;https://audiovisual-anima.github.io/thumbs-anima/review/casal-lote/e30.png;https://youtu.be/jvuTq8hytR8;A infertilidade também é desafio emocional | Ep. #30 | com Felipe Magalhães;https://www.canva.com/design/DAHRFt0VXa4/edit;Drive tem a versão antiga (casal anterior)
#29;Anima Podcast;O valor da vida humana;Carolina Delage;Casal novo aplicado;Bloco 11 - Arquivo 1;https://www.canva.com/design/DAHT5NXToGQ/edit;12;https://drive.google.com/file/d/1oHGcmeKbHZspwq8KCW5uxJLryodHmOzE/view;#29 - Carolina Delage.png;https://audiovisual-anima.github.io/thumbs-anima/review/casal-lote/e29.png;https://youtu.be/UlOHMw676s0;Reflexões médicas sobre o valor da vida humana | Ep. #29 | com Dra. Carolina Delage;https://www.canva.com/design/DAHRGTMEaX0/edit;Drive tem a versão antiga (casal anterior)
#28;Anima Podcast;Hormônios e a saúde feminina;Leonardo Jacobsen;Casal novo aplicado;Bloco 11 - Arquivo 1;https://www.canva.com/design/DAHT5NXToGQ/edit;13;https://drive.google.com/file/d/11-MWEAhOp1hcG2pUlfmEko8ZIm0dTnu6/view;#28 - Leonardo Jacobsen.png;https://audiovisual-anima.github.io/thumbs-anima/review/casal-lote/e28.png;https://youtu.be/bKIaVqstvRs;Entenda o poder dos hormônios para a saúde feminina | Ep. #28 | com Dr. Leonardo Jacobsen;https://www.canva.com/design/DAHRGTMEaX0/edit;Drive tem a versão antiga (casal anterior)
#27;Anima Podcast;Consultório médico de sucesso;Clara Morena;Casal novo aplicado;Bloco 9 - Arquivo 2;https://www.canva.com/design/DAHT5IrBs84/edit;15;https://drive.google.com/file/d/1DP-ZOnsaW6c89WPgh1CeTVpJMAdzocZh/view;#27 - Clara Morena.png;https://audiovisual-anima.github.io/thumbs-anima/review/casal-lote/e27.png;https://youtu.be/S9MO3CZQLtc;Descomplique seu consultório | Ep. #27 | com Clara Morena;https://www.canva.com/design/DAHRFt0VXa4/edit;Drive tem a versão antiga (casal anterior)
#26;Anima Podcast;Sua saúde começa no intestino;Roberta Rigueira;Casal novo aplicado;Bloco 9 - Arquivo 2;https://www.canva.com/design/DAHT5IrBs84/edit;16;https://drive.google.com/file/d/1niACEYGeJO3AxGlY2xzEVwyMBOC-NsNL/view;#26 - Roberta Rigueira.png;https://audiovisual-anima.github.io/thumbs-anima/review/casal-lote/e26.png;https://youtu.be/oVaMeIEwZcw;O impacto  das doenças inflamatórias intestinais na sua saúde | Ep. #26 | com Roberta Rigueira;https://www.canva.com/design/DAHRFt0VXa4/edit;Drive tem a versão antiga (casal anterior)
#25;Anima Podcast;Não é só gordurinha no fígado;Anderson Brito;Casal novo aplicado;Bloco 9 - Arquivo 2;https://www.canva.com/design/DAHT5IrBs84/edit;17;https://drive.google.com/file/d/1HcSJGB_e2-62miNx5LFcvLxhKl30CMTd/view;#25 - Anderson Brito.png;https://audiovisual-anima.github.io/thumbs-anima/review/casal-lote/e25.png;https://youtu.be/-cOwNX9wwYI;Saiba tudo sobre esteatose hepática, a gordura no fígado | Ep. #25 | com Anderson Brito;https://www.canva.com/design/DAHRFt0VXa4/edit;Drive tem a versão antiga (casal anterior)
#24;Anima Podcast;Fertilidade feminina sem mistérios;Filipe Duarte;Casal novo aplicado;Bloco 9 - Arquivo 2;https://www.canva.com/design/DAHT5IrBs84/edit;18;https://drive.google.com/file/d/1AW-POFTjDF8DFuXlePQfGN_6tfQlf2Yn/view;#24 - Filipe Duarte.png;https://audiovisual-anima.github.io/thumbs-anima/review/casal-lote/e24.png;https://youtu.be/N4ypltLGvm4;Saiba tudo sobre fertilidade natural | Ep. #24 | com Filipe Duarte;https://www.canva.com/design/DAHRFt0VXa4/edit;Drive tem a versão antiga (casal anterior)
#23;Anima Podcast;Desfralde tardio e doenças;Aureanne Villacorta;Casal novo aplicado;Bloco 9 - Arquivo 2;https://www.canva.com/design/DAHT5IrBs84/edit;19;https://drive.google.com/file/d/17A1mVFHoAw97GU-I3s8pUDfbWYgygBtl/view;#23 - Aureanne Villacorta.png;https://audiovisual-anima.github.io/thumbs-anima/review/casal-lote/e23.png;https://youtu.be/4viMm6EdCSE;Desfralde tardio e doenças: saiba a relação | Ep. #23 | com Aureanne Villacorta;https://www.canva.com/design/DAHRFt0VXa4/edit;Drive tem a versão antiga (casal anterior)
#22;Anima Podcast;A saúde segundo Santa Hildegarda;Priscila Antunes;Casal novo aplicado;Bloco 11 - Arquivo 1;https://www.canva.com/design/DAHT5NXToGQ/edit;14;https://drive.google.com/file/d/1Yp0AGPkk1G_rGjS4nXgOxea8OXez-nRk/view;#22 - Priscila Antunes.png;https://audiovisual-anima.github.io/thumbs-anima/review/casal-lote/e22.png;https://youtu.be/gOBVOrjqcW8;Sabedoria de Santa Hildegarda para a sua saúde | Ep. #22 | com Dra. Priscila Antunes;https://www.canva.com/design/DAHRGTMEaX0/edit;Drive tem a versão antiga (casal anterior)
#21;Anima Podcast;Saúde pélvica: cuidados e terapias;Michelle Paixão;Casal novo aplicado;Bloco 11 - Arquivo 1;https://www.canva.com/design/DAHT5NXToGQ/edit;15;https://drive.google.com/file/d/1xC-THkbkfbbGkhGjsCddnVMy_0vJFUTv/view;#21 - Michelle Paixão.png;https://audiovisual-anima.github.io/thumbs-anima/review/casal-lote/e21.png;https://youtu.be/9OhtwcpKhqY;Saúde Pélvica: Disfunções, Terapias e Cuidados | Ep. #21 | com Dra. Michelle Paixão;https://www.canva.com/design/DAHRGTMEaX0/edit;Drive tem a versão antiga (casal anterior)
#20;Anima Podcast;A verdade sobre a maternidade;Bianca Quevedo;Casal novo aplicado;Bloco 11 - Arquivo 1;https://www.canva.com/design/DAHT5NXToGQ/edit;16;https://drive.google.com/file/d/1S2X-or4I0eXxGZ4t-9XpwwaOQeSKRfEW/view;#20 - Bianca Quevedo.png;https://audiovisual-anima.github.io/thumbs-anima/review/casal-lote/e20.png;https://youtu.be/NTvwq18J82M;Psicóloga conta toda a verdade sobre a maternidade | Ep. #20 | com  Dra. Bianca Quevedo;https://www.canva.com/design/DAHRGTMEaX0/edit;Drive tem a versão antiga (casal anterior)
#19;Anima Podcast;Aumente a fertilidade de forma natural;Eduardo Honorato;Casal novo aplicado;Bloco 11 - Arquivo 1;https://www.canva.com/design/DAHT5NXToGQ/edit;17;https://drive.google.com/file/d/1pM5GJbzvnprVOzXHJ-G9yYYi7mBzyOuk/view;#19 - Eduardo Honorato.png;https://audiovisual-anima.github.io/thumbs-anima/review/casal-lote/e19.png;https://youtu.be/NemdB5yDfO4;Como aumentar a fertilidade de forma natural | Ep. #19 | com Dr. Eduardo Honorato;https://www.canva.com/design/DAHRGTMEaX0/edit;Drive tem a versão antiga (casal anterior)
#18;Anima Podcast;Emagrecer só com cirurgia?;Cris Alberti;Casal novo aplicado;Bloco 9 - Arquivo 2;https://www.canva.com/design/DAHT5IrBs84/edit;20;https://drive.google.com/file/d/1vT0qWzpZZ7kvFetqhwie_O7ragYbSmOu/view;#18 - Cris Alberti.png;https://audiovisual-anima.github.io/thumbs-anima/review/casal-lote/e18.png;https://youtu.be/bzvtsxcB2N4;Diástase abdominal: como identificar e tratar | Ep. #18 | com Cris Alberti;https://www.canva.com/design/DAHRFt0VXa4/edit;Drive tem a versão antiga (casal anterior)
#17;Anima Podcast;Como os hormônios afetam você;Diogo Viana;Casal novo aplicado;Bloco 11 - Arquivo 1;https://www.canva.com/design/DAHT5NXToGQ/edit;18;https://drive.google.com/file/d/1z9_8I-IasU64KTv5zzdPYJVixHRvFthM/view;#17 - Diogo Viana.png;https://audiovisual-anima.github.io/thumbs-anima/review/casal-lote/e17.png;https://youtu.be/03i7XWQSx74;Como os hormônios afetam seu comportamento | Ep. #17 | com Dr. Diogo Viana;https://www.canva.com/design/DAHRGTMEaX0/edit;Drive tem a versão antiga (casal anterior)
#16;Anima Podcast;Medicina e espiritualidade;Bruno Farnetano;Casal novo aplicado;Bloco 11 - Arquivo 1;https://www.canva.com/design/DAHT5NXToGQ/edit;19;https://drive.google.com/file/d/1s3hDGFvLPjRdtFtY4ookpu1Y8PlvAi_b/view;#16 - Bruno Farnetano.png;https://audiovisual-anima.github.io/thumbs-anima/review/casal-lote/e16.png;https://youtu.be/wZPNFANzgsI;Medicina e espiritualidade | Ep. #16 | com Dr. Bruno Farnetano;https://www.canva.com/design/DAHRGTMEaX0/edit;Drive tem a versão antiga (casal anterior)
#15;Anima Podcast;A batalha da dor crônica;Flávia Nascimento;Casal novo aplicado;Bloco 11 - Arquivo 1;https://www.canva.com/design/DAHT5NXToGQ/edit;20;https://drive.google.com/file/d/1RMKG6Jqx8CoLBzaUKuN0RbGddZJCKEsM/view;#15 - Flávia Nascimento.png;https://audiovisual-anima.github.io/thumbs-anima/review/casal-lote/e15.png;https://youtu.be/OHGcc5-DRpU;A batalha diária da dor crônica | Ep. #15 | com Dra. Flávia Nascimento;https://www.canva.com/design/DAHRGTMEaX0/edit;Drive tem a versão antiga (casal anterior)
#14;Anima Podcast;Fé e ciência: o método Billings;Pâmela Schitine;Casal novo aplicado;Bloco 9 - Arquivo 2;https://www.canva.com/design/DAHT5IrBs84/edit;21;https://drive.google.com/file/d/1yO4vjiKLu7LrrQcJe56B9rqkJ_UJjx_U/view;#14 - Pâmela Schitine.png;https://audiovisual-anima.github.io/thumbs-anima/review/casal-lote/e14.png;https://youtu.be/4CNFTmkOqeE;Especialista em Bioética fala sobre concepção e fertilidade | Ep. #14 | com Pâmela Schitine;https://www.canva.com/design/DAHRFt0VXa4/edit;Drive tem a versão antiga (casal anterior)
#13;Anima Podcast;A verdade sobre o emagrecimento;Tamiris Rachid;Casal novo aplicado;Bloco 11 - Arquivo 1;https://www.canva.com/design/DAHT5NXToGQ/edit;21;https://drive.google.com/file/d/1khfe_OluWFgfU94bnI1cZhHu-xIUkR0G/view;#13 - Tamiris Rachid.png;https://audiovisual-anima.github.io/thumbs-anima/review/casal-lote/e13.png;https://youtu.be/tSR6v05_DEs;Nutri e Mestre em Ciências fala a Verdade sobre Emagrecimento! | Ep. #13 | com Dra. Tamiris Rachid;https://www.canva.com/design/DAHRGTMEaX0/edit;Drive tem a versão antiga (casal anterior)
#12;Anima Podcast;Como educar crianças autistas;Mariana Vilas Boas;Casal novo aplicado;Bloco 11 - Arquivo 1;https://www.canva.com/design/DAHT5NXToGQ/edit;22;https://drive.google.com/file/d/1HHK-x0EEurakA5Yk-7FyxcaLYKjD9wdU/view;#12 - Mariana Vilas Boas.png;https://audiovisual-anima.github.io/thumbs-anima/review/casal-lote/e12.png;https://youtu.be/K5YHndQPkNs;Como criar e educar crianças autistas | Ep. #12 | com Dra. Mariana Vilas Boas;https://www.canva.com/design/DAHRGTMEaX0/edit;Drive tem a versão antiga (casal anterior)
#11;Anima Podcast;Superdotação: a verdade escondida;Olzeni Ribeiro;Casal novo aplicado;Bloco 11 - Arquivo 1;https://www.canva.com/design/DAHT5NXToGQ/edit;23;https://drive.google.com/file/d/1C9ZTnBRG29rntEajMqVUvbx4T0zaTcge/view;#11 - Olzeni Ribeiro.png;https://audiovisual-anima.github.io/thumbs-anima/review/casal-lote/e11.png;https://youtu.be/5wryP9sMybM;SUPERDOTAÇÃO: A verdade que ninguém conta | Ep #11 | Com Dra. Olzeni Ribeiro;https://www.canva.com/design/DAHRGTMEaX0/edit;Drive tem a versão antiga (casal anterior)
#10;Anima Podcast;Autismo feminino: o lado invisível;Elizangila Leite;Casal novo aplicado;Bloco 9 - Arquivo 2;https://www.canva.com/design/DAHT5IrBs84/edit;22;https://drive.google.com/file/d/1kEX_PIvD5_5rb6ioJ08uMwzgXJ8Z1rrf/view;#10 - Elizangila Leite.png;https://audiovisual-anima.github.io/thumbs-anima/review/casal-lote/e10.png;https://youtu.be/bOHFBihZ9TQ;AUTISMO em mulheres: Por que é tão difícil diagnosticar? | Ep #10 | Com Elizangila Leite;https://www.canva.com/design/DAHRFt0VXa4/edit;Drive tem a versão antiga (casal anterior)
#9;Anima Podcast;Posicionamento digital na saúde;Camila Nardi;Casal novo aplicado;Bloco 9 - Arquivo 2;https://www.canva.com/design/DAHT5IrBs84/edit;23;https://drive.google.com/file/d/1iTxWT3SkrdPlxeO99jPR24JDXmE0oNM5/view;#9 - Camila Nardi.png;https://audiovisual-anima.github.io/thumbs-anima/review/casal-lote/e9.png;;;https://www.canva.com/design/DAHRFt0VXa4/edit;Drive tem a versão antiga (casal anterior)
#8;Anima Podcast;Maternidade atípica;Andressa Du Costa;Casal novo aplicado;Bloco 9 - Arquivo 2;https://www.canva.com/design/DAHT5IrBs84/edit;24;https://drive.google.com/file/d/1KTFZ_IRAK2mb96KvxWzKjkm6Ea8Dbj8F/view;#8 - Andressa Du Costa.png;https://audiovisual-anima.github.io/thumbs-anima/review/casal-lote/e8.png;;;https://www.canva.com/design/DAHRFt0VXa4/edit;Drive tem a versão antiga (casal anterior)
#7;Anima Podcast;Autismo, TDAH ou mutismo seletivo?;Natasha Ganem;Casal novo aplicado;Bloco 9 - Arquivo 2;https://www.canva.com/design/DAHT5IrBs84/edit;25;https://drive.google.com/file/d/1BcG_WeNZC_JNqI9NgoT6FElbCXzwcHXo/view;#7 - Natasha Ganem.png;https://audiovisual-anima.github.io/thumbs-anima/review/casal-lote/e7.png;;;https://www.canva.com/design/DAHRFt0VXa4/edit;Drive tem a versão antiga (casal anterior)
#6;Anima Podcast;É doença ou falta de ferro?;Tuane Villela;Casal novo aplicado;Bloco 11 - Arquivo 1;https://www.canva.com/design/DAHT5NXToGQ/edit;24;https://drive.google.com/file/d/1lc0xNy5R0qGJuqKafJDiPXc2cgiUZP3k/view;#6 - Tuane Villela.png;https://audiovisual-anima.github.io/thumbs-anima/review/casal-lote/e6.png;;;https://www.canva.com/design/DAHRGTMEaX0/edit;Drive tem a versão antiga (casal anterior)
#5;Anima Podcast;O perigo da alfabetização precoce;João Lucas;Casal novo aplicado;Bloco 11 - Arquivo 1;https://www.canva.com/design/DAHT5NXToGQ/edit;25;https://drive.google.com/file/d/1yccG5F2vQYDnlo6PkupJa0zwoUuFk9i8/view;#5 - João Lucas.png;https://audiovisual-anima.github.io/thumbs-anima/review/casal-lote/e5.png;;;https://www.canva.com/design/DAHRGTMEaX0/edit;Drive tem a versão antiga (casal anterior)
#4;Anima Podcast;Como funciona o cérebro com TDAH;Alex Rocha;Casal novo aplicado;Bloco 11 - Arquivo 2;https://www.canva.com/design/DAHT5YKM5yA/edit;1;https://drive.google.com/file/d/13XWgJBS3GR-UJ6D4E8vzqS0E7WeF65Pi/view;#4 - Alex Rocha.png;https://audiovisual-anima.github.io/thumbs-anima/review/casal-lote/e4.png;;;https://www.canva.com/design/DAHRGTBGrHI/edit;Drive tem a versão antiga (casal anterior)
#3;Anima Podcast;Não desista da maternidade;Talita Melo;Casal novo aplicado;Bloco 11 - Arquivo 2;https://www.canva.com/design/DAHT5YKM5yA/edit;2;https://drive.google.com/file/d/1OQ_vH8qnQLRmYbtv2tGU7VvmYNe5IlM6/view;#3 - Talita Melo.png;https://audiovisual-anima.github.io/thumbs-anima/review/casal-lote/e3.png;;;https://www.canva.com/design/DAHRGTBGrHI/edit;Drive tem a versão antiga (casal anterior)
#2;Anima Podcast;Vida corrida x saúde mental;Ana Beatriz Barbosa;Casal novo aplicado;Bloco 11 - Arquivo 2;https://www.canva.com/design/DAHT5YKM5yA/edit;3;https://drive.google.com/file/d/1sJUehaIcI7f4RxTuBuffWQDqEMGNqtSS/view;#2 - Ana Beatriz Barbosa.png;https://audiovisual-anima.github.io/thumbs-anima/review/casal-lote/e2.png;;;https://www.canva.com/design/DAHRGTBGrHI/edit;Drive tem a versão antiga (casal anterior)
#1;Anima Podcast;Crise de ansiedade: como controlar?;João Marcos Ferreira;Casal novo aplicado;Bloco 11 - Arquivo 2;https://www.canva.com/design/DAHT5YKM5yA/edit;4;https://drive.google.com/file/d/1kDHOTd2ks_LN93IEckG2iFB87GkACrVW/view;#1 - João Marcos Ferreira.png;https://audiovisual-anima.github.io/thumbs-anima/review/casal-lote/e1.png;;;https://www.canva.com/design/DAHRGTBGrHI/edit;Drive tem a versão antiga (casal anterior)
#71;Anima Podcast Saúde;Puerpério sem depressão;Camila Komatsu;Casal Saúde + convidado reenquadrado;Anima Saúde;https://www.canva.com/design/DAHT5dd2JhQ/edit;32;https://drive.google.com/file/d/1NJzcZGODhd_sPMROVt7M3LgpGR5MScYp/view;#71 - Camila Komatsu.png;https://audiovisual-anima.github.io/thumbs-anima/review/saude/e71.png;https://youtu.be/-rZ3Cud_n6E;;https://www.canva.com/design/DAHRWqXOUCY/edit;Drive tem a versão antiga (sem casal)
#70;Anima Podcast Saúde;Pilares de uma vida saudável;Kyra Gracie;Casal Saúde + convidado reenquadrado;Anima Saúde;https://www.canva.com/design/DAHT5dd2JhQ/edit;31;https://drive.google.com/file/d/1Z5yXl17rgCx076wyZDaf1xY1NP7YJ3Or/view;#70 - Kyra Gracie.png;https://audiovisual-anima.github.io/thumbs-anima/review/saude/e70.png;https://youtu.be/efUeVACVoBE;;https://www.canva.com/design/DAHRWqXOUCY/edit;Drive tem a versão antiga (sem casal)
#69;Anima Podcast Saúde;O fim da acne;Rodrigo Borborema;Casal Saúde + convidado reenquadrado;Anima Saúde;https://www.canva.com/design/DAHT5dd2JhQ/edit;30;https://drive.google.com/file/d/1GtM_qp5b-E5frNkHjVsao5uNHLyqAMeK/view;#69 - Rodrigo Borborema.png;https://audiovisual-anima.github.io/thumbs-anima/review/saude/e69.png;https://youtu.be/2oxN4_pHwJ8;;https://www.canva.com/design/DAHRWqXOUCY/edit;Drive tem a versão antiga (sem casal)
#68;Anima Podcast Saúde;Vida plena após a lesão medular;Fran Romanini;Casal Saúde + convidado reenquadrado;Anima Saúde;https://www.canva.com/design/DAHT5dd2JhQ/edit;29;https://drive.google.com/file/d/1WNASUSfloBdSQPrFfkGjTwpAfrUcmXTE/view;#68 - Fran Romanini.png;https://audiovisual-anima.github.io/thumbs-anima/review/saude/e68.png;https://youtu.be/PCnJP3bjnVk;;https://www.canva.com/design/DAHRWqXOUCY/edit;Drive tem a versão antiga (sem casal)
#67;Anima Podcast Saúde;Os sinais ocultos do Parkinson;Pedro Góes;Casal Saúde + convidado reenquadrado;Anima Saúde;https://www.canva.com/design/DAHT5dd2JhQ/edit;28;https://drive.google.com/file/d/1m_bQOzM2nxfvINxw67h-AARD6JpkDg2K/view;#67 - Pedro Goes.png;https://audiovisual-anima.github.io/thumbs-anima/review/saude/e67.png;https://youtu.be/uMglcOXrsxA;;https://www.canva.com/design/DAHRWqXOUCY/edit;Drive tem a versão antiga (sem casal)
#66;Anima Podcast Saúde;Fertilidade e medicina chinesa;Érika Nery;Casal Saúde + convidado reenquadrado;Anima Saúde;https://www.canva.com/design/DAHT5dd2JhQ/edit;27;https://drive.google.com/file/d/1UysCp09rgL4a-PQwd8eZ30G83MRCTtgs/view;#66 - Erika Nery.png;https://audiovisual-anima.github.io/thumbs-anima/review/saude/e66.png;https://youtu.be/V6gYlFr5RcI;;https://www.canva.com/design/DAHRWqXOUCY/edit;Drive tem a versão antiga (sem casal)
#65;Anima Podcast Saúde;Tudo sobre a hipertensão;Pedro Spineti;Casal Saúde + convidado reenquadrado;Anima Saúde;https://www.canva.com/design/DAHT5dd2JhQ/edit;26;https://drive.google.com/file/d/1rQ6syDA3O0NcC6aKCaum7SU1oBbK7oYA/view;#65 - Pedro Spineti.png;https://audiovisual-anima.github.io/thumbs-anima/review/saude/e65.png;https://youtu.be/bqIIDbc3pSE;;https://www.canva.com/design/DAHRWqXOUCY/edit;Drive tem a versão antiga (sem casal)
#64;Anima Podcast Saúde;Maternidade real e saúde mental;Letícia Cazarré;Casal Saúde + convidado reenquadrado;Anima Saúde;https://www.canva.com/design/DAHT5dd2JhQ/edit;25;https://drive.google.com/file/d/1T6VAiUsyihFrxkxBVWgzEfW6abcc9caP/view;#64 - Leticia Cazarre.png;https://audiovisual-anima.github.io/thumbs-anima/review/saude/e64.png;https://youtu.be/WxCNKKitVcs;;https://www.canva.com/design/DAHRWqXOUCY/edit;Drive tem a versão antiga (sem casal)
#63;Anima Podcast Saúde;Proteja a sua memória;Rafaelly Faitanin;Casal Saúde + convidado reenquadrado;Anima Saúde;https://www.canva.com/design/DAHT5dd2JhQ/edit;24;https://drive.google.com/file/d/1cy1PVoZszY5Dsb7Bs_-Lm6sYxMGBq_jJ/view;#63 - Rafaelly Faitanin.png;https://audiovisual-anima.github.io/thumbs-anima/review/saude/e63.png;https://youtu.be/q36VQ5bTN1w;;https://www.canva.com/design/DAHRWqXOUCY/edit;Drive tem a versão antiga (sem casal)
#62;Anima Podcast Saúde;Uma gestação saudável;Elisabete Pinheiro;Casal Saúde + convidado reenquadrado;Anima Saúde;https://www.canva.com/design/DAHT5dd2JhQ/edit;23;https://drive.google.com/file/d/1oTicbvXAHg2aWJ5J4ijlxsJikMkblvYa/view;#62 - Elisabete Pinheiro.png;https://audiovisual-anima.github.io/thumbs-anima/review/saude/e62.png;https://youtu.be/VgUg4O-uoBA;;https://www.canva.com/design/DAHRWqXOUCY/edit;Drive tem a versão antiga (sem casal)
#61;Anima Podcast Saúde;Sua boca afeta toda a saúde;Bella Gurgel;Casal Saúde + convidado reenquadrado;Anima Saúde;https://www.canva.com/design/DAHT5dd2JhQ/edit;22;https://drive.google.com/file/d/1ZwzPK1wF3-db7xqugrPJJY7nFUyFJtQk/view;#61 - Bella Gurgel.png;https://audiovisual-anima.github.io/thumbs-anima/review/saude/e61.png;https://youtu.be/GcAbYiM7b3c;;https://www.canva.com/design/DAHRWqXOUCY/edit;Drive tem a versão antiga (sem casal)
#60;Anima Podcast Saúde;Segredos de uma gravidez saudável;Bruna Pitaluga;Casal Saúde + convidado reenquadrado;Anima Saúde;https://www.canva.com/design/DAHT5dd2JhQ/edit;21;https://drive.google.com/file/d/1o_7K_d9ldM3FDKUORCAbFJBa3HBAJj4Y/view;#60 - Bruna Pitaluga.png;https://audiovisual-anima.github.io/thumbs-anima/review/saude/e60.png;https://youtu.be/5iIbyQG2veI;;https://www.canva.com/design/DAHRWqXOUCY/edit;Drive tem a versão antiga (sem casal)
#59;Anima Podcast Saúde;Mitos sobre a fertilidade;Fernanda Tofoli;Casal Saúde + convidado reenquadrado;Anima Saúde;https://www.canva.com/design/DAHT5dd2JhQ/edit;20;https://drive.google.com/file/d/1jQOD9ZKjtLVVHlC3obZwImAdH8dy2av8/view;#59 - Fernanda Tofoli.png;https://audiovisual-anima.github.io/thumbs-anima/review/saude/e59.png;https://youtu.be/g_s-p93r8kg;;https://www.canva.com/design/DAHRWqXOUCY/edit;Drive tem a versão antiga (sem casal)
#58;Anima Podcast Saúde;Como identificar um narcisista;Rachel Rebouças;Casal Saúde + convidado reenquadrado;Anima Saúde;https://www.canva.com/design/DAHT5dd2JhQ/edit;19;https://drive.google.com/file/d/1tI9NT_RbfpJPRN3wAGe5kjOfBWniKf2E/view;#58 - Rachel Reboucas.png;https://audiovisual-anima.github.io/thumbs-anima/review/saude/e58.png;https://youtu.be/W_Za0F3LEBE;;https://www.canva.com/design/DAHRWqXOUCY/edit;Drive tem a versão antiga (sem casal)
#57;Anima Podcast Saúde;Engravidar com SOP;Caroline Cristofari;Casal Saúde + convidado reenquadrado;Anima Saúde;https://www.canva.com/design/DAHT5dd2JhQ/edit;18;https://drive.google.com/file/d/1Xq0V1fx-99eDzxvfIn3QZtBH9e458ctc/view;#57 - Caroline Cristofari.png;https://audiovisual-anima.github.io/thumbs-anima/review/saude/e57.png;https://youtu.be/3pxWlpaUL3I;;https://www.canva.com/design/DAHRWqXOUCY/edit;Drive tem a versão antiga (sem casal)
#56;Anima Podcast Saúde;Dor na relação e o prazer;Dalila Faleiro;Casal Saúde + convidado reenquadrado;Anima Saúde;https://www.canva.com/design/DAHT5dd2JhQ/edit;17;https://drive.google.com/file/d/1ux3aMYrYD8ZIR1f23M9XSVaeYJJW8y3g/view;#56 - Dalila Faleiro.png;https://audiovisual-anima.github.io/thumbs-anima/review/saude/e56.png;https://youtu.be/qxQcaD8V_ac;;https://www.canva.com/design/DAHRWqXOUCY/edit;Drive tem a versão antiga (sem casal)
#55;Anima Podcast Saúde;Tudo sobre o diabetes;Rodrigo Mendes;Casal Saúde + convidado reenquadrado;Anima Saúde;https://www.canva.com/design/DAHT5dd2JhQ/edit;16;https://drive.google.com/file/d/1cObOgkxHOmybODbMsJMxrj7UInRqMpZM/view;#55 - Rodrigo Mendes.png;https://audiovisual-anima.github.io/thumbs-anima/review/saude/e55.png;https://youtu.be/zIbem2D7O_I;;https://www.canva.com/design/DAHRWqXOUCY/edit;Drive tem a versão antiga (sem casal)
#54;Anima Podcast Saúde;Como vencer o vício em nicotina;Lourenço Alencar e Luísa Peleja;Casal Saúde + convidado reenquadrado;Anima Saúde;https://www.canva.com/design/DAHT5dd2JhQ/edit;15;https://drive.google.com/file/d/1uVfDykbZmNQj1CWAZp0j2t1gCgocP0FV/view;#54 - Lourenco Alencar e Luisa Peleja.png;https://audiovisual-anima.github.io/thumbs-anima/review/saude/e54.png;https://youtu.be/cXpBnC7f_Ks;;https://www.canva.com/design/DAHRWqXOUCY/edit;Drive tem a versão antiga (sem casal)
#53;Anima Podcast Saúde;Anticoncepcional, SOP e endometriose;Gabriel Arreguy;Casal Saúde + convidado reenquadrado;Anima Saúde;https://www.canva.com/design/DAHT5dd2JhQ/edit;14;https://drive.google.com/file/d/1e-RB7u9uPAdGgtSo2WhoYM2fckxMtAky/view;#53 - Gabriel Arreguy.png;https://audiovisual-anima.github.io/thumbs-anima/review/saude/e53.png;https://youtu.be/Z1vPnDNOilQ;;https://www.canva.com/design/DAHRWqXOUCY/edit;Drive tem a versão antiga (sem casal)
#52;Anima Podcast Saúde;Câncer de intestino;Clarisse Casali;Casal Saúde + convidado reenquadrado;Anima Saúde;https://www.canva.com/design/DAHT5dd2JhQ/edit;13;https://drive.google.com/file/d/1_7lvAuIQhOCvOJo0y4dow1Zx2rpSsCXB/view;#52 - Clarisse Casali.png;https://audiovisual-anima.github.io/thumbs-anima/review/saude/e52.png;https://youtu.be/Fj00CaWzB2A;;https://www.canva.com/design/DAHRWqXOUCY/edit;Drive tem a versão antiga (sem casal)
#51;Anima Podcast Saúde;Cardio ou musculação?;Tony Geremias;Casal Saúde + convidado reenquadrado;Anima Saúde;https://www.canva.com/design/DAHT5dd2JhQ/edit;12;https://drive.google.com/file/d/1Joy0gRX2pb8kvkGVZmIjGhwfYL7-yA4F/view;#51 - Tony Geremias.png;https://audiovisual-anima.github.io/thumbs-anima/review/saude/e51.png;https://youtu.be/rmStVMjdBQA;;https://www.canva.com/design/DAHRWqXOUCY/edit;Drive tem a versão antiga (sem casal)
#50;Anima Podcast Saúde;O segredo da longevidade;Erika Vidal;Casal Saúde + convidado reenquadrado;Anima Saúde;https://www.canva.com/design/DAHT5dd2JhQ/edit;11;https://drive.google.com/file/d/1zjMkxbJcPzKYBTrXdZvmdA0NoBLMH5YY/view;#50 - Erika Vidal.png;https://audiovisual-anima.github.io/thumbs-anima/review/saude/e50.png;https://youtu.be/c_GM_AichRU;;https://www.canva.com/design/DAHRWqXOUCY/edit;Drive tem a versão antiga (sem casal)
#49;Anima Podcast Saúde;Você está inflamada?;Géssica Andrade;Casal Saúde + convidado reenquadrado;Anima Saúde;https://www.canva.com/design/DAHT5dd2JhQ/edit;10;https://drive.google.com/file/d/1I74sSdsD1YnQK2QCgRtZGCxngpRP21m8/view;#49 - Gessica Andrade.png;https://audiovisual-anima.github.io/thumbs-anima/review/saude/e49.png;https://youtu.be/zjVIILeHO4s;;https://www.canva.com/design/DAHRWqXOUCY/edit;Drive tem a versão antiga (sem casal)
#48;Anima Podcast Saúde;Cuidados com a pele na gestação;Bruno Messias;Casal Saúde + convidado reenquadrado;Anima Saúde;https://www.canva.com/design/DAHT5dd2JhQ/edit;9;https://drive.google.com/file/d/1WCQNLrbyOaHL0PfSRe7wI3T0IR0HsMrf/view;#48 - Bruno Messias.png;https://audiovisual-anima.github.io/thumbs-anima/review/saude/e48.png;https://youtu.be/UjqT1GkZc3g;;https://www.canva.com/design/DAHRWqXOUCY/edit;Drive tem a versão antiga (sem casal)
#47;Anima Podcast Saúde;A psicologia dos hábitos;Aline Cantarelli;Casal Saúde + convidado reenquadrado;Anima Saúde;https://www.canva.com/design/DAHT5dd2JhQ/edit;8;https://drive.google.com/file/d/1Y8-WTy-CFnk94VzbKRbMYVaaG1Ca23cz/view;#47 - Aline Cantarelli.png;https://audiovisual-anima.github.io/thumbs-anima/review/saude/e47.png;https://youtu.be/BftLTzYV5UQ;;https://www.canva.com/design/DAHRWqXOUCY/edit;Drive tem a versão antiga (sem casal)
#46;Anima Podcast Saúde;A transição da menopausa;Isabela Bussade;Casal Saúde + convidado reenquadrado;Anima Saúde;https://www.canva.com/design/DAHT5dd2JhQ/edit;7;https://drive.google.com/file/d/10kEh4MjXAY0uohotM-3NJ9RcYrto01Sl/view;#46 - Isabela Bussade.png;https://audiovisual-anima.github.io/thumbs-anima/review/saude/e46.png;https://youtu.be/phZohDqtjhs;;https://www.canva.com/design/DAHRWqXOUCY/edit;Drive tem a versão antiga (sem casal)
#11;Anima Podcast Saúde;Os 4 temperamentos no rosto;Clarissa Caramez;Casal Saúde + convidado reenquadrado;Anima Saúde;https://www.canva.com/design/DAHT5dd2JhQ/edit;6;https://drive.google.com/file/d/1bY8uzetEJGiT4Tp_1QdWm1V0wlwtPv-z/view;#11 - Clarissa Caramez.png;https://audiovisual-anima.github.io/thumbs-anima/review/saude/e11.png;https://youtu.be/lBzF_ToyJ7Q;;https://www.canva.com/design/DAHRWqXOUCY/edit;Drive tem a versão antiga (sem casal)
#10;Anima Podcast Saúde;Como aliviar dores crônicas;Leonardo Avila;Casal Saúde + convidado reenquadrado;Anima Saúde;https://www.canva.com/design/DAHT5dd2JhQ/edit;5;https://drive.google.com/file/d/1EPuyyHxpgij0TGbjtgO2T4-gsWnoIwpX/view;#10 - Leonardo Avila.png;https://audiovisual-anima.github.io/thumbs-anima/review/saude/e10.png;https://youtu.be/f6gPwWNvQDo;;https://www.canva.com/design/DAHRWqXOUCY/edit;Drive tem a versão antiga (sem casal)
#9;Anima Podcast Saúde;Medicina com propósito;Gil Gabriel;Casal Saúde + convidado reenquadrado;Anima Saúde;https://www.canva.com/design/DAHT5dd2JhQ/edit;4;https://drive.google.com/file/d/1v621vBp2rWYU9BTWQjn6iQvT-XBS6U1Q/view;#9 - Gil Gabriel.png;https://audiovisual-anima.github.io/thumbs-anima/review/saude/e9.png;https://youtu.be/TtHGdvUx4s8;;https://www.canva.com/design/DAHRWqXOUCY/edit;Drive tem a versão antiga (sem casal)
#8;Anima Podcast Saúde;Por que estamos tão ansiosos?;Bruno Lamoglia;Casal Saúde + convidado reenquadrado;Anima Saúde;https://www.canva.com/design/DAHT5dd2JhQ/edit;3;https://drive.google.com/file/d/1IJHRGSm-no7G8d6nCzMr7gPFW-_gAT4a/view;#8 - Bruno Lamoglia.png;https://audiovisual-anima.github.io/thumbs-anima/review/saude/e8.png;https://youtu.be/RmY6r3sZxGo;;https://www.canva.com/design/DAHRWqXOUCY/edit;Drive tem a versão antiga (sem casal)
#7;Anima Podcast Saúde;Sinais de alerta do autismo;Angélica Ávila;Casal Saúde + convidado reenquadrado;Anima Saúde;https://www.canva.com/design/DAHT5dd2JhQ/edit;2;https://drive.google.com/file/d/18ZfX7qKnN5rq2VWPaJEtB8cMUGLusDHD/view;#7 - Angelica Avila.png;https://audiovisual-anima.github.io/thumbs-anima/review/saude/e7.png;https://youtu.be/nk75BC7L090;;https://www.canva.com/design/DAHRWqXOUCY/edit;Drive tem a versão antiga (sem casal)
#5;Anima Podcast Saúde;Cólicas e refluxos do bebê;José Eduardo;Casal Saúde + convidado reenquadrado;Anima Saúde;https://www.canva.com/design/DAHT5dd2JhQ/edit;1;https://drive.google.com/file/d/1JB1ivS_zyKuJA4yM-u4nFhYBjlynJKHK/view;#5 - Jose Eduardo.png;https://audiovisual-anima.github.io/thumbs-anima/review/saude/e5.png;https://youtu.be/oCysmcM3NAw;;https://www.canva.com/design/DAHRWqXOUCY/edit;Drive tem a versão antiga (sem casal)
